2026-08-24 15:09:08,476 - INFO - Loaded master data from cache.
2026-08-24 15:09:08,477 - INFO - Fetching: Andhra Pradesh - Alluri Sitharama Raju | A+Ve | Packed Red Blood Cells
2026-08-24 15:09:08,716 - INFO - Saved 5 rows.
2026-08-24 15:09:08,716 - INFO - Fetching: Andhra Pradesh - Alluri Sitharama Raju | A-Ve | Packed Red Blood Cells
2026-08-24 15:09:08,952 - INFO - Saved 5 rows.
2026-08-24 15:09:08,952 - INFO - Fetching: Andhra Pradesh - Alluri Sitharama Raju | B+Ve | Packed Red Blood Cells
2026-08-24 15:09:09,150 - INFO - Saved 5 rows.
2026-08-24 15:09:09,150 - INFO - Fetching: Andhra Pradesh - Alluri Sitharama Raju | B-Ve | Packed Red Blood Cells
2026-08-24 15:09:09,372 - INFO - Saved 5 rows.
2026-08-24 15:09:09,372 - INFO - Fetching: Andhra Pradesh - East Godavari | A+Ve | Packed Red Blood Cells
2026-08-24 15:09:09,598 - INFO - Saved 16 rows.
2026-08-24 15:09:09,598 - INFO - Fetching: Andhra Pradesh - East Godavari | A-Ve | Packed Red Blood Cells
2026-08-24 15:09:09,804 - INFO - Saved 16 rows.
2026-08-24 15:09:09,804 - INFO - Fetching: Andhra Pradesh - East Godavari | B+Ve | Packed Red Blood Cells
2026-08-24 15:09:10,102 - INFO - Saved 16 rows.
2026-08-24 15:09:10,102 - INFO - Fetching: Andhra Pradesh - East Godavari | B-Ve | Packed Red Blood Cells
2026-08-24 15:09:10,351 - INFO - Saved 16 rows.
2026-08-24 15:09:10,351 - INFO - Collection complete. Fetched 84 total records to blood_data.csv.
2026-08-24 09:47:26,551 - INFO - Loaded master data from cache.
2026-08-24 09:47:26,551 - INFO - Fetching: Andhra Pradesh - Alluri Sitharama Raju | A+Ve | Packed Red Blood Cells
2026-08-24 09:47:32,665 - INFO - Saved 5 rows.
2026-08-24 09:47:32,665 - INFO - Fetching: Andhra Pradesh - Alluri Sitharama Raju | A-Ve | Packed Red Blood Cells
2026-08-24 09:47:34,643 - INFO - Saved 5 rows.
2026-08-24 09:47:34,643 - INFO - Fetching: Andhra Pradesh - Alluri Sitharama Raju | B+Ve | Packed Red Blood Cells
2026-08-24 09:47:35,991 - INFO - Saved 5 rows.
2026-08-24 09:47:35,991 - INFO - Fetching: Andhra Pradesh - Alluri Sitharama Raju | B-Ve | Packed Red Blood Cells
2026-08-24 09:47:37,282 - INFO - Saved 5 rows.
2026-08-24 09:47:37,282 - INFO - Fetching: Andhra Pradesh - East Godavari | A+Ve | Packed Red Blood Cells
2026-08-24 09:47:48,043 - INFO - Saved 16 rows.
2026-08-24 09:47:48,043 - INFO - Fetching: Andhra Pradesh - East Godavari | A-Ve | Packed Red Blood Cells
2026-08-24 09:47:49,419 - INFO - Saved 16 rows.
2026-08-24 09:47:49,419 - INFO - Fetching: Andhra Pradesh - East Godavari | B+Ve | Packed Red Blood Cells
2026-08-24 09:47:50,892 - INFO - Saved 16 rows.
2026-08-24 09:47:50,892 - INFO - Fetching: Andhra Pradesh - East Godavari | B-Ve | Packed Red Blood Cells
2026-08-24 09:47:52,274 - INFO - Saved 16 rows.
2026-08-24 09:47:52,274 - INFO - Collection complete. Fetched 84 total records to blood_data.csv.
2026-08-25 02:03:27,805 - INFO - Loaded master data from cache.
2026-08-25 02:03:27,805 - INFO - Fetching: Andhra Pradesh - Alluri Sitharama Raju | A+Ve | Packed Red Blood Cells
2026-08-25 02:03:30,612 - INFO - Saved 5 rows.
2026-08-25 02:03:30,612 - INFO - Fetching: Andhra Pradesh - Alluri Sitharama Raju | A-Ve | Packed Red Blood Cells
2026-08-25 02:03:31,848 - INFO - Saved 5 rows.
2026-08-25 02:03:31,848 - INFO - Fetching: Andhra Pradesh - Alluri Sitharama Raju | B+Ve | Packed Red Blood Cells
2026-08-25 02:03:36,806 - INFO - Saved 5 rows.
2026-08-25 02:03:36,806 - INFO - Fetching: Andhra Pradesh - Alluri Sitharama Raju | B-Ve | Packed Red Blood Cells
2026-08-25 02:03:38,296 - INFO - Saved 5 rows.
2026-08-25 02:03:38,296 - INFO - Fetching: Andhra Pradesh - East Godavari | A+Ve | Packed Red Blood Cells
2026-08-25 02:03:44,263 - INFO - Saved 16 rows.
2026-08-25 02:03:44,263 - INFO - Fetching: Andhra Pradesh - East Godavari | A-Ve | Packed Red Blood Cells
2026-08-25 02:03:48,912 - INFO - Saved 16 rows.
2026-08-25 02:03:48,912 - INFO - Fetching: Andhra Pradesh - East Godavari | B+Ve | Packed Red Blood Cells
2026-08-25 02:03:49,900 - INFO - Saved 16 rows.
2026-08-25 02:03:49,900 - INFO - Fetching: Andhra Pradesh - East Godavari | B-Ve | Packed Red Blood Cells
2026-08-25 02:03:51,119 - INFO - Saved 16 rows.
2026-08-25 02:03:51,119 - INFO - Collection complete. Fetched 84 total records to blood_data.csv.
2026-08-26 02:09:50,403 - INFO - Loaded master data from cache.
2026-08-26 02:09:50,403 - INFO - Fetching: Andhra Pradesh - Alluri Sitharama Raju | A+Ve | Packed Red Blood Cells
2026-08-26 02:09:51,875 - INFO - Saved 5 rows.
2026-08-26 02:09:51,875 - INFO - Fetching: Andhra Pradesh - Alluri Sitharama Raju | A-Ve | Packed Red Blood Cells
2026-08-26 02:09:55,270 - INFO - Saved 5 rows.
2026-08-26 02:09:55,270 - INFO - Fetching: Andhra Pradesh - Alluri Sitharama Raju | B+Ve | Packed Red Blood Cells
2026-08-26 02:09:56,506 - INFO - Saved 5 rows.
2026-08-26 02:09:56,506 - INFO - Fetching: Andhra Pradesh - Alluri Sitharama Raju | B-Ve | Packed Red Blood Cells
2026-08-26 02:09:58,071 - INFO - Saved 5 rows.
2026-08-26 02:09:58,071 - INFO - Fetching: Andhra Pradesh - East Godavari | A+Ve | Packed Red Blood Cells
2026-08-26 02:09:59,462 - INFO - Saved 16 rows.
2026-08-26 02:09:59,462 - INFO - Fetching: Andhra Pradesh - East Godavari | A-Ve | Packed Red Blood Cells
2026-08-26 02:10:00,890 - INFO - Saved 16 rows.
2026-08-26 02:10:00,890 - INFO - Fetching: Andhra Pradesh - East Godavari | B+Ve | Packed Red Blood Cells
2026-08-26 02:10:02,312 - INFO - Saved 16 rows.
2026-08-26 02:10:02,312 - INFO - Fetching: Andhra Pradesh - East Godavari | B-Ve | Packed Red Blood Cells
2026-08-26 02:10:03,456 - INFO - Saved 16 rows.
2026-08-26 02:10:03,456 - INFO - Collection complete. Fetched 84 total records to blood_data.csv.
2026-08-27 10:09:42,829 - INFO - Loaded master data from cache.
2026-08-27 10:09:42,830 - INFO - Fetching: Andhra Pradesh - Alluri Sitharama Raju | A+Ve | Packed Red Blood Cells
2026-08-27 10:09:44,456 - INFO - Saved 5 rows.
2026-08-27 10:09:44,456 - INFO - Fetching: Andhra Pradesh - Alluri Sitharama Raju | A-Ve | Packed Red Blood Cells
2026-08-27 10:09:45,919 - INFO - Saved 5 rows.
2026-08-27 10:09:45,919 - INFO - Fetching: Andhra Pradesh - Alluri Sitharama Raju | B+Ve | Packed Red Blood Cells
2026-08-27 10:09:47,210 - INFO - Saved 5 rows.
2026-08-27 10:09:47,210 - INFO - Fetching: Andhra Pradesh - Alluri Sitharama Raju | B-Ve | Packed Red Blood Cells
2026-08-27 10:09:48,762 - INFO - Saved 5 rows.
2026-08-27 10:09:48,762 - INFO - Fetching: Andhra Pradesh - East Godavari | A+Ve | Packed Red Blood Cells
2026-08-27 10:09:49,730 - INFO - Saved 16 rows.
2026-08-27 10:09:49,730 - INFO - Fetching: Andhra Pradesh - East Godavari | A-Ve | Packed Red Blood Cells
2026-08-27 10:09:51,209 - INFO - Saved 16 rows.
2026-08-27 10:09:51,209 - INFO - Fetching: Andhra Pradesh - East Godavari | B+Ve | Packed Red Blood Cells
2026-08-27 10:09:52,248 - INFO - Saved 16 rows.
2026-08-27 10:09:52,248 - INFO - Fetching: Andhra Pradesh - East Godavari | B-Ve | Packed Red Blood Cells
2026-08-27 10:09:53,756 - INFO - Saved 16 rows.
2026-08-27 10:09:53,756 - INFO - Collection complete. Fetched 84 total records to blood_data.csv.
2026-08-28 11:40:51,146 - INFO - Loaded master data from cache.
2026-08-28 11:40:51,146 - INFO - Fetching: Andhra Pradesh - Alluri Sitharama Raju | A+Ve | Packed Red Blood Cells
2026-08-28 11:40:52,281 - INFO - Saved 5 rows.
2026-08-28 11:40:52,282 - INFO - Fetching: Andhra Pradesh - Alluri Sitharama Raju | A-Ve | Packed Red Blood Cells
2026-08-28 11:40:53,369 - INFO - Saved 5 rows.
2026-08-28 11:40:53,369 - INFO - Fetching: Andhra Pradesh - Alluri Sitharama Raju | B+Ve | Packed Red Blood Cells
2026-08-28 11:40:54,523 - INFO - Saved 5 rows.
2026-08-28 11:40:54,523 - INFO - Fetching: Andhra Pradesh - Alluri Sitharama Raju | B-Ve | Packed Red Blood Cells
2026-08-28 11:40:55,638 - INFO - Saved 5 rows.
2026-08-28 11:40:55,638 - INFO - Fetching: Andhra Pradesh - East Godavari | A+Ve | Packed Red Blood Cells
2026-08-28 11:40:56,800 - INFO - Saved 16 rows.
2026-08-28 11:40:56,800 - INFO - Fetching: Andhra Pradesh - East Godavari | A-Ve | Packed Red Blood Cells
2026-08-28 11:40:57,744 - INFO - Saved 16 rows.
2026-08-28 11:40:57,744 - INFO - Fetching: Andhra Pradesh - East Godavari | B+Ve | Packed Red Blood Cells
2026-08-28 11:40:58,883 - INFO - Saved 16 rows.
2026-08-28 11:40:58,883 - INFO - Fetching: Andhra Pradesh - East Godavari | B-Ve | Packed Red Blood Cells
2026-08-28 11:40:59,781 - INFO - Saved 16 rows.
2026-08-28 11:40:59,781 - INFO - Collection complete. Fetched 84 total records to blood_data.csv.
2026-08-29 06:45:08,449 - INFO - Loaded master data from cache.
2026-08-29 06:45:08,449 - INFO - Fetching: Andhra Pradesh - Alluri Sitharama Raju | A+Ve | Packed Red Blood Cells
2026-08-29 06:45:09,908 - INFO - Saved 5 rows.
2026-08-29 06:45:09,908 - INFO - Fetching: Andhra Pradesh - Alluri Sitharama Raju | A-Ve | Packed Red Blood Cells
2026-08-29 06:45:11,255 - INFO - Saved 5 rows.
2026-08-29 06:45:11,255 - INFO - Fetching: Andhra Pradesh - Alluri Sitharama Raju | B+Ve | Packed Red Blood Cells
2026-08-29 06:45:12,410 - INFO - Saved 5 rows.
2026-08-29 06:45:12,410 - INFO - Fetching: Andhra Pradesh - Alluri Sitharama Raju | B-Ve | Packed Red Blood Cells
2026-08-29 06:45:13,561 - INFO - Saved 5 rows.
2026-08-29 06:45:13,561 - INFO - Fetching: Andhra Pradesh - East Godavari | A+Ve | Packed Red Blood Cells
2026-08-29 06:45:14,726 - INFO - Saved 16 rows.
2026-08-29 06:45:14,726 - INFO - Fetching: Andhra Pradesh - East Godavari | A-Ve | Packed Red Blood Cells
2026-08-29 06:45:16,020 - INFO - Saved 16 rows.
2026-08-29 06:45:16,020 - INFO - Fetching: Andhra Pradesh - East Godavari | B+Ve | Packed Red Blood Cells
2026-08-29 06:45:17,154 - INFO - Saved 16 rows.
2026-08-29 06:45:17,154 - INFO - Fetching: Andhra Pradesh - East Godavari | B-Ve | Packed Red Blood Cells
2026-08-29 06:45:18,265 - INFO - Saved 16 rows.
2026-08-29 06:45:18,265 - INFO - Collection complete. Fetched 84 total records to blood_data.csv.
2026-08-29 07:17:13,289 - INFO - Loaded master data from cache.
2026-08-29 07:17:13,289 - INFO - Fetching: Andhra Pradesh - Alluri Sitharama Raju | A+Ve | Packed Red Blood Cells
2026-08-29 07:17:15,132 - INFO - Saved 5 rows.
2026-08-29 07:17:15,132 - INFO - Fetching: Andhra Pradesh - Alluri Sitharama Raju | A-Ve | Packed Red Blood Cells
2026-08-29 07:17:16,546 - INFO - Saved 5 rows.
2026-08-29 07:17:16,546 - INFO - Fetching: Andhra Pradesh - Alluri Sitharama Raju | B+Ve | Packed Red Blood Cells
2026-08-29 07:17:18,005 - INFO - Saved 5 rows.
2026-08-29 07:17:18,005 - INFO - Fetching: Andhra Pradesh - Alluri Sitharama Raju | B-Ve | Packed Red Blood Cells
2026-08-29 07:17:19,357 - INFO - Saved 5 rows.
2026-08-29 07:17:19,357 - INFO - Fetching: Andhra Pradesh - East Godavari | A+Ve | Packed Red Blood Cells
2026-08-29 07:17:20,628 - INFO - Saved 16 rows.
2026-08-29 07:17:20,629 - INFO - Fetching: Andhra Pradesh - East Godavari | A-Ve | Packed Red Blood Cells
2026-08-29 07:17:21,971 - INFO - Saved 16 rows.
2026-08-29 07:17:21,971 - INFO - Fetching: Andhra Pradesh - East Godavari | B+Ve | Packed Red Blood Cells
2026-08-29 07:17:22,866 - INFO - Saved 16 rows.
2026-08-29 07:17:22,867 - INFO - Fetching: Andhra Pradesh - East Godavari | B-Ve | Packed Red Blood Cells
2026-08-29 07:17:24,530 - INFO - Saved 16 rows.
2026-08-29 07:17:24,530 - INFO - Collection complete. Fetched 84 total records to blood_data.csv.
2026-08-30 05:41:05,036 - INFO - Loaded master data from cache.
2026-08-30 05:41:05,037 - INFO - Fetching: Andhra Pradesh - Alluri Sitharama Raju | A+Ve | Packed Red Blood Cells
2026-08-30 05:41:06,454 - INFO - Saved 5 rows.
2026-08-30 05:41:06,454 - INFO - Fetching: Andhra Pradesh - Alluri Sitharama Raju | A-Ve | Packed Red Blood Cells
2026-08-30 05:41:08,101 - INFO - Saved 5 rows.
2026-08-30 05:41:08,101 - INFO - Fetching: Andhra Pradesh - Alluri Sitharama Raju | B+Ve | Packed Red Blood Cells
2026-08-30 05:41:09,554 - INFO - Saved 5 rows.
2026-08-30 05:41:09,554 - INFO - Fetching: Andhra Pradesh - Alluri Sitharama Raju | B-Ve | Packed Red Blood Cells
2026-08-30 05:41:10,678 - INFO - Saved 5 rows.
2026-08-30 05:41:10,678 - INFO - Fetching: Andhra Pradesh - East Godavari | A+Ve | Packed Red Blood Cells
2026-08-30 05:41:11,991 - INFO - Saved 16 rows.
2026-08-30 05:41:11,991 - INFO - Fetching: Andhra Pradesh - East Godavari | A-Ve | Packed Red Blood Cells
2026-08-30 05:41:13,361 - INFO - Saved 16 rows.
2026-08-30 05:41:13,361 - INFO - Fetching: Andhra Pradesh - East Godavari | B+Ve | Packed Red Blood Cells
2026-08-30 05:41:14,499 - INFO - Saved 16 rows.
2026-08-30 05:41:14,499 - INFO - Fetching: Andhra Pradesh - East Godavari | B-Ve | Packed Red Blood Cells
2026-08-30 05:41:15,390 - INFO - Saved 16 rows.
2026-08-30 05:41:15,390 - INFO - Collection complete. Fetched 84 total records to blood_data.csv.
2026-08-31 05:57:27,918 - INFO - Loaded master data from cache.
2026-08-31 05:57:27,918 - INFO - Fetching: Andhra Pradesh - Alluri Sitharama Raju | A+Ve | Packed Red Blood Cells
2026-08-31 05:57:29,505 - INFO - Saved 5 rows.
2026-08-31 05:57:29,505 - INFO - Fetching: Andhra Pradesh - Alluri Sitharama Raju | A-Ve | Packed Red Blood Cells
2026-08-31 05:57:30,816 - INFO - Saved 5 rows.
2026-08-31 05:57:30,816 - INFO - Fetching: Andhra Pradesh - Alluri Sitharama Raju | B+Ve | Packed Red Blood Cells
2026-08-31 05:57:32,115 - INFO - Saved 5 rows.
2026-08-31 05:57:32,115 - INFO - Fetching: Andhra Pradesh - Alluri Sitharama Raju | B-Ve | Packed Red Blood Cells
2026-08-31 05:57:33,423 - INFO - Saved 5 rows.
2026-08-31 05:57:33,423 - INFO - Fetching: Andhra Pradesh - East Godavari | A+Ve | Packed Red Blood Cells
2026-08-31 05:57:34,453 - INFO - Saved 16 rows.
2026-08-31 05:57:34,453 - INFO - Fetching: Andhra Pradesh - East Godavari | A-Ve | Packed Red Blood Cells
2026-08-31 05:57:35,780 - INFO - Saved 16 rows.
2026-08-31 05:57:35,780 - INFO - Fetching: Andhra Pradesh - East Godavari | B+Ve | Packed Red Blood Cells
2026-08-31 05:57:36,823 - INFO - Saved 16 rows.
2026-08-31 05:57:36,823 - INFO - Fetching: Andhra Pradesh - East Godavari | B-Ve | Packed Red Blood Cells
2026-08-31 05:57:37,897 - INFO - Saved 16 rows.
2026-08-31 05:57:37,897 - INFO - Collection complete. Fetched 84 total records to blood_data.csv.
2026-09-01 05:30:36,383 - INFO - Loaded master data from cache.
2026-09-01 05:30:36,383 - INFO - Fetching: Andhra Pradesh - Alluri Sitharama Raju | A+Ve | Packed Red Blood Cells
2026-09-01 05:30:37,981 - INFO - Saved 5 rows.
2026-09-01 05:30:37,981 - INFO - Fetching: Andhra Pradesh - Alluri Sitharama Raju | A-Ve | Packed Red Blood Cells
2026-09-01 05:30:39,190 - INFO - Saved 5 rows.
2026-09-01 05:30:39,190 - INFO - Fetching: Andhra Pradesh - Alluri Sitharama Raju | B+Ve | Packed Red Blood Cells
2026-09-01 05:30:40,520 - INFO - Saved 5 rows.
2026-09-01 05:30:40,521 - INFO - Fetching: Andhra Pradesh - Alluri Sitharama Raju | B-Ve | Packed Red Blood Cells
2026-09-01 05:30:41,654 - INFO - Saved 5 rows.
2026-09-01 05:30:41,654 - INFO - Fetching: Andhra Pradesh - East Godavari | A+Ve | Packed Red Blood Cells
2026-09-01 05:30:42,845 - INFO - Saved 16 rows.
2026-09-01 05:30:42,845 - INFO - Fetching: Andhra Pradesh - East Godavari | A-Ve | Packed Red Blood Cells
2026-09-01 05:30:43,978 - INFO - Saved 16 rows.
2026-09-01 05:30:43,978 - INFO - Fetching: Andhra Pradesh - East Godavari | B+Ve | Packed Red Blood Cells
2026-09-01 05:30:45,125 - INFO - Saved 16 rows.
2026-09-01 05:30:45,125 - INFO - Fetching: Andhra Pradesh - East Godavari | B-Ve | Packed Red Blood Cells
2026-09-01 05:30:46,516 - INFO - Saved 16 rows.
2026-09-01 05:30:46,516 - INFO - Collection complete. Fetched 84 total records to blood_data.csv.
2026-09-02 04:56:30,403 - INFO - Loaded master data from cache.
2026-09-02 04:56:30,403 - INFO - Fetching: Andhra Pradesh - Alluri Sitharama Raju | A+Ve | Packed Red Blood Cells
2026-09-02 04:56:31,790 - INFO - Saved 5 rows.
2026-09-02 04:56:31,790 - INFO - Fetching: Andhra Pradesh - Alluri Sitharama Raju | A-Ve | Packed Red Blood Cells
2026-09-02 04:56:32,992 - INFO - Saved 5 rows.
2026-09-02 04:56:32,992 - INFO - Fetching: Andhra Pradesh - Alluri Sitharama Raju | B+Ve | Packed Red Blood Cells
2026-09-02 04:56:34,185 - INFO - Saved 5 rows.
2026-09-02 04:56:34,185 - INFO - Fetching: Andhra Pradesh - Alluri Sitharama Raju | B-Ve | Packed Red Blood Cells
2026-09-02 04:56:35,653 - INFO - Saved 5 rows.
2026-09-02 04:56:35,653 - INFO - Fetching: Andhra Pradesh - East Godavari | A+Ve | Packed Red Blood Cells
2026-09-02 04:56:36,781 - INFO - Saved 16 rows.
2026-09-02 04:56:36,781 - INFO - Fetching: Andhra Pradesh - East Godavari | A-Ve | Packed Red Blood Cells
2026-09-02 04:56:38,168 - INFO - Saved 16 rows.
2026-09-02 04:56:38,168 - INFO - Fetching: Andhra Pradesh - East Godavari | B+Ve | Packed Red Blood Cells
2026-09-02 04:56:39,367 - INFO - Saved 16 rows.
2026-09-02 04:56:39,367 - INFO - Fetching: Andhra Pradesh - East Godavari | B-Ve | Packed Red Blood Cells
2026-09-02 04:56:40,290 - INFO - Saved 16 rows.
2026-09-02 04:56:40,290 - INFO - Collection complete. Fetched 84 total records to blood_data.csv.
2026-09-03 04:53:40,450 - INFO - Loaded master data from cache.
2026-09-03 04:53:40,450 - INFO - Fetching: Andhra Pradesh - Alluri Sitharama Raju | A+Ve | Packed Red Blood Cells
2026-09-03 04:53:42,008 - INFO - Saved 5 rows.
2026-09-03 04:53:42,008 - INFO - Fetching: Andhra Pradesh - Alluri Sitharama Raju | A-Ve | Packed Red Blood Cells
2026-09-03 04:53:43,547 - INFO - Saved 5 rows.
2026-09-03 04:53:43,547 - INFO - Fetching: Andhra Pradesh - Alluri Sitharama Raju | B+Ve | Packed Red Blood Cells
2026-09-03 04:53:45,070 - INFO - Saved 5 rows.
2026-09-03 04:53:45,070 - INFO - Fetching: Andhra Pradesh - Alluri Sitharama Raju | B-Ve | Packed Red Blood Cells
2026-09-03 04:53:46,576 - INFO - Saved 5 rows.
2026-09-03 04:53:46,576 - INFO - Fetching: Andhra Pradesh - East Godavari | A+Ve | Packed Red Blood Cells
2026-09-03 04:53:48,124 - INFO - Saved 16 rows.
2026-09-03 04:53:48,124 - INFO - Fetching: Andhra Pradesh - East Godavari | A-Ve | Packed Red Blood Cells
2026-09-03 04:53:49,423 - INFO - Saved 16 rows.
2026-09-03 04:53:49,423 - INFO - Fetching: Andhra Pradesh - East Godavari | B+Ve | Packed Red Blood Cells
2026-09-03 04:53:50,716 - INFO - Saved 16 rows.
2026-09-03 04:53:50,716 - INFO - Fetching: Andhra Pradesh - East Godavari | B-Ve | Packed Red Blood Cells
2026-09-03 04:53:51,741 - INFO - Saved 16 rows.
2026-09-03 04:53:51,741 - INFO - Collection complete. Fetched 84 total records to blood_data.csv.
2026-09-04 04:58:26,283 - INFO - Loaded master data from cache.
2026-09-04 04:58:26,283 - INFO - Fetching: Andhra Pradesh - Alluri Sitharama Raju | A+Ve | Packed Red Blood Cells
2026-09-04 04:58:27,570 - INFO - Saved 5 rows.
2026-09-04 04:58:27,571 - INFO - Fetching: Andhra Pradesh - Alluri Sitharama Raju | A-Ve | Packed Red Blood Cells
2026-09-04 04:58:28,803 - INFO - Saved 5 rows.
2026-09-04 04:58:28,804 - INFO - Fetching: Andhra Pradesh - Alluri Sitharama Raju | B+Ve | Packed Red Blood Cells
2026-09-04 04:58:30,185 - INFO - Saved 5 rows.
2026-09-04 04:58:30,185 - INFO - Fetching: Andhra Pradesh - Alluri Sitharama Raju | B-Ve | Packed Red Blood Cells
2026-09-04 04:58:31,465 - INFO - Saved 5 rows.
2026-09-04 04:58:31,465 - INFO - Fetching: Andhra Pradesh - East Godavari | A+Ve | Packed Red Blood Cells
2026-09-04 04:58:32,766 - INFO - Saved 16 rows.
2026-09-04 04:58:32,766 - INFO - Fetching: Andhra Pradesh - East Godavari | A-Ve | Packed Red Blood Cells
2026-09-04 04:58:33,749 - INFO - Saved 16 rows.
2026-09-04 04:58:33,749 - INFO - Fetching: Andhra Pradesh - East Godavari | B+Ve | Packed Red Blood Cells
2026-09-04 04:58:34,763 - INFO - Saved 16 rows.
2026-09-04 04:58:34,763 - INFO - Fetching: Andhra Pradesh - East Godavari | B-Ve | Packed Red Blood Cells
2026-09-04 04:58:36,021 - INFO - Saved 16 rows.
2026-09-04 04:58:36,021 - INFO - Collection complete. Fetched 84 total records to blood_data.csv.
2026-09-05 04:51:16,593 - INFO - Loaded master data from cache.
2026-09-05 04:51:16,593 - INFO - Fetching: Andhra Pradesh - Alluri Sitharama Raju | A+Ve | Packed Red Blood Cells
2026-09-05 04:51:17,897 - INFO - Saved 5 rows.
2026-09-05 04:51:17,897 - INFO - Fetching: Andhra Pradesh - Alluri Sitharama Raju | A-Ve | Packed Red Blood Cells
2026-09-05 04:51:19,223 - INFO - Saved 5 rows.
2026-09-05 04:51:19,223 - INFO - Fetching: Andhra Pradesh - Alluri Sitharama Raju | B+Ve | Packed Red Blood Cells
2026-09-05 04:51:20,531 - INFO - Saved 5 rows.
2026-09-05 04:51:20,531 - INFO - Fetching: Andhra Pradesh - Alluri Sitharama Raju | B-Ve | Packed Red Blood Cells
2026-09-05 04:51:22,126 - INFO - Saved 5 rows.
2026-09-05 04:51:22,126 - INFO - Fetching: Andhra Pradesh - East Godavari | A+Ve | Packed Red Blood Cells
2026-09-05 04:51:23,450 - INFO - Saved 16 rows.
2026-09-05 04:51:23,450 - INFO - Fetching: Andhra Pradesh - East Godavari | A-Ve | Packed Red Blood Cells
2026-09-05 04:51:24,756 - INFO - Saved 16 rows.
2026-09-05 04:51:24,756 - INFO - Fetching: Andhra Pradesh - East Godavari | B+Ve | Packed Red Blood Cells
2026-09-05 04:51:25,788 - INFO - Saved 16 rows.
2026-09-05 04:51:25,788 - INFO - Fetching: Andhra Pradesh - East Godavari | B-Ve | Packed Red Blood Cells
2026-09-05 04:51:27,267 - INFO - Saved 16 rows.
2026-09-05 04:51:27,267 - INFO - Collection complete. Fetched 84 total records to blood_data.csv.
2026-09-06 04:58:44,697 - INFO - Loaded master data from cache.
2026-09-06 04:58:44,697 - INFO - Fetching: Andhra Pradesh - Alluri Sitharama Raju | A+Ve | Packed Red Blood Cells
2026-09-06 04:58:45,808 - INFO - Saved 5 rows.
2026-09-06 04:58:45,808 - INFO - Fetching: Andhra Pradesh - Alluri Sitharama Raju | A-Ve | Packed Red Blood Cells
2026-09-06 04:58:46,882 - INFO - Saved 5 rows.
2026-09-06 04:58:46,882 - INFO - Fetching: Andhra Pradesh - Alluri Sitharama Raju | B+Ve | Packed Red Blood Cells
2026-09-06 04:58:47,973 - INFO - Saved 5 rows.
2026-09-06 04:58:47,973 - INFO - Fetching: Andhra Pradesh - Alluri Sitharama Raju | B-Ve | Packed Red Blood Cells
2026-09-06 04:58:49,265 - INFO - Saved 5 rows.
2026-09-06 04:58:49,265 - INFO - Fetching: Andhra Pradesh - East Godavari | A+Ve | Packed Red Blood Cells
2026-09-06 04:58:50,364 - INFO - Saved 16 rows.
2026-09-06 04:58:50,365 - INFO - Fetching: Andhra Pradesh - East Godavari | A-Ve | Packed Red Blood Cells
2026-09-06 04:58:51,481 - INFO - Saved 16 rows.
2026-09-06 04:58:51,481 - INFO - Fetching: Andhra Pradesh - East Godavari | B+Ve | Packed Red Blood Cells
2026-09-06 04:58:52,757 - INFO - Saved 16 rows.
2026-09-06 04:58:52,757 - INFO - Fetching: Andhra Pradesh - East Godavari | B-Ve | Packed Red Blood Cells
2026-09-06 04:58:54,141 - INFO - Saved 16 rows.
2026-09-06 04:58:54,141 - INFO - Collection complete. Fetched 84 total records to blood_data.csv.
2026-09-07 05:05:33,557 - INFO - Loaded master data from cache.
2026-09-07 05:05:33,557 - INFO - Fetching: Andhra Pradesh - Alluri Sitharama Raju | A+Ve | Packed Red Blood Cells
2026-09-07 05:05:34,861 - INFO - Saved 5 rows.
2026-09-07 05:05:34,861 - INFO - Fetching: Andhra Pradesh - Alluri Sitharama Raju | A-Ve | Packed Red Blood Cells
2026-09-07 05:05:36,133 - INFO - Saved 5 rows.
2026-09-07 05:05:36,133 - INFO - Fetching: Andhra Pradesh - Alluri Sitharama Raju | B+Ve | Packed Red Blood Cells
2026-09-07 05:05:37,438 - INFO - Saved 5 rows.
2026-09-07 05:05:37,438 - INFO - Fetching: Andhra Pradesh - Alluri Sitharama Raju | B-Ve | Packed Red Blood Cells
2026-09-07 05:05:38,935 - INFO - Saved 5 rows.
2026-09-07 05:05:38,935 - INFO - Fetching: Andhra Pradesh - East Godavari | A+Ve | Packed Red Blood Cells
2026-09-07 05:05:40,128 - INFO - Saved 16 rows.
2026-09-07 05:05:40,128 - INFO - Fetching: Andhra Pradesh - East Godavari | A-Ve | Packed Red Blood Cells
2026-09-07 05:05:41,310 - INFO - Saved 16 rows.
2026-09-07 05:05:41,310 - INFO - Fetching: Andhra Pradesh - East Godavari | B+Ve | Packed Red Blood Cells
2026-09-07 05:05:42,546 - INFO - Saved 16 rows.
2026-09-07 05:05:42,546 - INFO - Fetching: Andhra Pradesh - East Godavari | B-Ve | Packed Red Blood Cells
2026-09-07 05:05:43,832 - INFO - Saved 16 rows.
2026-09-07 05:05:43,832 - INFO - Collection complete. Fetched 84 total records to blood_data.csv.
2026-09-08 05:02:42,255 - INFO - Loaded master data from cache.
2026-09-08 05:02:42,255 - INFO - Fetching: Andhra Pradesh - Alluri Sitharama Raju | A+Ve | Packed Red Blood Cells
2026-09-08 05:02:43,838 - INFO - Saved 5 rows.
2026-09-08 05:02:43,838 - INFO - Fetching: Andhra Pradesh - Alluri Sitharama Raju | A-Ve | Packed Red Blood Cells
2026-09-08 05:02:45,124 - INFO - Saved 5 rows.
2026-09-08 05:02:45,124 - INFO - Fetching: Andhra Pradesh - Alluri Sitharama Raju | B+Ve | Packed Red Blood Cells
2026-09-08 05:02:46,416 - INFO - Saved 5 rows.
2026-09-08 05:02:46,416 - INFO - Fetching: Andhra Pradesh - Alluri Sitharama Raju | B-Ve | Packed Red Blood Cells
2026-09-08 05:02:47,447 - INFO - Saved 5 rows.
2026-09-08 05:02:47,447 - INFO - Fetching: Andhra Pradesh - East Godavari | A+Ve | Packed Red Blood Cells
2026-09-08 05:02:49,008 - INFO - Saved 16 rows.
2026-09-08 05:02:49,009 - INFO - Fetching: Andhra Pradesh - East Godavari | A-Ve | Packed Red Blood Cells
2026-09-08 05:02:50,289 - INFO - Saved 16 rows.
2026-09-08 05:02:50,289 - INFO - Fetching: Andhra Pradesh - East Godavari | B+Ve | Packed Red Blood Cells
2026-09-08 05:02:51,311 - INFO - Saved 16 rows.
2026-09-08 05:02:51,311 - INFO - Fetching: Andhra Pradesh - East Godavari | B-Ve | Packed Red Blood Cells
2026-09-08 05:02:52,347 - INFO - Saved 16 rows.
2026-09-08 05:02:52,347 - INFO - Collection complete. Fetched 84 total records to blood_data.csv.
2026-09-09 05:02:20,613 - INFO - Loaded master data from cache.
2026-09-09 05:02:20,614 - INFO - Fetching: Andhra Pradesh - Alluri Sitharama Raju | A+Ve | Packed Red Blood Cells
2026-09-09 05:02:21,833 - INFO - Saved 5 rows.
2026-09-09 05:02:21,833 - INFO - Fetching: Andhra Pradesh - Alluri Sitharama Raju | A-Ve | Packed Red Blood Cells
2026-09-09 05:02:22,954 - INFO - Saved 5 rows.
2026-09-09 05:02:22,955 - INFO - Fetching: Andhra Pradesh - Alluri Sitharama Raju | B+Ve | Packed Red Blood Cells
2026-09-09 05:02:24,165 - INFO - Saved 5 rows.
2026-09-09 05:02:24,165 - INFO - Fetching: Andhra Pradesh - Alluri Sitharama Raju | B-Ve | Packed Red Blood Cells
2026-09-09 05:02:25,804 - INFO - Saved 5 rows.
2026-09-09 05:02:25,804 - INFO - Fetching: Andhra Pradesh - East Godavari | A+Ve | Packed Red Blood Cells
2026-09-09 05:02:27,094 - INFO - Saved 16 rows.
2026-09-09 05:02:27,094 - INFO - Fetching: Andhra Pradesh - East Godavari | A-Ve | Packed Red Blood Cells
2026-09-09 05:02:28,276 - INFO - Saved 16 rows.
2026-09-09 05:02:28,276 - INFO - Fetching: Andhra Pradesh - East Godavari | B+Ve | Packed Red Blood Cells
2026-09-09 05:02:29,189 - INFO - Saved 16 rows.
2026-09-09 05:02:29,189 - INFO - Fetching: Andhra Pradesh - East Godavari | B-Ve | Packed Red Blood Cells
2026-09-09 05:02:30,078 - INFO - Saved 16 rows.
2026-09-09 05:02:30,078 - INFO - Collection complete. Fetched 84 total records to blood_data.csv.
2026-09-10 05:05:21,883 - INFO - Loaded master data from cache.
2026-09-10 05:05:21,883 - INFO - Fetching: Andhra Pradesh - Alluri Sitharama Raju | A+Ve | Packed Red Blood Cells
2026-09-10 05:05:23,534 - INFO - Saved 5 rows.
2026-09-10 05:05:23,534 - INFO - Fetching: Andhra Pradesh - Alluri Sitharama Raju | A-Ve | Packed Red Blood Cells
2026-09-10 05:05:24,909 - INFO - Saved 5 rows.
2026-09-10 05:05:24,909 - INFO - Fetching: Andhra Pradesh - Alluri Sitharama Raju | B+Ve | Packed Red Blood Cells
2026-09-10 05:05:26,117 - INFO - Saved 5 rows.
2026-09-10 05:05:26,117 - INFO - Fetching: Andhra Pradesh - Alluri Sitharama Raju | B-Ve | Packed Red Blood Cells
2026-09-10 05:05:27,096 - INFO - Saved 5 rows.
2026-09-10 05:05:27,096 - INFO - Fetching: Andhra Pradesh - East Godavari | A+Ve | Packed Red Blood Cells
2026-09-10 05:05:28,390 - INFO - Saved 16 rows.
2026-09-10 05:05:28,390 - INFO - Fetching: Andhra Pradesh - East Godavari | A-Ve | Packed Red Blood Cells
2026-09-10 05:05:29,690 - INFO - Saved 16 rows.
2026-09-10 05:05:29,690 - INFO - Fetching: Andhra Pradesh - East Godavari | B+Ve | Packed Red Blood Cells
2026-09-10 05:05:31,006 - INFO - Saved 16 rows.
2026-09-10 05:05:31,006 - INFO - Fetching: Andhra Pradesh - East Godavari | B-Ve | Packed Red Blood Cells
2026-09-10 05:05:32,045 - INFO - Saved 16 rows.
2026-09-10 05:05:32,045 - INFO - Collection complete. Fetched 84 total records to blood_data.csv.
2026-09-11 05:02:11,379 - INFO - Loaded master data from cache.
2026-09-11 05:02:11,379 - INFO - Fetching: Andhra Pradesh - Alluri Sitharama Raju | A+Ve | Packed Red Blood Cells
2026-09-11 05:02:12,612 - INFO - Saved 5 rows.
2026-09-11 05:02:12,612 - INFO - Fetching: Andhra Pradesh - Alluri Sitharama Raju | A-Ve | Packed Red Blood Cells
2026-09-11 05:02:13,791 - INFO - Saved 5 rows.
2026-09-11 05:02:13,791 - INFO - Fetching: Andhra Pradesh - Alluri Sitharama Raju | B+Ve | Packed Red Blood Cells
2026-09-11 05:02:14,985 - INFO - Saved 5 rows.
2026-09-11 05:02:14,985 - INFO - Fetching: Andhra Pradesh - Alluri Sitharama Raju | B-Ve | Packed Red Blood Cells
2026-09-11 05:02:16,224 - INFO - Saved 5 rows.
2026-09-11 05:02:16,224 - INFO - Fetching: Andhra Pradesh - East Godavari | A+Ve | Packed Red Blood Cells
2026-09-11 05:02:17,646 - INFO - Saved 16 rows.
2026-09-11 05:02:17,646 - INFO - Fetching: Andhra Pradesh - East Godavari | A-Ve | Packed Red Blood Cells
2026-09-11 05:02:18,871 - INFO - Saved 16 rows.
2026-09-11 05:02:18,871 - INFO - Fetching: Andhra Pradesh - East Godavari | B+Ve | Packed Red Blood Cells
2026-09-11 05:02:20,280 - INFO - Saved 16 rows.
2026-09-11 05:02:20,280 - INFO - Fetching: Andhra Pradesh - East Godavari | B-Ve | Packed Red Blood Cells
2026-09-11 05:02:21,504 - INFO - Saved 16 rows.
2026-09-11 05:02:21,504 - INFO - Collection complete. Fetched 84 total records to blood_data.csv.
2026-09-12 04:54:01,046 - INFO - Loaded master data from cache.
2026-09-12 04:54:01,046 - INFO - Fetching: Andhra Pradesh - Alluri Sitharama Raju | A+Ve | Packed Red Blood Cells
2026-09-12 04:54:02,612 - INFO - Saved 5 rows.
2026-09-12 04:54:02,612 - INFO - Fetching: Andhra Pradesh - Alluri Sitharama Raju | A-Ve | Packed Red Blood Cells
2026-09-12 04:54:03,913 - INFO - Saved 5 rows.
2026-09-12 04:54:03,913 - INFO - Fetching: Andhra Pradesh - Alluri Sitharama Raju | B+Ve | Packed Red Blood Cells
2026-09-12 04:54:05,461 - INFO - Saved 5 rows.
2026-09-12 04:54:05,461 - INFO - Fetching: Andhra Pradesh - Alluri Sitharama Raju | B-Ve | Packed Red Blood Cells
2026-09-12 04:54:06,766 - INFO - Saved 5 rows.
2026-09-12 04:54:06,766 - INFO - Fetching: Andhra Pradesh - East Godavari | A+Ve | Packed Red Blood Cells
2026-09-12 04:54:08,326 - INFO - Saved 16 rows.
2026-09-12 04:54:08,326 - INFO - Fetching: Andhra Pradesh - East Godavari | A-Ve | Packed Red Blood Cells
2026-09-12 04:54:09,372 - INFO - Saved 16 rows.
2026-09-12 04:54:09,372 - INFO - Fetching: Andhra Pradesh - East Godavari | B+Ve | Packed Red Blood Cells
2026-09-12 04:54:10,691 - INFO - Saved 16 rows.
2026-09-12 04:54:10,691 - INFO - Fetching: Andhra Pradesh - East Godavari | B-Ve | Packed Red Blood Cells
2026-09-12 04:54:11,730 - INFO - Saved 16 rows.
2026-09-12 04:54:11,730 - INFO - Collection complete. Fetched 84 total records to blood_data.csv.
2026-09-13 05:14:37,802 - INFO - Loaded master data from cache.
2026-09-13 05:14:37,802 - INFO - Fetching: Andhra Pradesh - Alluri Sitharama Raju | A+Ve | Packed Red Blood Cells
2026-09-13 05:14:39,366 - INFO - Saved 5 rows.
2026-09-13 05:14:39,366 - INFO - Fetching: Andhra Pradesh - Alluri Sitharama Raju | A-Ve | Packed Red Blood Cells
2026-09-13 05:14:40,703 - INFO - Saved 5 rows.
2026-09-13 05:14:40,703 - INFO - Fetching: Andhra Pradesh - Alluri Sitharama Raju | B+Ve | Packed Red Blood Cells
2026-09-13 05:14:42,262 - INFO - Saved 5 rows.
2026-09-13 05:14:42,263 - INFO - Fetching: Andhra Pradesh - Alluri Sitharama Raju | B-Ve | Packed Red Blood Cells
2026-09-13 05:14:43,882 - INFO - Saved 5 rows.
2026-09-13 05:14:43,882 - INFO - Fetching: Andhra Pradesh - East Godavari | A+Ve | Packed Red Blood Cells
2026-09-13 05:14:45,444 - INFO - Saved 16 rows.
2026-09-13 05:14:45,444 - INFO - Fetching: Andhra Pradesh - East Godavari | A-Ve | Packed Red Blood Cells
2026-09-13 05:14:46,760 - INFO - Saved 16 rows.
2026-09-13 05:14:46,760 - INFO - Fetching: Andhra Pradesh - East Godavari | B+Ve | Packed Red Blood Cells
2026-09-13 05:14:48,319 - INFO - Saved 16 rows.
2026-09-13 05:14:48,319 - INFO - Fetching: Andhra Pradesh - East Godavari | B-Ve | Packed Red Blood Cells
2026-09-13 05:14:49,935 - INFO - Saved 16 rows.
2026-09-13 05:14:49,935 - INFO - Collection complete. Fetched 84 total records to blood_data.csv.
2026-09-14 05:19:30,237 - INFO - Loaded master data from cache.
2026-09-14 05:19:30,237 - INFO - Fetching: Andhra Pradesh - Alluri Sitharama Raju | A+Ve | Packed Red Blood Cells
2026-09-14 05:19:31,968 - INFO - Saved 5 rows.
2026-09-14 05:19:31,969 - INFO - Fetching: Andhra Pradesh - Alluri Sitharama Raju | A-Ve | Packed Red Blood Cells
2026-09-14 05:19:33,526 - INFO - Saved 5 rows.
2026-09-14 05:19:33,526 - INFO - Fetching: Andhra Pradesh - Alluri Sitharama Raju | B+Ve | Packed Red Blood Cells
2026-09-14 05:19:35,083 - INFO - Saved 5 rows.
2026-09-14 05:19:35,083 - INFO - Fetching: Andhra Pradesh - Alluri Sitharama Raju | B-Ve | Packed Red Blood Cells
2026-09-14 05:19:36,360 - INFO - Saved 5 rows.
2026-09-14 05:19:36,360 - INFO - Fetching: Andhra Pradesh - East Godavari | A+Ve | Packed Red Blood Cells
2026-09-14 05:19:37,652 - INFO - Saved 16 rows.
2026-09-14 05:19:37,652 - INFO - Fetching: Andhra Pradesh - East Godavari | A-Ve | Packed Red Blood Cells
2026-09-14 05:19:39,235 - INFO - Saved 16 rows.
2026-09-14 05:19:39,235 - INFO - Fetching: Andhra Pradesh - East Godavari | B+Ve | Packed Red Blood Cells
2026-09-14 05:19:40,283 - INFO - Saved 16 rows.
2026-09-14 05:19:40,283 - INFO - Fetching: Andhra Pradesh - East Godavari | B-Ve | Packed Red Blood Cells
2026-09-14 05:19:41,353 - INFO - Saved 16 rows.
2026-09-14 05:19:41,353 - INFO - Collection complete. Fetched 84 total records to blood_data.csv.
2026-09-15 05:10:41,442 - INFO - Loaded master data from cache.
2026-09-15 05:10:41,443 - INFO - Fetching: Andhra Pradesh - Alluri Sitharama Raju | A+Ve | Packed Red Blood Cells
2026-09-15 05:10:42,893 - INFO - Saved 5 rows.
2026-09-15 05:10:42,893 - INFO - Fetching: Andhra Pradesh - Alluri Sitharama Raju | A-Ve | Packed Red Blood Cells
2026-09-15 05:10:44,330 - INFO - Saved 5 rows.
2026-09-15 05:10:44,331 - INFO - Fetching: Andhra Pradesh - Alluri Sitharama Raju | B+Ve | Packed Red Blood Cells
2026-09-15 05:10:45,571 - INFO - Saved 5 rows.
2026-09-15 05:10:45,571 - INFO - Fetching: Andhra Pradesh - Alluri Sitharama Raju | B-Ve | Packed Red Blood Cells
2026-09-15 05:10:46,763 - INFO - Saved 5 rows.
2026-09-15 05:10:46,763 - INFO - Fetching: Andhra Pradesh - East Godavari | A+Ve | Packed Red Blood Cells
2026-09-15 05:10:48,203 - INFO - Saved 16 rows.
2026-09-15 05:10:48,204 - INFO - Fetching: Andhra Pradesh - East Godavari | A-Ve | Packed Red Blood Cells
2026-09-15 05:10:49,711 - INFO - Saved 16 rows.
2026-09-15 05:10:49,711 - INFO - Fetching: Andhra Pradesh - East Godavari | B+Ve | Packed Red Blood Cells
2026-09-15 05:10:50,862 - INFO - Saved 16 rows.
2026-09-15 05:10:50,862 - INFO - Fetching: Andhra Pradesh - East Godavari | B-Ve | Packed Red Blood Cells
2026-09-15 05:10:52,078 - INFO - Saved 16 rows.
2026-09-15 05:10:52,078 - INFO - Collection complete. Fetched 84 total records to blood_data.csv.
2026-09-16 05:06:13,050 - INFO - Loaded master data from cache.
2026-09-16 05:06:13,050 - INFO - Fetching: Andhra Pradesh - Alluri Sitharama Raju | A+Ve | Packed Red Blood Cells
2026-09-16 05:06:14,467 - INFO - Saved 5 rows.
2026-09-16 05:06:14,467 - INFO - Fetching: Andhra Pradesh - Alluri Sitharama Raju | A-Ve | Packed Red Blood Cells
2026-09-16 05:06:16,077 - INFO - Saved 5 rows.
2026-09-16 05:06:16,078 - INFO - Fetching: Andhra Pradesh - Alluri Sitharama Raju | B+Ve | Packed Red Blood Cells
2026-09-16 05:06:17,234 - INFO - Saved 5 rows.
2026-09-16 05:06:17,234 - INFO - Fetching: Andhra Pradesh - Alluri Sitharama Raju | B-Ve | Packed Red Blood Cells
2026-09-16 05:06:18,522 - INFO - Saved 5 rows.
2026-09-16 05:06:18,522 - INFO - Fetching: Andhra Pradesh - East Godavari | A+Ve | Packed Red Blood Cells
2026-09-16 05:06:19,955 - INFO - Saved 16 rows.
2026-09-16 05:06:19,955 - INFO - Fetching: Andhra Pradesh - East Godavari | A-Ve | Packed Red Blood Cells
2026-09-16 05:06:21,169 - INFO - Saved 16 rows.
2026-09-16 05:06:21,169 - INFO - Fetching: Andhra Pradesh - East Godavari | B+Ve | Packed Red Blood Cells
2026-09-16 05:06:22,241 - INFO - Saved 16 rows.
2026-09-16 05:06:22,242 - INFO - Fetching: Andhra Pradesh - East Godavari | B-Ve | Packed Red Blood Cells
2026-09-16 05:06:23,487 - INFO - Saved 16 rows.
2026-09-16 05:06:23,487 - INFO - Collection complete. Fetched 84 total records to blood_data.csv.
2026-09-17 05:09:18,915 - INFO - Loaded master data from cache.
2026-09-17 05:09:18,915 - INFO - Fetching: Andhra Pradesh - Alluri Sitharama Raju | A+Ve | Packed Red Blood Cells
2026-09-17 05:09:20,097 - INFO - Saved 5 rows.
2026-09-17 05:09:20,097 - INFO - Fetching: Andhra Pradesh - Alluri Sitharama Raju | A-Ve | Packed Red Blood Cells
2026-09-17 05:09:21,082 - INFO - Saved 5 rows.
2026-09-17 05:09:21,082 - INFO - Fetching: Andhra Pradesh - Alluri Sitharama Raju | B+Ve | Packed Red Blood Cells
2026-09-17 05:09:22,249 - INFO - Saved 5 rows.
2026-09-17 05:09:22,250 - INFO - Fetching: Andhra Pradesh - Alluri Sitharama Raju | B-Ve | Packed Red Blood Cells
2026-09-17 05:09:23,529 - INFO - Saved 5 rows.
2026-09-17 05:09:23,530 - INFO - Fetching: Andhra Pradesh - East Godavari | A+Ve | Packed Red Blood Cells
2026-09-17 05:09:24,854 - INFO - Saved 16 rows.
2026-09-17 05:09:24,854 - INFO - Fetching: Andhra Pradesh - East Godavari | A-Ve | Packed Red Blood Cells
2026-09-17 05:09:26,153 - INFO - Saved 16 rows.
2026-09-17 05:09:26,153 - INFO - Fetching: Andhra Pradesh - East Godavari | B+Ve | Packed Red Blood Cells
2026-09-17 05:09:27,517 - INFO - Saved 16 rows.
2026-09-17 05:09:27,517 - INFO - Fetching: Andhra Pradesh - East Godavari | B-Ve | Packed Red Blood Cells
2026-09-17 05:09:28,879 - INFO - Saved 16 rows.
2026-09-17 05:09:28,879 - INFO - Collection complete. Fetched 84 total records to blood_data.csv.
2026-09-18 05:02:43,435 - INFO - Loaded master data from cache.
2026-09-18 05:02:43,435 - INFO - Fetching: Andhra Pradesh - Alluri Sitharama Raju | A+Ve | Packed Red Blood Cells
2026-09-18 05:02:44,729 - INFO - Saved 5 rows.
2026-09-18 05:02:44,729 - INFO - Fetching: Andhra Pradesh - Alluri Sitharama Raju | A-Ve | Packed Red Blood Cells
2026-09-18 05:02:46,265 - INFO - Saved 5 rows.
2026-09-18 05:02:46,265 - INFO - Fetching: Andhra Pradesh - Alluri Sitharama Raju | B+Ve | Packed Red Blood Cells
2026-09-18 05:02:47,314 - INFO - Saved 5 rows.
2026-09-18 05:02:47,314 - INFO - Fetching: Andhra Pradesh - Alluri Sitharama Raju | B-Ve | Packed Red Blood Cells
2026-09-18 05:02:48,606 - INFO - Saved 5 rows.
2026-09-18 05:02:48,606 - INFO - Fetching: Andhra Pradesh - East Godavari | A+Ve | Packed Red Blood Cells
2026-09-18 05:02:49,943 - INFO - Saved 16 rows.
2026-09-18 05:02:49,943 - INFO - Fetching: Andhra Pradesh - East Godavari | A-Ve | Packed Red Blood Cells
2026-09-18 05:02:51,030 - INFO - Saved 16 rows.
2026-09-18 05:02:51,030 - INFO - Fetching: Andhra Pradesh - East Godavari | B+Ve | Packed Red Blood Cells
2026-09-18 05:02:52,064 - INFO - Saved 16 rows.
2026-09-18 05:02:52,064 - INFO - Fetching: Andhra Pradesh - East Godavari | B-Ve | Packed Red Blood Cells
2026-09-18 05:02:53,380 - INFO - Saved 16 rows.
2026-09-18 05:02:53,380 - INFO - Collection complete. Fetched 84 total records to blood_data.csv.
2026-09-19 04:54:04,774 - INFO - Loaded master data from cache.
2026-09-19 04:54:04,774 - INFO - Fetching: Andhra Pradesh - Alluri Sitharama Raju | A+Ve | Packed Red Blood Cells
2026-09-19 04:54:06,080 - INFO - Saved 5 rows.
2026-09-19 04:54:06,080 - INFO - Fetching: Andhra Pradesh - Alluri Sitharama Raju | A+Ve | Fresh Frozen Plasma
2026-09-19 04:54:07,150 - INFO - Saved 5 rows.
2026-09-19 04:54:07,150 - INFO - Fetching: Andhra Pradesh - Alluri Sitharama Raju | A+Ve | Platelet Rich Plasma
2026-09-19 04:54:08,449 - INFO - No data found.
2026-09-19 04:54:08,449 - INFO - Fetching: Andhra Pradesh - Alluri Sitharama Raju | A-Ve | Packed Red Blood Cells
2026-09-19 04:54:09,531 - INFO - Saved 5 rows.
2026-09-19 04:54:09,531 - INFO - Fetching: Andhra Pradesh - Alluri Sitharama Raju | A-Ve | Fresh Frozen Plasma
2026-09-19 04:54:10,825 - INFO - Saved 5 rows.
2026-09-19 04:54:10,825 - INFO - Fetching: Andhra Pradesh - Alluri Sitharama Raju | A-Ve | Platelet Rich Plasma
2026-09-19 04:54:11,884 - INFO - No data found.
2026-09-19 04:54:11,885 - INFO - Fetching: Andhra Pradesh - Alluri Sitharama Raju | B+Ve | Packed Red Blood Cells
2026-09-19 04:54:13,178 - INFO - Saved 5 rows.
2026-09-19 04:54:13,178 - INFO - Fetching: Andhra Pradesh - Alluri Sitharama Raju | B+Ve | Fresh Frozen Plasma
2026-09-19 04:54:14,515 - INFO - Saved 5 rows.
2026-09-19 04:54:14,515 - INFO - Fetching: Andhra Pradesh - Alluri Sitharama Raju | B+Ve | Platelet Rich Plasma
2026-09-19 04:54:15,858 - INFO - No data found.
2026-09-19 04:54:15,859 - INFO - Fetching: Andhra Pradesh - Alluri Sitharama Raju | B-Ve | Packed Red Blood Cells
2026-09-19 04:54:17,412 - INFO - Saved 5 rows.
2026-09-19 04:54:17,413 - INFO - Fetching: Andhra Pradesh - Alluri Sitharama Raju | B-Ve | Fresh Frozen Plasma
2026-09-19 04:54:18,482 - INFO - Saved 5 rows.
2026-09-19 04:54:18,482 - INFO - Fetching: Andhra Pradesh - Alluri Sitharama Raju | B-Ve | Platelet Rich Plasma
2026-09-19 04:54:19,483 - INFO - No data found.
2026-09-19 04:54:19,483 - INFO - Fetching: Andhra Pradesh - Alluri Sitharama Raju | O+Ve | Packed Red Blood Cells
2026-09-19 04:54:20,336 - INFO - Saved 5 rows.
2026-09-19 04:54:20,336 - INFO - Fetching: Andhra Pradesh - Alluri Sitharama Raju | O+Ve | Fresh Frozen Plasma
2026-09-19 04:54:21,465 - INFO - Saved 5 rows.
2026-09-19 04:54:21,465 - INFO - Fetching: Andhra Pradesh - Alluri Sitharama Raju | O+Ve | Platelet Rich Plasma
2026-09-19 04:54:22,540 - INFO - No data found.
2026-09-19 04:54:22,540 - INFO - Fetching: Andhra Pradesh - Alluri Sitharama Raju | O-Ve | Packed Red Blood Cells
2026-09-19 04:54:23,392 - INFO - Saved 5 rows.
2026-09-19 04:54:23,392 - INFO - Fetching: Andhra Pradesh - Alluri Sitharama Raju | O-Ve | Fresh Frozen Plasma
2026-09-19 04:54:24,661 - INFO - Saved 5 rows.
2026-09-19 04:54:24,661 - INFO - Fetching: Andhra Pradesh - Alluri Sitharama Raju | O-Ve | Platelet Rich Plasma
2026-09-19 04:54:25,988 - INFO - No data found.
2026-09-19 04:54:25,988 - INFO - Fetching: Andhra Pradesh - Alluri Sitharama Raju | AB+Ve | Packed Red Blood Cells
2026-09-19 04:54:26,860 - INFO - Saved 5 rows.
2026-09-19 04:54:26,860 - INFO - Fetching: Andhra Pradesh - Alluri Sitharama Raju | AB+Ve | Fresh Frozen Plasma
2026-09-19 04:54:27,713 - INFO - Saved 5 rows.
2026-09-19 04:54:27,713 - INFO - Fetching: Andhra Pradesh - Alluri Sitharama Raju | AB+Ve | Platelet Rich Plasma
2026-09-19 04:54:28,858 - INFO - No data found.
2026-09-19 04:54:28,858 - INFO - Fetching: Andhra Pradesh - Alluri Sitharama Raju | AB-Ve | Packed Red Blood Cells
2026-09-19 04:54:29,947 - INFO - Saved 5 rows.
2026-09-19 04:54:29,947 - INFO - Fetching: Andhra Pradesh - Alluri Sitharama Raju | AB-Ve | Fresh Frozen Plasma
2026-09-19 04:54:31,107 - INFO - Saved 5 rows.
2026-09-19 04:54:31,107 - INFO - Fetching: Andhra Pradesh - Alluri Sitharama Raju | AB-Ve | Platelet Rich Plasma
2026-09-19 04:54:32,177 - INFO - No data found.
2026-09-19 04:54:32,178 - INFO - Fetching: Andhra Pradesh - East Godavari | A+Ve | Packed Red Blood Cells
2026-09-19 04:54:33,508 - INFO - Saved 16 rows.
2026-09-19 04:54:33,508 - INFO - Fetching: Andhra Pradesh - East Godavari | A+Ve | Fresh Frozen Plasma
2026-09-19 04:54:34,382 - INFO - Saved 16 rows.
2026-09-19 04:54:34,382 - INFO - Fetching: Andhra Pradesh - East Godavari | A+Ve | Platelet Rich Plasma
2026-09-19 04:54:35,246 - INFO - No data found.
2026-09-19 04:54:35,246 - INFO - Fetching: Andhra Pradesh - East Godavari | A-Ve | Packed Red Blood Cells
2026-09-19 04:54:36,518 - INFO - Saved 16 rows.
2026-09-19 04:54:36,518 - INFO - Fetching: Andhra Pradesh - East Godavari | A-Ve | Fresh Frozen Plasma
2026-09-19 04:54:37,846 - INFO - Saved 16 rows.
2026-09-19 04:54:37,846 - INFO - Fetching: Andhra Pradesh - East Godavari | A-Ve | Platelet Rich Plasma
2026-09-19 04:54:38,716 - INFO - No data found.
2026-09-19 04:54:38,716 - INFO - Fetching: Andhra Pradesh - East Godavari | B+Ve | Packed Red Blood Cells
2026-09-19 04:54:39,583 - INFO - Saved 16 rows.
2026-09-19 04:54:39,583 - INFO - Fetching: Andhra Pradesh - East Godavari | B+Ve | Fresh Frozen Plasma
2026-09-19 04:54:40,443 - INFO - Saved 16 rows.
2026-09-19 04:54:40,443 - INFO - Fetching: Andhra Pradesh - East Godavari | B+Ve | Platelet Rich Plasma
2026-09-19 04:54:41,294 - INFO - No data found.
2026-09-19 04:54:41,294 - INFO - Fetching: Andhra Pradesh - East Godavari | B-Ve | Packed Red Blood Cells
2026-09-19 04:54:42,165 - INFO - Saved 16 rows.
2026-09-19 04:54:42,165 - INFO - Fetching: Andhra Pradesh - East Godavari | B-Ve | Fresh Frozen Plasma
2026-09-19 04:54:43,031 - INFO - Saved 16 rows.
2026-09-19 04:54:43,031 - INFO - Fetching: Andhra Pradesh - East Godavari | B-Ve | Platelet Rich Plasma
2026-09-19 04:54:44,178 - INFO - No data found.
2026-09-19 04:54:44,178 - INFO - Fetching: Andhra Pradesh - East Godavari | O+Ve | Packed Red Blood Cells
2026-09-19 04:54:45,068 - INFO - Saved 16 rows.
2026-09-19 04:54:45,069 - INFO - Fetching: Andhra Pradesh - East Godavari | O+Ve | Fresh Frozen Plasma
2026-09-19 04:54:45,950 - INFO - Saved 16 rows.
2026-09-19 04:54:45,950 - INFO - Fetching: Andhra Pradesh - East Godavari | O+Ve | Platelet Rich Plasma
2026-09-19 04:54:47,020 - INFO - No data found.
2026-09-19 04:54:47,020 - INFO - Fetching: Andhra Pradesh - East Godavari | O-Ve | Packed Red Blood Cells
2026-09-19 04:54:47,885 - INFO - Saved 16 rows.
2026-09-19 04:54:47,885 - INFO - Fetching: Andhra Pradesh - East Godavari | O-Ve | Fresh Frozen Plasma
2026-09-19 04:54:48,753 - INFO - Saved 16 rows.
2026-09-19 04:54:48,753 - INFO - Fetching: Andhra Pradesh - East Godavari | O-Ve | Platelet Rich Plasma
2026-09-19 04:54:49,657 - INFO - No data found.
2026-09-19 04:54:49,657 - INFO - Fetching: Andhra Pradesh - East Godavari | AB+Ve | Packed Red Blood Cells
2026-09-19 04:54:50,515 - INFO - Saved 16 rows.
2026-09-19 04:54:50,515 - INFO - Fetching: Andhra Pradesh - East Godavari | AB+Ve | Fresh Frozen Plasma
2026-09-19 04:54:51,592 - INFO - Saved 16 rows.
2026-09-19 04:54:51,593 - INFO - Fetching: Andhra Pradesh - East Godavari | AB+Ve | Platelet Rich Plasma
2026-09-19 04:54:52,453 - INFO - No data found.
2026-09-19 04:54:52,453 - INFO - Fetching: Andhra Pradesh - East Godavari | AB-Ve | Packed Red Blood Cells
2026-09-19 04:54:53,345 - INFO - Saved 16 rows.
2026-09-19 04:54:53,345 - INFO - Fetching: Andhra Pradesh - East Godavari | AB-Ve | Fresh Frozen Plasma
2026-09-19 04:54:54,201 - INFO - Saved 16 rows.
2026-09-19 04:54:54,201 - INFO - Fetching: Andhra Pradesh - East Godavari | AB-Ve | Platelet Rich Plasma
2026-09-19 04:54:55,053 - INFO - No data found.
2026-09-19 04:54:55,053 - INFO - Fetching: Andhra Pradesh - Krishna | A+Ve | Packed Red Blood Cells
2026-09-19 04:54:56,360 - INFO - Saved 14 rows.
2026-09-19 04:54:56,360 - INFO - Fetching: Andhra Pradesh - Krishna | A+Ve | Fresh Frozen Plasma
2026-09-19 04:54:57,236 - INFO - Saved 14 rows.
2026-09-19 04:54:57,236 - INFO - Fetching: Andhra Pradesh - Krishna | A+Ve | Platelet Rich Plasma
2026-09-19 04:54:58,111 - INFO - No data found.
2026-09-19 04:54:58,111 - INFO - Fetching: Andhra Pradesh - Krishna | A-Ve | Packed Red Blood Cells
2026-09-19 04:54:58,987 - INFO - Saved 14 rows.
2026-09-19 04:54:58,987 - INFO - Fetching: Andhra Pradesh - Krishna | A-Ve | Fresh Frozen Plasma
2026-09-19 04:54:59,879 - INFO - Saved 14 rows.
2026-09-19 04:54:59,879 - INFO - Fetching: Andhra Pradesh - Krishna | A-Ve | Platelet Rich Plasma
2026-09-19 04:55:00,743 - INFO - No data found.
2026-09-19 04:55:00,743 - INFO - Fetching: Andhra Pradesh - Krishna | B+Ve | Packed Red Blood Cells
2026-09-19 04:55:01,617 - INFO - Saved 14 rows.
2026-09-19 04:55:01,617 - INFO - Fetching: Andhra Pradesh - Krishna | B+Ve | Fresh Frozen Plasma
2026-09-19 04:55:02,683 - INFO - Saved 14 rows.
2026-09-19 04:55:02,683 - INFO - Fetching: Andhra Pradesh - Krishna | B+Ve | Platelet Rich Plasma
2026-09-19 04:55:03,589 - INFO - No data found.
2026-09-19 04:55:03,590 - INFO - Fetching: Andhra Pradesh - Krishna | B-Ve | Packed Red Blood Cells
2026-09-19 04:55:04,446 - INFO - Saved 14 rows.
2026-09-19 04:55:04,446 - INFO - Fetching: Andhra Pradesh - Krishna | B-Ve | Fresh Frozen Plasma
2026-09-19 04:55:05,368 - INFO - Saved 14 rows.
2026-09-19 04:55:05,368 - INFO - Fetching: Andhra Pradesh - Krishna | B-Ve | Platelet Rich Plasma
2026-09-19 04:55:06,244 - INFO - No data found.
2026-09-19 04:55:06,244 - INFO - Fetching: Andhra Pradesh - Krishna | O+Ve | Packed Red Blood Cells
2026-09-19 04:55:07,130 - INFO - Saved 14 rows.
2026-09-19 04:55:07,131 - INFO - Fetching: Andhra Pradesh - Krishna | O+Ve | Fresh Frozen Plasma
2026-09-19 04:55:07,989 - INFO - Saved 14 rows.
2026-09-19 04:55:07,989 - INFO - Fetching: Andhra Pradesh - Krishna | O+Ve | Platelet Rich Plasma
2026-09-19 04:55:08,839 - INFO - No data found.
2026-09-19 04:55:08,840 - INFO - Fetching: Andhra Pradesh - Krishna | O-Ve | Packed Red Blood Cells
2026-09-19 04:55:09,703 - INFO - Saved 14 rows.
2026-09-19 04:55:09,703 - INFO - Fetching: Andhra Pradesh - Krishna | O-Ve | Fresh Frozen Plasma
2026-09-19 04:55:10,598 - INFO - Saved 14 rows.
2026-09-19 04:55:10,598 - INFO - Fetching: Andhra Pradesh - Krishna | O-Ve | Platelet Rich Plasma
2026-09-19 04:55:11,466 - INFO - No data found.
2026-09-19 04:55:11,466 - INFO - Fetching: Andhra Pradesh - Krishna | AB+Ve | Packed Red Blood Cells
2026-09-19 04:55:12,323 - INFO - Saved 14 rows.
2026-09-19 04:55:12,323 - INFO - Fetching: Andhra Pradesh - Krishna | AB+Ve | Fresh Frozen Plasma
2026-09-19 04:55:13,195 - INFO - Saved 14 rows.
2026-09-19 04:55:13,195 - INFO - Fetching: Andhra Pradesh - Krishna | AB+Ve | Platelet Rich Plasma
2026-09-19 04:55:14,084 - INFO - No data found.
2026-09-19 04:55:14,084 - INFO - Fetching: Andhra Pradesh - Krishna | AB-Ve | Packed Red Blood Cells
2026-09-19 04:55:14,957 - INFO - Saved 14 rows.
2026-09-19 04:55:14,957 - INFO - Fetching: Andhra Pradesh - Krishna | AB-Ve | Fresh Frozen Plasma
2026-09-19 04:55:15,812 - INFO - Saved 14 rows.
2026-09-19 04:55:15,812 - INFO - Fetching: Andhra Pradesh - Krishna | AB-Ve | Platelet Rich Plasma
2026-09-19 04:55:16,662 - INFO - No data found.
2026-09-19 04:55:16,662 - INFO - Fetching: Andhra Pradesh - Kurnool | A+Ve | Packed Red Blood Cells
2026-09-19 04:55:17,526 - INFO - Saved 22 rows.
2026-09-19 04:55:17,526 - INFO - Fetching: Andhra Pradesh - Kurnool | A+Ve | Fresh Frozen Plasma
2026-09-19 04:55:18,434 - INFO - Saved 22 rows.
2026-09-19 04:55:18,434 - INFO - Fetching: Andhra Pradesh - Kurnool | A+Ve | Platelet Rich Plasma
2026-09-19 04:55:19,455 - INFO - No data found.
2026-09-19 04:55:19,455 - INFO - Fetching: Andhra Pradesh - Kurnool | A-Ve | Packed Red Blood Cells
2026-09-19 04:55:20,325 - INFO - Saved 22 rows.
2026-09-19 04:55:20,326 - INFO - Fetching: Andhra Pradesh - Kurnool | A-Ve | Fresh Frozen Plasma
2026-09-19 04:55:21,187 - INFO - Saved 22 rows.
2026-09-19 04:55:21,187 - INFO - Fetching: Andhra Pradesh - Kurnool | A-Ve | Platelet Rich Plasma
2026-09-19 04:55:22,072 - INFO - No data found.
2026-09-19 04:55:22,072 - INFO - Fetching: Andhra Pradesh - Kurnool | B+Ve | Packed Red Blood Cells
2026-09-19 04:55:22,935 - INFO - Saved 22 rows.
2026-09-19 04:55:22,936 - INFO - Fetching: Andhra Pradesh - Kurnool | B+Ve | Fresh Frozen Plasma
2026-09-19 04:55:23,818 - INFO - Saved 22 rows.
2026-09-19 04:55:23,818 - INFO - Fetching: Andhra Pradesh - Kurnool | B+Ve | Platelet Rich Plasma
2026-09-19 04:55:24,693 - INFO - No data found.
2026-09-19 04:55:24,693 - INFO - Fetching: Andhra Pradesh - Kurnool | B-Ve | Packed Red Blood Cells
2026-09-19 04:55:25,549 - INFO - Saved 22 rows.
2026-09-19 04:55:25,549 - INFO - Fetching: Andhra Pradesh - Kurnool | B-Ve | Fresh Frozen Plasma
2026-09-19 04:55:26,428 - INFO - Saved 22 rows.
2026-09-19 04:55:26,428 - INFO - Fetching: Andhra Pradesh - Kurnool | B-Ve | Platelet Rich Plasma
2026-09-19 04:55:27,286 - INFO - No data found.
2026-09-19 04:55:27,286 - INFO - Fetching: Andhra Pradesh - Kurnool | O+Ve | Packed Red Blood Cells
2026-09-19 04:55:28,147 - INFO - Saved 22 rows.
2026-09-19 04:55:28,147 - INFO - Fetching: Andhra Pradesh - Kurnool | O+Ve | Fresh Frozen Plasma
2026-09-19 04:55:29,007 - INFO - Saved 22 rows.
2026-09-19 04:55:29,007 - INFO - Fetching: Andhra Pradesh - Kurnool | O+Ve | Platelet Rich Plasma
2026-09-19 04:55:29,861 - INFO - No data found.
2026-09-19 04:55:29,861 - INFO - Fetching: Andhra Pradesh - Kurnool | O-Ve | Packed Red Blood Cells
2026-09-19 04:55:30,739 - INFO - Saved 22 rows.
2026-09-19 04:55:30,739 - INFO - Fetching: Andhra Pradesh - Kurnool | O-Ve | Fresh Frozen Plasma
2026-09-19 04:55:31,600 - INFO - Saved 22 rows.
2026-09-19 04:55:31,600 - INFO - Fetching: Andhra Pradesh - Kurnool | O-Ve | Platelet Rich Plasma
2026-09-19 04:55:32,450 - INFO - No data found.
2026-09-19 04:55:32,450 - INFO - Fetching: Andhra Pradesh - Kurnool | AB+Ve | Packed Red Blood Cells
2026-09-19 04:55:33,306 - INFO - Saved 22 rows.
2026-09-19 04:55:33,306 - INFO - Fetching: Andhra Pradesh - Kurnool | AB+Ve | Fresh Frozen Plasma
2026-09-19 04:55:34,418 - INFO - Saved 22 rows.
2026-09-19 04:55:34,418 - INFO - Fetching: Andhra Pradesh - Kurnool | AB+Ve | Platelet Rich Plasma
2026-09-19 04:55:35,289 - INFO - No data found.
2026-09-19 04:55:35,290 - INFO - Fetching: Andhra Pradesh - Kurnool | AB-Ve | Packed Red Blood Cells
2026-09-19 04:55:36,173 - INFO - Saved 22 rows.
2026-09-19 04:55:36,173 - INFO - Fetching: Andhra Pradesh - Kurnool | AB-Ve | Fresh Frozen Plasma
2026-09-19 04:55:37,041 - INFO - Saved 22 rows.
2026-09-19 04:55:37,041 - INFO - Fetching: Andhra Pradesh - Kurnool | AB-Ve | Platelet Rich Plasma
2026-09-19 04:55:37,999 - INFO - No data found.
2026-09-19 04:55:37,999 - INFO - Fetching: Andhra Pradesh - Prakasam | A+Ve | Packed Red Blood Cells
2026-09-19 04:55:38,859 - INFO - Saved 18 rows.
2026-09-19 04:55:38,859 - INFO - Fetching: Andhra Pradesh - Prakasam | A+Ve | Fresh Frozen Plasma
2026-09-19 04:55:39,719 - INFO - Saved 18 rows.
2026-09-19 04:55:39,719 - INFO - Fetching: Andhra Pradesh - Prakasam | A+Ve | Platelet Rich Plasma
2026-09-19 04:55:40,583 - INFO - No data found.
2026-09-19 04:55:40,583 - INFO - Fetching: Andhra Pradesh - Prakasam | A-Ve | Packed Red Blood Cells
2026-09-19 04:55:41,456 - INFO - Saved 18 rows.
2026-09-19 04:55:41,456 - INFO - Fetching: Andhra Pradesh - Prakasam | A-Ve | Fresh Frozen Plasma
2026-09-19 04:55:42,348 - INFO - Saved 18 rows.
2026-09-19 04:55:42,348 - INFO - Fetching: Andhra Pradesh - Prakasam | A-Ve | Platelet Rich Plasma
2026-09-19 04:55:43,261 - INFO - No data found.
2026-09-19 04:55:43,262 - INFO - Fetching: Andhra Pradesh - Prakasam | B+Ve | Packed Red Blood Cells
2026-09-19 04:55:44,129 - INFO - Saved 18 rows.
2026-09-19 04:55:44,129 - INFO - Fetching: Andhra Pradesh - Prakasam | B+Ve | Fresh Frozen Plasma
2026-09-19 04:55:44,990 - INFO - Saved 18 rows.
2026-09-19 04:55:44,990 - INFO - Fetching: Andhra Pradesh - Prakasam | B+Ve | Platelet Rich Plasma
2026-09-19 04:55:45,860 - INFO - No data found.
2026-09-19 04:55:45,861 - INFO - Fetching: Andhra Pradesh - Prakasam | B-Ve | Packed Red Blood Cells
2026-09-19 04:55:46,714 - INFO - Saved 18 rows.
2026-09-19 04:55:46,714 - INFO - Fetching: Andhra Pradesh - Prakasam | B-Ve | Fresh Frozen Plasma
2026-09-19 04:55:47,585 - INFO - Saved 18 rows.
2026-09-19 04:55:47,586 - INFO - Fetching: Andhra Pradesh - Prakasam | B-Ve | Platelet Rich Plasma
2026-09-19 04:55:48,439 - INFO - No data found.
2026-09-19 04:55:48,439 - INFO - Fetching: Andhra Pradesh - Prakasam | O+Ve | Packed Red Blood Cells
2026-09-19 04:55:49,305 - INFO - Saved 18 rows.
2026-09-19 04:55:49,305 - INFO - Fetching: Andhra Pradesh - Prakasam | O+Ve | Fresh Frozen Plasma
2026-09-19 04:55:50,177 - INFO - Saved 18 rows.
2026-09-19 04:55:50,177 - INFO - Fetching: Andhra Pradesh - Prakasam | O+Ve | Platelet Rich Plasma
2026-09-19 04:55:51,032 - INFO - No data found.
2026-09-19 04:55:51,032 - INFO - Fetching: Andhra Pradesh - Prakasam | O-Ve | Packed Red Blood Cells
2026-09-19 04:55:51,889 - INFO - Saved 18 rows.
2026-09-19 04:55:51,889 - INFO - Fetching: Andhra Pradesh - Prakasam | O-Ve | Fresh Frozen Plasma
2026-09-19 04:55:52,764 - INFO - Saved 18 rows.
2026-09-19 04:55:52,764 - INFO - Fetching: Andhra Pradesh - Prakasam | O-Ve | Platelet Rich Plasma
2026-09-19 04:55:53,629 - INFO - No data found.
2026-09-19 04:55:53,629 - INFO - Fetching: Andhra Pradesh - Prakasam | AB+Ve | Packed Red Blood Cells
2026-09-19 04:55:54,487 - INFO - Saved 18 rows.
2026-09-19 04:55:54,487 - INFO - Fetching: Andhra Pradesh - Prakasam | AB+Ve | Fresh Frozen Plasma
2026-09-19 04:55:55,339 - INFO - Saved 18 rows.
2026-09-19 04:55:55,339 - INFO - Fetching: Andhra Pradesh - Prakasam | AB+Ve | Platelet Rich Plasma
2026-09-19 04:55:56,207 - INFO - No data found.
2026-09-19 04:55:56,207 - INFO - Fetching: Andhra Pradesh - Prakasam | AB-Ve | Packed Red Blood Cells
2026-09-19 04:55:57,116 - INFO - Saved 18 rows.
2026-09-19 04:55:57,116 - INFO - Fetching: Andhra Pradesh - Prakasam | AB-Ve | Fresh Frozen Plasma
2026-09-19 04:55:57,990 - INFO - Saved 18 rows.
2026-09-19 04:55:57,990 - INFO - Fetching: Andhra Pradesh - Prakasam | AB-Ve | Platelet Rich Plasma
2026-09-19 04:55:58,904 - INFO - No data found.
2026-09-19 04:55:58,904 - INFO - Fetching: Andhra Pradesh - Srikakulam | A+Ve | Packed Red Blood Cells
2026-09-19 04:55:59,782 - INFO - Saved 19 rows.
2026-09-19 04:55:59,782 - INFO - Fetching: Andhra Pradesh - Srikakulam | A+Ve | Fresh Frozen Plasma
2026-09-19 04:56:00,714 - INFO - Saved 19 rows.
2026-09-19 04:56:00,714 - INFO - Fetching: Andhra Pradesh - Srikakulam | A+Ve | Platelet Rich Plasma
2026-09-19 04:56:01,560 - INFO - No data found.
2026-09-19 04:56:01,560 - INFO - Fetching: Andhra Pradesh - Srikakulam | A-Ve | Packed Red Blood Cells
2026-09-19 04:56:02,688 - INFO - Saved 19 rows.
2026-09-19 04:56:02,688 - INFO - Fetching: Andhra Pradesh - Srikakulam | A-Ve | Fresh Frozen Plasma
2026-09-19 04:56:03,552 - INFO - Saved 19 rows.
2026-09-19 04:56:03,552 - INFO - Fetching: Andhra Pradesh - Srikakulam | A-Ve | Platelet Rich Plasma
2026-09-19 04:56:04,418 - INFO - No data found.
2026-09-19 04:56:04,419 - INFO - Fetching: Andhra Pradesh - Srikakulam | B+Ve | Packed Red Blood Cells
2026-09-19 04:56:05,358 - INFO - Saved 19 rows.
2026-09-19 04:56:05,358 - INFO - Fetching: Andhra Pradesh - Srikakulam | B+Ve | Fresh Frozen Plasma
2026-09-19 04:56:06,222 - INFO - Saved 19 rows.
2026-09-19 04:56:06,222 - INFO - Fetching: Andhra Pradesh - Srikakulam | B+Ve | Platelet Rich Plasma
2026-09-19 04:56:07,080 - INFO - No data found.
2026-09-19 04:56:07,081 - INFO - Fetching: Andhra Pradesh - Srikakulam | B-Ve | Packed Red Blood Cells
2026-09-19 04:56:07,940 - INFO - Saved 19 rows.
2026-09-19 04:56:07,941 - INFO - Fetching: Andhra Pradesh - Srikakulam | B-Ve | Fresh Frozen Plasma
2026-09-19 04:56:08,829 - INFO - Saved 19 rows.
2026-09-19 04:56:08,829 - INFO - Fetching: Andhra Pradesh - Srikakulam | B-Ve | Platelet Rich Plasma
2026-09-19 04:56:09,707 - INFO - No data found.
2026-09-19 04:56:09,707 - INFO - Fetching: Andhra Pradesh - Srikakulam | O+Ve | Packed Red Blood Cells
2026-09-19 04:56:10,586 - INFO - Saved 19 rows.
2026-09-19 04:56:10,586 - INFO - Fetching: Andhra Pradesh - Srikakulam | O+Ve | Fresh Frozen Plasma
2026-09-19 04:56:11,450 - INFO - Saved 19 rows.
2026-09-19 04:56:11,450 - INFO - Fetching: Andhra Pradesh - Srikakulam | O+Ve | Platelet Rich Plasma
2026-09-19 04:56:12,306 - INFO - No data found.
2026-09-19 04:56:12,307 - INFO - Fetching: Andhra Pradesh - Srikakulam | O-Ve | Packed Red Blood Cells
2026-09-19 04:56:13,203 - INFO - Saved 19 rows.
2026-09-19 04:56:13,203 - INFO - Fetching: Andhra Pradesh - Srikakulam | O-Ve | Fresh Frozen Plasma
2026-09-19 04:56:14,093 - INFO - Saved 19 rows.
2026-09-19 04:56:14,093 - INFO - Fetching: Andhra Pradesh - Srikakulam | O-Ve | Platelet Rich Plasma
2026-09-19 04:56:14,977 - INFO - No data found.
2026-09-19 04:56:14,977 - INFO - Fetching: Andhra Pradesh - Srikakulam | AB+Ve | Packed Red Blood Cells
2026-09-19 04:56:15,841 - INFO - Saved 19 rows.
2026-09-19 04:56:15,841 - INFO - Fetching: Andhra Pradesh - Srikakulam | AB+Ve | Fresh Frozen Plasma
2026-09-19 04:56:17,040 - INFO - Saved 19 rows.
2026-09-19 04:56:17,040 - INFO - Fetching: Andhra Pradesh - Srikakulam | AB+Ve | Platelet Rich Plasma
2026-09-19 04:56:18,132 - INFO - No data found.
2026-09-19 04:56:18,132 - INFO - Fetching: Andhra Pradesh - Srikakulam | AB-Ve | Packed Red Blood Cells
2026-09-19 04:56:19,406 - INFO - Saved 19 rows.
2026-09-19 04:56:19,406 - INFO - Fetching: Andhra Pradesh - Srikakulam | AB-Ve | Fresh Frozen Plasma
2026-09-19 04:56:21,013 - INFO - Saved 19 rows.
2026-09-19 04:56:21,013 - INFO - Fetching: Andhra Pradesh - Srikakulam | AB-Ve | Platelet Rich Plasma
2026-09-19 04:56:22,296 - INFO - No data found.
2026-09-19 04:56:22,296 - INFO - Fetching: Andhra Pradesh - Vizianagaram | A+Ve | Packed Red Blood Cells
2026-09-19 04:56:23,595 - INFO - Saved 17 rows.
2026-09-19 04:56:23,595 - INFO - Fetching: Andhra Pradesh - Vizianagaram | A+Ve | Fresh Frozen Plasma
2026-09-19 04:56:24,872 - INFO - Saved 17 rows.
2026-09-19 04:56:24,872 - INFO - Fetching: Andhra Pradesh - Vizianagaram | A+Ve | Platelet Rich Plasma
2026-09-19 04:56:25,949 - INFO - No data found.
2026-09-19 04:56:25,949 - INFO - Fetching: Andhra Pradesh - Vizianagaram | A-Ve | Packed Red Blood Cells
2026-09-19 04:56:27,018 - INFO - Saved 17 rows.
2026-09-19 04:56:27,018 - INFO - Fetching: Andhra Pradesh - Vizianagaram | A-Ve | Fresh Frozen Plasma
2026-09-19 04:56:28,100 - INFO - Saved 17 rows.
2026-09-19 04:56:28,101 - INFO - Fetching: Andhra Pradesh - Vizianagaram | A-Ve | Platelet Rich Plasma
2026-09-19 04:56:29,177 - INFO - No data found.
2026-09-19 04:56:29,177 - INFO - Fetching: Andhra Pradesh - Vizianagaram | B+Ve | Packed Red Blood Cells
2026-09-19 04:56:30,044 - INFO - Saved 17 rows.
2026-09-19 04:56:30,044 - INFO - Fetching: Andhra Pradesh - Vizianagaram | B+Ve | Fresh Frozen Plasma
2026-09-19 04:56:31,191 - INFO - Saved 17 rows.
2026-09-19 04:56:31,191 - INFO - Fetching: Andhra Pradesh - Vizianagaram | B+Ve | Platelet Rich Plasma
2026-09-19 04:56:32,317 - INFO - No data found.
2026-09-19 04:56:32,318 - INFO - Fetching: Andhra Pradesh - Vizianagaram | B-Ve | Packed Red Blood Cells
2026-09-19 04:56:33,672 - INFO - Saved 17 rows.
2026-09-19 04:56:33,672 - INFO - Fetching: Andhra Pradesh - Vizianagaram | B-Ve | Fresh Frozen Plasma
2026-09-19 04:56:34,812 - INFO - Saved 17 rows.
2026-09-19 04:56:34,812 - INFO - Fetching: Andhra Pradesh - Vizianagaram | B-Ve | Platelet Rich Plasma
2026-09-19 04:56:35,694 - INFO - No data found.
2026-09-19 04:56:35,694 - INFO - Fetching: Andhra Pradesh - Vizianagaram | O+Ve | Packed Red Blood Cells
2026-09-19 04:56:36,569 - INFO - Saved 17 rows.
2026-09-19 04:56:36,569 - INFO - Fetching: Andhra Pradesh - Vizianagaram | O+Ve | Fresh Frozen Plasma
2026-09-19 04:56:37,427 - INFO - Saved 17 rows.
2026-09-19 04:56:37,427 - INFO - Fetching: Andhra Pradesh - Vizianagaram | O+Ve | Platelet Rich Plasma
2026-09-19 04:56:38,368 - INFO - No data found.
2026-09-19 04:56:38,369 - INFO - Fetching: Andhra Pradesh - Vizianagaram | O-Ve | Packed Red Blood Cells
2026-09-19 04:56:39,451 - INFO - Saved 17 rows.
2026-09-19 04:56:39,451 - INFO - Fetching: Andhra Pradesh - Vizianagaram | O-Ve | Fresh Frozen Plasma
2026-09-19 04:56:40,587 - INFO - Saved 17 rows.
2026-09-19 04:56:40,587 - INFO - Fetching: Andhra Pradesh - Vizianagaram | O-Ve | Platelet Rich Plasma
2026-09-19 04:56:41,440 - INFO - No data found.
2026-09-19 04:56:41,440 - INFO - Fetching: Andhra Pradesh - Vizianagaram | AB+Ve | Packed Red Blood Cells
2026-09-19 04:56:42,738 - INFO - Saved 17 rows.
2026-09-19 04:56:42,738 - INFO - Fetching: Andhra Pradesh - Vizianagaram | AB+Ve | Fresh Frozen Plasma
2026-09-19 04:56:43,624 - INFO - Saved 17 rows.
2026-09-19 04:56:43,624 - INFO - Fetching: Andhra Pradesh - Vizianagaram | AB+Ve | Platelet Rich Plasma
2026-09-19 04:56:44,519 - INFO - No data found.
2026-09-19 04:56:44,520 - INFO - Fetching: Andhra Pradesh - Vizianagaram | AB-Ve | Packed Red Blood Cells
2026-09-19 04:56:45,376 - INFO - Saved 17 rows.
2026-09-19 04:56:45,376 - INFO - Fetching: Andhra Pradesh - Vizianagaram | AB-Ve | Fresh Frozen Plasma
2026-09-19 04:56:46,723 - INFO - Saved 17 rows.
2026-09-19 04:56:46,723 - INFO - Fetching: Andhra Pradesh - Vizianagaram | AB-Ve | Platelet Rich Plasma
2026-09-19 04:56:47,814 - INFO - No data found.
2026-09-19 04:56:47,815 - INFO - Fetching: Andhra Pradesh - West Godavari | A+Ve | Packed Red Blood Cells
2026-09-19 04:56:48,902 - INFO - Saved 17 rows.
2026-09-19 04:56:48,902 - INFO - Fetching: Andhra Pradesh - West Godavari | A+Ve | Fresh Frozen Plasma
2026-09-19 04:56:49,762 - INFO - Saved 17 rows.
2026-09-19 04:56:49,762 - INFO - Fetching: Andhra Pradesh - West Godavari | A+Ve | Platelet Rich Plasma
2026-09-19 04:56:50,620 - INFO - No data found.
2026-09-19 04:56:50,621 - INFO - Fetching: Andhra Pradesh - West Godavari | A-Ve | Packed Red Blood Cells
2026-09-19 04:56:51,479 - INFO - Saved 17 rows.
2026-09-19 04:56:51,479 - INFO - Fetching: Andhra Pradesh - West Godavari | A-Ve | Fresh Frozen Plasma
2026-09-19 04:56:52,354 - INFO - Saved 17 rows.
2026-09-19 04:56:52,354 - INFO - Fetching: Andhra Pradesh - West Godavari | A-Ve | Platelet Rich Plasma
2026-09-19 04:56:53,214 - INFO - No data found.
2026-09-19 04:56:53,214 - INFO - Fetching: Andhra Pradesh - West Godavari | B+Ve | Packed Red Blood Cells
2026-09-19 04:56:54,322 - INFO - Saved 17 rows.
2026-09-19 04:56:54,322 - INFO - Fetching: Andhra Pradesh - West Godavari | B+Ve | Fresh Frozen Plasma
2026-09-19 04:56:55,183 - INFO - Saved 17 rows.
2026-09-19 04:56:55,183 - INFO - Fetching: Andhra Pradesh - West Godavari | B+Ve | Platelet Rich Plasma
2026-09-19 04:56:56,475 - INFO - No data found.
2026-09-19 04:56:56,475 - INFO - Fetching: Andhra Pradesh - West Godavari | B-Ve | Packed Red Blood Cells
2026-09-19 04:56:57,333 - INFO - Saved 17 rows.
2026-09-19 04:56:57,333 - INFO - Fetching: Andhra Pradesh - West Godavari | B-Ve | Fresh Frozen Plasma
2026-09-19 04:56:58,199 - INFO - Saved 17 rows.
2026-09-19 04:56:58,199 - INFO - Fetching: Andhra Pradesh - West Godavari | B-Ve | Platelet Rich Plasma
2026-09-19 04:56:59,066 - INFO - No data found.
2026-09-19 04:56:59,066 - INFO - Fetching: Andhra Pradesh - West Godavari | O+Ve | Packed Red Blood Cells
2026-09-19 04:56:59,927 - INFO - Saved 17 rows.
2026-09-19 04:56:59,927 - INFO - Fetching: Andhra Pradesh - West Godavari | O+Ve | Fresh Frozen Plasma
2026-09-19 04:57:00,785 - INFO - Saved 17 rows.
2026-09-19 04:57:00,785 - INFO - Fetching: Andhra Pradesh - West Godavari | O+Ve | Platelet Rich Plasma
2026-09-19 04:57:01,637 - INFO - No data found.
2026-09-19 04:57:01,637 - INFO - Fetching: Andhra Pradesh - West Godavari | O-Ve | Packed Red Blood Cells
2026-09-19 04:57:02,499 - INFO - Saved 17 rows.
2026-09-19 04:57:02,499 - INFO - Fetching: Andhra Pradesh - West Godavari | O-Ve | Fresh Frozen Plasma
2026-09-19 04:57:03,378 - INFO - Saved 17 rows.
2026-09-19 04:57:03,378 - INFO - Fetching: Andhra Pradesh - West Godavari | O-Ve | Platelet Rich Plasma
2026-09-19 04:57:04,252 - INFO - No data found.
2026-09-19 04:57:04,252 - INFO - Fetching: Andhra Pradesh - West Godavari | AB+Ve | Packed Red Blood Cells
2026-09-19 04:57:05,349 - INFO - Saved 17 rows.
2026-09-19 04:57:05,350 - INFO - Fetching: Andhra Pradesh - West Godavari | AB+Ve | Fresh Frozen Plasma
2026-09-19 04:57:06,245 - INFO - Saved 17 rows.
2026-09-19 04:57:06,245 - INFO - Fetching: Andhra Pradesh - West Godavari | AB+Ve | Platelet Rich Plasma
2026-09-19 04:57:07,098 - INFO - No data found.
2026-09-19 04:57:07,098 - INFO - Fetching: Andhra Pradesh - West Godavari | AB-Ve | Packed Red Blood Cells
2026-09-19 04:57:08,024 - INFO - Saved 17 rows.
2026-09-19 04:57:08,024 - INFO - Fetching: Andhra Pradesh - West Godavari | AB-Ve | Fresh Frozen Plasma
2026-09-19 04:57:08,917 - INFO - Saved 17 rows.
2026-09-19 04:57:08,917 - INFO - Fetching: Andhra Pradesh - West Godavari | AB-Ve | Platelet Rich Plasma
2026-09-19 04:57:10,058 - INFO - No data found.
2026-09-19 04:57:10,058 - INFO - Collection complete. Fetched 2048 total records to blood_data.csv.
2026-09-20 05:15:33,089 - INFO - Loaded master data from cache.
2026-09-20 05:15:33,089 - INFO - Fetching: Andhra Pradesh - Alluri Sitharama Raju | A+Ve | Packed Red Blood Cells
2026-09-20 05:15:34,233 - INFO - Saved 5 rows.
2026-09-20 05:15:34,233 - INFO - Fetching: Andhra Pradesh - Alluri Sitharama Raju | A+Ve | Fresh Frozen Plasma
2026-09-20 05:15:35,355 - INFO - Saved 5 rows.
2026-09-20 05:15:35,355 - INFO - Fetching: Andhra Pradesh - Alluri Sitharama Raju | A+Ve | Platelet Rich Plasma
2026-09-20 05:15:36,923 - INFO - No data found.
2026-09-20 05:15:36,924 - INFO - Fetching: Andhra Pradesh - Alluri Sitharama Raju | A-Ve | Packed Red Blood Cells
2026-09-20 05:15:38,058 - INFO - Saved 5 rows.
2026-09-20 05:15:38,058 - INFO - Fetching: Andhra Pradesh - Alluri Sitharama Raju | A-Ve | Fresh Frozen Plasma
2026-09-20 05:15:39,396 - INFO - Saved 5 rows.
2026-09-20 05:15:39,396 - INFO - Fetching: Andhra Pradesh - Alluri Sitharama Raju | A-Ve | Platelet Rich Plasma
2026-09-20 05:15:40,258 - INFO - No data found.
2026-09-20 05:15:40,258 - INFO - Fetching: Andhra Pradesh - Alluri Sitharama Raju | B+Ve | Packed Red Blood Cells
2026-09-20 05:15:41,382 - INFO - Saved 5 rows.
2026-09-20 05:15:41,382 - INFO - Fetching: Andhra Pradesh - Alluri Sitharama Raju | B+Ve | Fresh Frozen Plasma
2026-09-20 05:15:42,734 - INFO - Saved 5 rows.
2026-09-20 05:15:42,734 - INFO - Fetching: Andhra Pradesh - Alluri Sitharama Raju | B+Ve | Platelet Rich Plasma
2026-09-20 05:15:43,634 - INFO - No data found.
2026-09-20 05:15:43,634 - INFO - Fetching: Andhra Pradesh - Alluri Sitharama Raju | B-Ve | Packed Red Blood Cells
2026-09-20 05:15:44,986 - INFO - Saved 5 rows.
2026-09-20 05:15:44,986 - INFO - Fetching: Andhra Pradesh - Alluri Sitharama Raju | B-Ve | Fresh Frozen Plasma
2026-09-20 05:15:46,133 - INFO - Saved 5 rows.
2026-09-20 05:15:46,133 - INFO - Fetching: Andhra Pradesh - Alluri Sitharama Raju | B-Ve | Platelet Rich Plasma
2026-09-20 05:15:47,484 - INFO - No data found.
2026-09-20 05:15:47,484 - INFO - Fetching: Andhra Pradesh - Alluri Sitharama Raju | O+Ve | Packed Red Blood Cells
2026-09-20 05:15:48,616 - INFO - Saved 5 rows.
2026-09-20 05:15:48,616 - INFO - Fetching: Andhra Pradesh - Alluri Sitharama Raju | O+Ve | Fresh Frozen Plasma
2026-09-20 05:15:49,895 - INFO - Saved 5 rows.
2026-09-20 05:15:49,895 - INFO - Fetching: Andhra Pradesh - Alluri Sitharama Raju | O+Ve | Platelet Rich Plasma
2026-09-20 05:15:50,763 - INFO - No data found.
2026-09-20 05:15:50,763 - INFO - Fetching: Andhra Pradesh - Alluri Sitharama Raju | O-Ve | Packed Red Blood Cells
2026-09-20 05:15:51,905 - INFO - Saved 5 rows.
2026-09-20 05:15:51,905 - INFO - Fetching: Andhra Pradesh - Alluri Sitharama Raju | O-Ve | Fresh Frozen Plasma
2026-09-20 05:15:53,037 - INFO - Saved 5 rows.
2026-09-20 05:15:53,037 - INFO - Fetching: Andhra Pradesh - Alluri Sitharama Raju | O-Ve | Platelet Rich Plasma
2026-09-20 05:15:53,885 - INFO - No data found.
2026-09-20 05:15:53,885 - INFO - Fetching: Andhra Pradesh - Alluri Sitharama Raju | AB+Ve | Packed Red Blood Cells
2026-09-20 05:15:54,758 - INFO - Saved 5 rows.
2026-09-20 05:15:54,758 - INFO - Fetching: Andhra Pradesh - Alluri Sitharama Raju | AB+Ve | Fresh Frozen Plasma
2026-09-20 05:15:55,637 - INFO - Saved 5 rows.
2026-09-20 05:15:55,637 - INFO - Fetching: Andhra Pradesh - Alluri Sitharama Raju | AB+Ve | Platelet Rich Plasma
2026-09-20 05:15:56,737 - INFO - No data found.
2026-09-20 05:15:56,737 - INFO - Fetching: Andhra Pradesh - Alluri Sitharama Raju | AB-Ve | Packed Red Blood Cells
2026-09-20 05:15:57,586 - INFO - Saved 5 rows.
2026-09-20 05:15:57,586 - INFO - Fetching: Andhra Pradesh - Alluri Sitharama Raju | AB-Ve | Fresh Frozen Plasma
2026-09-20 05:15:58,735 - INFO - Saved 5 rows.
2026-09-20 05:15:58,736 - INFO - Fetching: Andhra Pradesh - Alluri Sitharama Raju | AB-Ve | Platelet Rich Plasma
2026-09-20 05:15:59,602 - INFO - No data found.
2026-09-20 05:15:59,602 - INFO - Fetching: Andhra Pradesh - East Godavari | A+Ve | Packed Red Blood Cells
2026-09-20 05:16:00,471 - INFO - Saved 16 rows.
2026-09-20 05:16:00,471 - INFO - Fetching: Andhra Pradesh - East Godavari | A+Ve | Fresh Frozen Plasma
2026-09-20 05:16:01,351 - INFO - Saved 16 rows.
2026-09-20 05:16:01,351 - INFO - Fetching: Andhra Pradesh - East Godavari | A+Ve | Platelet Rich Plasma
2026-09-20 05:16:02,215 - INFO - No data found.
2026-09-20 05:16:02,215 - INFO - Fetching: Andhra Pradesh - East Godavari | A-Ve | Packed Red Blood Cells
2026-09-20 05:16:03,320 - INFO - Saved 16 rows.
2026-09-20 05:16:03,321 - INFO - Fetching: Andhra Pradesh - East Godavari | A-Ve | Fresh Frozen Plasma
2026-09-20 05:16:04,185 - INFO - Saved 16 rows.
2026-09-20 05:16:04,185 - INFO - Fetching: Andhra Pradesh - East Godavari | A-Ve | Platelet Rich Plasma
2026-09-20 05:16:05,058 - INFO - No data found.
2026-09-20 05:16:05,058 - INFO - Fetching: Andhra Pradesh - East Godavari | B+Ve | Packed Red Blood Cells
2026-09-20 05:16:05,920 - INFO - Saved 16 rows.
2026-09-20 05:16:05,920 - INFO - Fetching: Andhra Pradesh - East Godavari | B+Ve | Fresh Frozen Plasma
2026-09-20 05:16:06,794 - INFO - Saved 16 rows.
2026-09-20 05:16:06,794 - INFO - Fetching: Andhra Pradesh - East Godavari | B+Ve | Platelet Rich Plasma
2026-09-20 05:16:07,910 - INFO - No data found.
2026-09-20 05:16:07,910 - INFO - Fetching: Andhra Pradesh - East Godavari | B-Ve | Packed Red Blood Cells
2026-09-20 05:16:09,017 - INFO - Saved 16 rows.
2026-09-20 05:16:09,017 - INFO - Fetching: Andhra Pradesh - East Godavari | B-Ve | Fresh Frozen Plasma
2026-09-20 05:16:09,881 - INFO - Saved 16 rows.
2026-09-20 05:16:09,881 - INFO - Fetching: Andhra Pradesh - East Godavari | B-Ve | Platelet Rich Plasma
2026-09-20 05:16:10,741 - INFO - No data found.
2026-09-20 05:16:10,742 - INFO - Fetching: Andhra Pradesh - East Godavari | O+Ve | Packed Red Blood Cells
2026-09-20 05:16:11,598 - INFO - Saved 16 rows.
2026-09-20 05:16:11,598 - INFO - Fetching: Andhra Pradesh - East Godavari | O+Ve | Fresh Frozen Plasma
2026-09-20 05:16:13,144 - INFO - Saved 16 rows.
2026-09-20 05:16:13,144 - INFO - Fetching: Andhra Pradesh - East Godavari | O+Ve | Platelet Rich Plasma
2026-09-20 05:16:14,216 - INFO - No data found.
2026-09-20 05:16:14,216 - INFO - Fetching: Andhra Pradesh - East Godavari | O-Ve | Packed Red Blood Cells
2026-09-20 05:16:15,088 - INFO - Saved 16 rows.
2026-09-20 05:16:15,088 - INFO - Fetching: Andhra Pradesh - East Godavari | O-Ve | Fresh Frozen Plasma
2026-09-20 05:16:16,003 - INFO - Saved 16 rows.
2026-09-20 05:16:16,003 - INFO - Fetching: Andhra Pradesh - East Godavari | O-Ve | Platelet Rich Plasma
2026-09-20 05:16:16,847 - INFO - No data found.
2026-09-20 05:16:16,848 - INFO - Fetching: Andhra Pradesh - East Godavari | AB+Ve | Packed Red Blood Cells
2026-09-20 05:16:17,724 - INFO - Saved 16 rows.
2026-09-20 05:16:17,724 - INFO - Fetching: Andhra Pradesh - East Godavari | AB+Ve | Fresh Frozen Plasma
2026-09-20 05:16:18,856 - INFO - Saved 16 rows.
2026-09-20 05:16:18,856 - INFO - Fetching: Andhra Pradesh - East Godavari | AB+Ve | Platelet Rich Plasma
2026-09-20 05:16:19,727 - INFO - No data found.
2026-09-20 05:16:19,727 - INFO - Fetching: Andhra Pradesh - East Godavari | AB-Ve | Packed Red Blood Cells
2026-09-20 05:16:20,600 - INFO - Saved 16 rows.
2026-09-20 05:16:20,600 - INFO - Fetching: Andhra Pradesh - East Godavari | AB-Ve | Fresh Frozen Plasma
2026-09-20 05:16:21,518 - INFO - Saved 16 rows.
2026-09-20 05:16:21,518 - INFO - Fetching: Andhra Pradesh - East Godavari | AB-Ve | Platelet Rich Plasma
2026-09-20 05:16:22,368 - INFO - No data found.
2026-09-20 05:16:22,368 - INFO - Fetching: Andhra Pradesh - Krishna | A+Ve | Packed Red Blood Cells
2026-09-20 05:16:23,265 - INFO - Saved 14 rows.
2026-09-20 05:16:23,265 - INFO - Fetching: Andhra Pradesh - Krishna | A+Ve | Fresh Frozen Plasma
2026-09-20 05:16:24,154 - INFO - Saved 14 rows.
2026-09-20 05:16:24,154 - INFO - Fetching: Andhra Pradesh - Krishna | A+Ve | Platelet Rich Plasma
2026-09-20 05:16:25,020 - INFO - No data found.
2026-09-20 05:16:25,021 - INFO - Fetching: Andhra Pradesh - Krishna | A-Ve | Packed Red Blood Cells
2026-09-20 05:16:26,131 - INFO - Saved 14 rows.
2026-09-20 05:16:26,131 - INFO - Fetching: Andhra Pradesh - Krishna | A-Ve | Fresh Frozen Plasma
2026-09-20 05:16:27,046 - INFO - Saved 14 rows.
2026-09-20 05:16:27,046 - INFO - Fetching: Andhra Pradesh - Krishna | A-Ve | Platelet Rich Plasma
2026-09-20 05:16:27,898 - INFO - No data found.
2026-09-20 05:16:27,898 - INFO - Fetching: Andhra Pradesh - Krishna | B+Ve | Packed Red Blood Cells
2026-09-20 05:16:28,771 - INFO - Saved 14 rows.
2026-09-20 05:16:28,772 - INFO - Fetching: Andhra Pradesh - Krishna | B+Ve | Fresh Frozen Plasma
2026-09-20 05:16:30,168 - INFO - Saved 14 rows.
2026-09-20 05:16:30,169 - INFO - Fetching: Andhra Pradesh - Krishna | B+Ve | Platelet Rich Plasma
2026-09-20 05:16:31,037 - INFO - No data found.
2026-09-20 05:16:31,037 - INFO - Fetching: Andhra Pradesh - Krishna | B-Ve | Packed Red Blood Cells
2026-09-20 05:16:31,889 - INFO - Saved 14 rows.
2026-09-20 05:16:31,889 - INFO - Fetching: Andhra Pradesh - Krishna | B-Ve | Fresh Frozen Plasma
2026-09-20 05:16:32,763 - INFO - Saved 14 rows.
2026-09-20 05:16:32,763 - INFO - Fetching: Andhra Pradesh - Krishna | B-Ve | Platelet Rich Plasma
2026-09-20 05:16:33,636 - INFO - No data found.
2026-09-20 05:16:33,636 - INFO - Fetching: Andhra Pradesh - Krishna | O+Ve | Packed Red Blood Cells
2026-09-20 05:16:34,493 - INFO - Saved 14 rows.
2026-09-20 05:16:34,493 - INFO - Fetching: Andhra Pradesh - Krishna | O+Ve | Fresh Frozen Plasma
2026-09-20 05:16:35,350 - INFO - Saved 14 rows.
2026-09-20 05:16:35,350 - INFO - Fetching: Andhra Pradesh - Krishna | O+Ve | Platelet Rich Plasma
2026-09-20 05:16:36,225 - INFO - No data found.
2026-09-20 05:16:36,225 - INFO - Fetching: Andhra Pradesh - Krishna | O-Ve | Packed Red Blood Cells
2026-09-20 05:16:37,082 - INFO - Saved 14 rows.
2026-09-20 05:16:37,082 - INFO - Fetching: Andhra Pradesh - Krishna | O-Ve | Fresh Frozen Plasma
2026-09-20 05:16:37,948 - INFO - Saved 14 rows.
2026-09-20 05:16:37,948 - INFO - Fetching: Andhra Pradesh - Krishna | O-Ve | Platelet Rich Plasma
2026-09-20 05:16:38,813 - INFO - No data found.
2026-09-20 05:16:38,814 - INFO - Fetching: Andhra Pradesh - Krishna | AB+Ve | Packed Red Blood Cells
2026-09-20 05:16:39,688 - INFO - Saved 14 rows.
2026-09-20 05:16:39,689 - INFO - Fetching: Andhra Pradesh - Krishna | AB+Ve | Fresh Frozen Plasma
2026-09-20 05:16:40,564 - INFO - Saved 14 rows.
2026-09-20 05:16:40,564 - INFO - Fetching: Andhra Pradesh - Krishna | AB+Ve | Platelet Rich Plasma
2026-09-20 05:16:41,431 - INFO - No data found.
2026-09-20 05:16:41,431 - INFO - Fetching: Andhra Pradesh - Krishna | AB-Ve | Packed Red Blood Cells
2026-09-20 05:16:42,325 - INFO - Saved 14 rows.
2026-09-20 05:16:42,325 - INFO - Fetching: Andhra Pradesh - Krishna | AB-Ve | Fresh Frozen Plasma
2026-09-20 05:16:43,678 - INFO - Saved 14 rows.
2026-09-20 05:16:43,678 - INFO - Fetching: Andhra Pradesh - Krishna | AB-Ve | Platelet Rich Plasma
2026-09-20 05:16:44,585 - INFO - No data found.
2026-09-20 05:16:44,586 - INFO - Fetching: Andhra Pradesh - Kurnool | A+Ve | Packed Red Blood Cells
2026-09-20 05:16:45,498 - INFO - Saved 22 rows.
2026-09-20 05:16:45,498 - INFO - Fetching: Andhra Pradesh - Kurnool | A+Ve | Fresh Frozen Plasma
2026-09-20 05:16:46,356 - INFO - Saved 22 rows.
2026-09-20 05:16:46,356 - INFO - Fetching: Andhra Pradesh - Kurnool | A+Ve | Platelet Rich Plasma
2026-09-20 05:16:47,205 - INFO - No data found.
2026-09-20 05:16:47,206 - INFO - Fetching: Andhra Pradesh - Kurnool | A-Ve | Packed Red Blood Cells
2026-09-20 05:16:48,093 - INFO - Saved 22 rows.
2026-09-20 05:16:48,094 - INFO - Fetching: Andhra Pradesh - Kurnool | A-Ve | Fresh Frozen Plasma
2026-09-20 05:16:48,968 - INFO - Saved 22 rows.
2026-09-20 05:16:48,968 - INFO - Fetching: Andhra Pradesh - Kurnool | A-Ve | Platelet Rich Plasma
2026-09-20 05:16:49,852 - INFO - No data found.
2026-09-20 05:16:49,853 - INFO - Fetching: Andhra Pradesh - Kurnool | B+Ve | Packed Red Blood Cells
2026-09-20 05:16:50,732 - INFO - Saved 22 rows.
2026-09-20 05:16:50,732 - INFO - Fetching: Andhra Pradesh - Kurnool | B+Ve | Fresh Frozen Plasma
2026-09-20 05:16:51,656 - INFO - Saved 22 rows.
2026-09-20 05:16:51,656 - INFO - Fetching: Andhra Pradesh - Kurnool | B+Ve | Platelet Rich Plasma
2026-09-20 05:16:52,529 - INFO - No data found.
2026-09-20 05:16:52,530 - INFO - Fetching: Andhra Pradesh - Kurnool | B-Ve | Packed Red Blood Cells
2026-09-20 05:16:53,401 - INFO - Saved 22 rows.
2026-09-20 05:16:53,401 - INFO - Fetching: Andhra Pradesh - Kurnool | B-Ve | Fresh Frozen Plasma
2026-09-20 05:16:54,259 - INFO - Saved 22 rows.
2026-09-20 05:16:54,259 - INFO - Fetching: Andhra Pradesh - Kurnool | B-Ve | Platelet Rich Plasma
2026-09-20 05:16:55,146 - INFO - No data found.
2026-09-20 05:16:55,146 - INFO - Fetching: Andhra Pradesh - Kurnool | O+Ve | Packed Red Blood Cells
2026-09-20 05:16:56,004 - INFO - Saved 22 rows.
2026-09-20 05:16:56,004 - INFO - Fetching: Andhra Pradesh - Kurnool | O+Ve | Fresh Frozen Plasma
2026-09-20 05:16:56,864 - INFO - Saved 22 rows.
2026-09-20 05:16:56,864 - INFO - Fetching: Andhra Pradesh - Kurnool | O+Ve | Platelet Rich Plasma
2026-09-20 05:16:57,722 - INFO - No data found.
2026-09-20 05:16:57,722 - INFO - Fetching: Andhra Pradesh - Kurnool | O-Ve | Packed Red Blood Cells
2026-09-20 05:16:58,656 - INFO - Saved 22 rows.
2026-09-20 05:16:58,656 - INFO - Fetching: Andhra Pradesh - Kurnool | O-Ve | Fresh Frozen Plasma
2026-09-20 05:16:59,518 - INFO - Saved 22 rows.
2026-09-20 05:16:59,518 - INFO - Fetching: Andhra Pradesh - Kurnool | O-Ve | Platelet Rich Plasma
2026-09-20 05:17:00,369 - INFO - No data found.
2026-09-20 05:17:00,369 - INFO - Fetching: Andhra Pradesh - Kurnool | AB+Ve | Packed Red Blood Cells
2026-09-20 05:17:01,225 - INFO - Saved 22 rows.
2026-09-20 05:17:01,225 - INFO - Fetching: Andhra Pradesh - Kurnool | AB+Ve | Fresh Frozen Plasma
2026-09-20 05:17:02,086 - INFO - Saved 22 rows.
2026-09-20 05:17:02,086 - INFO - Fetching: Andhra Pradesh - Kurnool | AB+Ve | Platelet Rich Plasma
2026-09-20 05:17:02,947 - INFO - No data found.
2026-09-20 05:17:02,947 - INFO - Fetching: Andhra Pradesh - Kurnool | AB-Ve | Packed Red Blood Cells
2026-09-20 05:17:04,074 - INFO - Saved 22 rows.
2026-09-20 05:17:04,074 - INFO - Fetching: Andhra Pradesh - Kurnool | AB-Ve | Fresh Frozen Plasma
2026-09-20 05:17:04,945 - INFO - Saved 22 rows.
2026-09-20 05:17:04,945 - INFO - Fetching: Andhra Pradesh - Kurnool | AB-Ve | Platelet Rich Plasma
2026-09-20 05:17:05,811 - INFO - No data found.
2026-09-20 05:17:05,811 - INFO - Fetching: Andhra Pradesh - Prakasam | A+Ve | Packed Red Blood Cells
2026-09-20 05:17:06,718 - INFO - Saved 18 rows.
2026-09-20 05:17:06,718 - INFO - Fetching: Andhra Pradesh - Prakasam | A+Ve | Fresh Frozen Plasma
2026-09-20 05:17:07,590 - INFO - Saved 18 rows.
2026-09-20 05:17:07,590 - INFO - Fetching: Andhra Pradesh - Prakasam | A+Ve | Platelet Rich Plasma
2026-09-20 05:17:08,439 - INFO - No data found.
2026-09-20 05:17:08,439 - INFO - Fetching: Andhra Pradesh - Prakasam | A-Ve | Packed Red Blood Cells
2026-09-20 05:17:09,302 - INFO - Saved 18 rows.
2026-09-20 05:17:09,302 - INFO - Fetching: Andhra Pradesh - Prakasam | A-Ve | Fresh Frozen Plasma
2026-09-20 05:17:10,170 - INFO - Saved 18 rows.
2026-09-20 05:17:10,170 - INFO - Fetching: Andhra Pradesh - Prakasam | A-Ve | Platelet Rich Plasma
2026-09-20 05:17:11,012 - INFO - No data found.
2026-09-20 05:17:11,013 - INFO - Fetching: Andhra Pradesh - Prakasam | B+Ve | Packed Red Blood Cells
2026-09-20 05:17:11,896 - INFO - Saved 18 rows.
2026-09-20 05:17:11,896 - INFO - Fetching: Andhra Pradesh - Prakasam | B+Ve | Fresh Frozen Plasma
2026-09-20 05:17:12,765 - INFO - Saved 18 rows.
2026-09-20 05:17:12,765 - INFO - Fetching: Andhra Pradesh - Prakasam | B+Ve | Platelet Rich Plasma
2026-09-20 05:17:13,614 - INFO - No data found.
2026-09-20 05:17:13,614 - INFO - Fetching: Andhra Pradesh - Prakasam | B-Ve | Packed Red Blood Cells
2026-09-20 05:17:14,476 - INFO - Saved 18 rows.
2026-09-20 05:17:14,476 - INFO - Fetching: Andhra Pradesh - Prakasam | B-Ve | Fresh Frozen Plasma
2026-09-20 05:17:15,391 - INFO - Saved 18 rows.
2026-09-20 05:17:15,391 - INFO - Fetching: Andhra Pradesh - Prakasam | B-Ve | Platelet Rich Plasma
2026-09-20 05:17:16,274 - INFO - No data found.
2026-09-20 05:17:16,274 - INFO - Fetching: Andhra Pradesh - Prakasam | O+Ve | Packed Red Blood Cells
2026-09-20 05:17:17,142 - INFO - Saved 18 rows.
2026-09-20 05:17:17,142 - INFO - Fetching: Andhra Pradesh - Prakasam | O+Ve | Fresh Frozen Plasma
2026-09-20 05:17:18,041 - INFO - Saved 18 rows.
2026-09-20 05:17:18,041 - INFO - Fetching: Andhra Pradesh - Prakasam | O+Ve | Platelet Rich Plasma
2026-09-20 05:17:18,922 - INFO - No data found.
2026-09-20 05:17:18,922 - INFO - Fetching: Andhra Pradesh - Prakasam | O-Ve | Packed Red Blood Cells
2026-09-20 05:17:19,781 - INFO - Saved 18 rows.
2026-09-20 05:17:19,781 - INFO - Fetching: Andhra Pradesh - Prakasam | O-Ve | Fresh Frozen Plasma
2026-09-20 05:17:20,662 - INFO - Saved 18 rows.
2026-09-20 05:17:20,662 - INFO - Fetching: Andhra Pradesh - Prakasam | O-Ve | Platelet Rich Plasma
2026-09-20 05:17:21,528 - INFO - No data found.
2026-09-20 05:17:21,528 - INFO - Fetching: Andhra Pradesh - Prakasam | AB+Ve | Packed Red Blood Cells
2026-09-20 05:17:22,506 - INFO - Saved 18 rows.
2026-09-20 05:17:22,506 - INFO - Fetching: Andhra Pradesh - Prakasam | AB+Ve | Fresh Frozen Plasma
2026-09-20 05:17:23,376 - INFO - Saved 18 rows.
2026-09-20 05:17:23,376 - INFO - Fetching: Andhra Pradesh - Prakasam | AB+Ve | Platelet Rich Plasma
2026-09-20 05:17:24,229 - INFO - No data found.
2026-09-20 05:17:24,229 - INFO - Fetching: Andhra Pradesh - Prakasam | AB-Ve | Packed Red Blood Cells
2026-09-20 05:17:25,095 - INFO - Saved 18 rows.
2026-09-20 05:17:25,095 - INFO - Fetching: Andhra Pradesh - Prakasam | AB-Ve | Fresh Frozen Plasma
2026-09-20 05:17:25,991 - INFO - Saved 18 rows.
2026-09-20 05:17:25,991 - INFO - Fetching: Andhra Pradesh - Prakasam | AB-Ve | Platelet Rich Plasma
2026-09-20 05:17:26,857 - INFO - No data found.
2026-09-20 05:17:26,857 - INFO - Fetching: Andhra Pradesh - Srikakulam | A+Ve | Packed Red Blood Cells
2026-09-20 05:17:27,747 - INFO - Saved 19 rows.
2026-09-20 05:17:27,747 - INFO - Fetching: Andhra Pradesh - Srikakulam | A+Ve | Fresh Frozen Plasma
2026-09-20 05:17:28,615 - INFO - Saved 19 rows.
2026-09-20 05:17:28,615 - INFO - Fetching: Andhra Pradesh - Srikakulam | A+Ve | Platelet Rich Plasma
2026-09-20 05:17:29,487 - INFO - No data found.
2026-09-20 05:17:29,487 - INFO - Fetching: Andhra Pradesh - Srikakulam | A-Ve | Packed Red Blood Cells
2026-09-20 05:17:30,353 - INFO - Saved 19 rows.
2026-09-20 05:17:30,353 - INFO - Fetching: Andhra Pradesh - Srikakulam | A-Ve | Fresh Frozen Plasma
2026-09-20 05:17:31,226 - INFO - Saved 19 rows.
2026-09-20 05:17:31,226 - INFO - Fetching: Andhra Pradesh - Srikakulam | A-Ve | Platelet Rich Plasma
2026-09-20 05:17:32,213 - INFO - No data found.
2026-09-20 05:17:32,213 - INFO - Fetching: Andhra Pradesh - Srikakulam | B+Ve | Packed Red Blood Cells
2026-09-20 05:17:33,091 - INFO - Saved 19 rows.
2026-09-20 05:17:33,091 - INFO - Fetching: Andhra Pradesh - Srikakulam | B+Ve | Fresh Frozen Plasma
2026-09-20 05:17:34,016 - INFO - Saved 19 rows.
2026-09-20 05:17:34,016 - INFO - Fetching: Andhra Pradesh - Srikakulam | B+Ve | Platelet Rich Plasma
2026-09-20 05:17:34,922 - INFO - No data found.
2026-09-20 05:17:34,922 - INFO - Fetching: Andhra Pradesh - Srikakulam | B-Ve | Packed Red Blood Cells
2026-09-20 05:17:35,796 - INFO - Saved 19 rows.
2026-09-20 05:17:35,796 - INFO - Fetching: Andhra Pradesh - Srikakulam | B-Ve | Fresh Frozen Plasma
2026-09-20 05:17:36,669 - INFO - Saved 19 rows.
2026-09-20 05:17:36,669 - INFO - Fetching: Andhra Pradesh - Srikakulam | B-Ve | Platelet Rich Plasma
2026-09-20 05:17:37,530 - INFO - No data found.
2026-09-20 05:17:37,530 - INFO - Fetching: Andhra Pradesh - Srikakulam | O+Ve | Packed Red Blood Cells
2026-09-20 05:17:38,444 - INFO - Saved 19 rows.
2026-09-20 05:17:38,444 - INFO - Fetching: Andhra Pradesh - Srikakulam | O+Ve | Fresh Frozen Plasma
2026-09-20 05:17:39,329 - INFO - Saved 19 rows.
2026-09-20 05:17:39,329 - INFO - Fetching: Andhra Pradesh - Srikakulam | O+Ve | Platelet Rich Plasma
2026-09-20 05:17:40,179 - INFO - No data found.
2026-09-20 05:17:40,180 - INFO - Fetching: Andhra Pradesh - Srikakulam | O-Ve | Packed Red Blood Cells
2026-09-20 05:17:41,084 - INFO - Saved 19 rows.
2026-09-20 05:17:41,085 - INFO - Fetching: Andhra Pradesh - Srikakulam | O-Ve | Fresh Frozen Plasma
2026-09-20 05:17:41,961 - INFO - Saved 19 rows.
2026-09-20 05:17:41,961 - INFO - Fetching: Andhra Pradesh - Srikakulam | O-Ve | Platelet Rich Plasma
2026-09-20 05:17:42,810 - INFO - No data found.
2026-09-20 05:17:42,811 - INFO - Fetching: Andhra Pradesh - Srikakulam | AB+Ve | Packed Red Blood Cells
2026-09-20 05:17:43,718 - INFO - Saved 19 rows.
2026-09-20 05:17:43,718 - INFO - Fetching: Andhra Pradesh - Srikakulam | AB+Ve | Fresh Frozen Plasma
2026-09-20 05:17:44,642 - INFO - Saved 19 rows.
2026-09-20 05:17:44,642 - INFO - Fetching: Andhra Pradesh - Srikakulam | AB+Ve | Platelet Rich Plasma
2026-09-20 05:17:45,523 - INFO - No data found.
2026-09-20 05:17:45,523 - INFO - Fetching: Andhra Pradesh - Srikakulam | AB-Ve | Packed Red Blood Cells
2026-09-20 05:17:46,413 - INFO - Saved 19 rows.
2026-09-20 05:17:46,413 - INFO - Fetching: Andhra Pradesh - Srikakulam | AB-Ve | Fresh Frozen Plasma
2026-09-20 05:17:47,310 - INFO - Saved 19 rows.
2026-09-20 05:17:47,310 - INFO - Fetching: Andhra Pradesh - Srikakulam | AB-Ve | Platelet Rich Plasma
2026-09-20 05:17:48,169 - INFO - No data found.
2026-09-20 05:17:48,169 - INFO - Fetching: Andhra Pradesh - Vizianagaram | A+Ve | Packed Red Blood Cells
2026-09-20 05:17:49,045 - INFO - Saved 17 rows.
2026-09-20 05:17:49,045 - INFO - Fetching: Andhra Pradesh - Vizianagaram | A+Ve | Fresh Frozen Plasma
2026-09-20 05:17:49,937 - INFO - Saved 17 rows.
2026-09-20 05:17:49,937 - INFO - Fetching: Andhra Pradesh - Vizianagaram | A+Ve | Platelet Rich Plasma
2026-09-20 05:17:50,803 - INFO - No data found.
2026-09-20 05:17:50,803 - INFO - Fetching: Andhra Pradesh - Vizianagaram | A-Ve | Packed Red Blood Cells
2026-09-20 05:17:51,693 - INFO - Saved 17 rows.
2026-09-20 05:17:51,694 - INFO - Fetching: Andhra Pradesh - Vizianagaram | A-Ve | Fresh Frozen Plasma
2026-09-20 05:17:52,571 - INFO - Saved 17 rows.
2026-09-20 05:17:52,571 - INFO - Fetching: Andhra Pradesh - Vizianagaram | A-Ve | Platelet Rich Plasma
2026-09-20 05:17:53,433 - INFO - No data found.
2026-09-20 05:17:53,433 - INFO - Fetching: Andhra Pradesh - Vizianagaram | B+Ve | Packed Red Blood Cells
2026-09-20 05:17:54,290 - INFO - Saved 17 rows.
2026-09-20 05:17:54,290 - INFO - Fetching: Andhra Pradesh - Vizianagaram | B+Ve | Fresh Frozen Plasma
2026-09-20 05:17:55,167 - INFO - Saved 17 rows.
2026-09-20 05:17:55,167 - INFO - Fetching: Andhra Pradesh - Vizianagaram | B+Ve | Platelet Rich Plasma
2026-09-20 05:17:56,020 - INFO - No data found.
2026-09-20 05:17:56,020 - INFO - Fetching: Andhra Pradesh - Vizianagaram | B-Ve | Packed Red Blood Cells
2026-09-20 05:17:56,934 - INFO - Saved 17 rows.
2026-09-20 05:17:56,935 - INFO - Fetching: Andhra Pradesh - Vizianagaram | B-Ve | Fresh Frozen Plasma
2026-09-20 05:17:57,794 - INFO - Saved 17 rows.
2026-09-20 05:17:57,794 - INFO - Fetching: Andhra Pradesh - Vizianagaram | B-Ve | Platelet Rich Plasma
2026-09-20 05:17:58,668 - INFO - No data found.
2026-09-20 05:17:58,668 - INFO - Fetching: Andhra Pradesh - Vizianagaram | O+Ve | Packed Red Blood Cells
2026-09-20 05:17:59,516 - INFO - Saved 17 rows.
2026-09-20 05:17:59,516 - INFO - Fetching: Andhra Pradesh - Vizianagaram | O+Ve | Fresh Frozen Plasma
2026-09-20 05:18:00,384 - INFO - Saved 17 rows.
2026-09-20 05:18:00,385 - INFO - Fetching: Andhra Pradesh - Vizianagaram | O+Ve | Platelet Rich Plasma
2026-09-20 05:18:01,230 - INFO - No data found.
2026-09-20 05:18:01,230 - INFO - Fetching: Andhra Pradesh - Vizianagaram | O-Ve | Packed Red Blood Cells
2026-09-20 05:18:02,092 - INFO - Saved 17 rows.
2026-09-20 05:18:02,092 - INFO - Fetching: Andhra Pradesh - Vizianagaram | O-Ve | Fresh Frozen Plasma
2026-09-20 05:18:02,971 - INFO - Saved 17 rows.
2026-09-20 05:18:02,971 - INFO - Fetching: Andhra Pradesh - Vizianagaram | O-Ve | Platelet Rich Plasma
2026-09-20 05:18:04,018 - INFO - No data found.
2026-09-20 05:18:04,018 - INFO - Fetching: Andhra Pradesh - Vizianagaram | AB+Ve | Packed Red Blood Cells
2026-09-20 05:18:04,884 - INFO - Saved 17 rows.
2026-09-20 05:18:04,884 - INFO - Fetching: Andhra Pradesh - Vizianagaram | AB+Ve | Fresh Frozen Plasma
2026-09-20 05:18:05,758 - INFO - Saved 17 rows.
2026-09-20 05:18:05,758 - INFO - Fetching: Andhra Pradesh - Vizianagaram | AB+Ve | Platelet Rich Plasma
2026-09-20 05:18:06,654 - INFO - No data found.
2026-09-20 05:18:06,655 - INFO - Fetching: Andhra Pradesh - Vizianagaram | AB-Ve | Packed Red Blood Cells
2026-09-20 05:18:07,543 - INFO - Saved 17 rows.
2026-09-20 05:18:07,543 - INFO - Fetching: Andhra Pradesh - Vizianagaram | AB-Ve | Fresh Frozen Plasma
2026-09-20 05:18:08,412 - INFO - Saved 17 rows.
2026-09-20 05:18:08,412 - INFO - Fetching: Andhra Pradesh - Vizianagaram | AB-Ve | Platelet Rich Plasma
2026-09-20 05:18:09,276 - INFO - No data found.
2026-09-20 05:18:09,277 - INFO - Fetching: Andhra Pradesh - West Godavari | A+Ve | Packed Red Blood Cells
2026-09-20 05:18:10,146 - INFO - Saved 17 rows.
2026-09-20 05:18:10,146 - INFO - Fetching: Andhra Pradesh - West Godavari | A+Ve | Fresh Frozen Plasma
2026-09-20 05:18:11,025 - INFO - Saved 17 rows.
2026-09-20 05:18:11,025 - INFO - Fetching: Andhra Pradesh - West Godavari | A+Ve | Platelet Rich Plasma
2026-09-20 05:18:11,875 - INFO - No data found.
2026-09-20 05:18:11,876 - INFO - Fetching: Andhra Pradesh - West Godavari | A-Ve | Packed Red Blood Cells
2026-09-20 05:18:12,732 - INFO - Saved 17 rows.
2026-09-20 05:18:12,732 - INFO - Fetching: Andhra Pradesh - West Godavari | A-Ve | Fresh Frozen Plasma
2026-09-20 05:18:13,669 - INFO - Saved 17 rows.
2026-09-20 05:18:13,669 - INFO - Fetching: Andhra Pradesh - West Godavari | A-Ve | Platelet Rich Plasma
2026-09-20 05:18:14,543 - INFO - No data found.
2026-09-20 05:18:14,543 - INFO - Fetching: Andhra Pradesh - West Godavari | B+Ve | Packed Red Blood Cells
2026-09-20 05:18:15,411 - INFO - Saved 17 rows.
2026-09-20 05:18:15,411 - INFO - Fetching: Andhra Pradesh - West Godavari | B+Ve | Fresh Frozen Plasma
2026-09-20 05:18:16,285 - INFO - Saved 17 rows.
2026-09-20 05:18:16,285 - INFO - Fetching: Andhra Pradesh - West Godavari | B+Ve | Platelet Rich Plasma
2026-09-20 05:18:17,146 - INFO - No data found.
2026-09-20 05:18:17,146 - INFO - Fetching: Andhra Pradesh - West Godavari | B-Ve | Packed Red Blood Cells
2026-09-20 05:18:18,020 - INFO - Saved 17 rows.
2026-09-20 05:18:18,020 - INFO - Fetching: Andhra Pradesh - West Godavari | B-Ve | Fresh Frozen Plasma
2026-09-20 05:18:18,887 - INFO - Saved 17 rows.
2026-09-20 05:18:18,887 - INFO - Fetching: Andhra Pradesh - West Godavari | B-Ve | Platelet Rich Plasma
2026-09-20 05:18:19,738 - INFO - No data found.
2026-09-20 05:18:19,738 - INFO - Fetching: Andhra Pradesh - West Godavari | O+Ve | Packed Red Blood Cells
2026-09-20 05:18:20,607 - INFO - Saved 17 rows.
2026-09-20 05:18:20,607 - INFO - Fetching: Andhra Pradesh - West Godavari | O+Ve | Fresh Frozen Plasma
2026-09-20 05:18:21,474 - INFO - Saved 17 rows.
2026-09-20 05:18:21,474 - INFO - Fetching: Andhra Pradesh - West Godavari | O+Ve | Platelet Rich Plasma
2026-09-20 05:18:22,325 - INFO - No data found.
2026-09-20 05:18:22,325 - INFO - Fetching: Andhra Pradesh - West Godavari | O-Ve | Packed Red Blood Cells
2026-09-20 05:18:23,196 - INFO - Saved 17 rows.
2026-09-20 05:18:23,197 - INFO - Fetching: Andhra Pradesh - West Godavari | O-Ve | Fresh Frozen Plasma
2026-09-20 05:18:24,061 - INFO - Saved 17 rows.
2026-09-20 05:18:24,061 - INFO - Fetching: Andhra Pradesh - West Godavari | O-Ve | Platelet Rich Plasma
2026-09-20 05:18:24,941 - INFO - No data found.
2026-09-20 05:18:24,941 - INFO - Fetching: Andhra Pradesh - West Godavari | AB+Ve | Packed Red Blood Cells
2026-09-20 05:18:25,809 - INFO - Saved 17 rows.
2026-09-20 05:18:25,809 - INFO - Fetching: Andhra Pradesh - West Godavari | AB+Ve | Fresh Frozen Plasma
2026-09-20 05:18:26,679 - INFO - Saved 17 rows.
2026-09-20 05:18:26,680 - INFO - Fetching: Andhra Pradesh - West Godavari | AB+Ve | Platelet Rich Plasma
2026-09-20 05:18:27,533 - INFO - No data found.
2026-09-20 05:18:27,533 - INFO - Fetching: Andhra Pradesh - West Godavari | AB-Ve | Packed Red Blood Cells
2026-09-20 05:18:28,409 - INFO - Saved 17 rows.
2026-09-20 05:18:28,409 - INFO - Fetching: Andhra Pradesh - West Godavari | AB-Ve | Fresh Frozen Plasma
2026-09-20 05:18:29,293 - INFO - Saved 17 rows.
2026-09-20 05:18:29,293 - INFO - Fetching: Andhra Pradesh - West Godavari | AB-Ve | Platelet Rich Plasma
2026-09-20 05:18:30,154 - INFO - No data found.
2026-09-20 05:18:30,154 - INFO - Collection complete. Fetched 2048 total records to blood_data.csv.
2026-09-21 05:18:25,489 - INFO - Loaded master data from cache.
2026-09-21 05:18:25,489 - INFO - Fetching: Andhra Pradesh - Alluri Sitharama Raju | A+Ve | Packed Red Blood Cells
2026-09-21 05:18:26,851 - INFO - Saved 5 rows.
2026-09-21 05:18:26,851 - INFO - Fetching: Andhra Pradesh - Alluri Sitharama Raju | A+Ve | Fresh Frozen Plasma
2026-09-21 05:18:28,540 - INFO - Saved 5 rows.
2026-09-21 05:18:28,540 - INFO - Fetching: Andhra Pradesh - Alluri Sitharama Raju | A+Ve | Platelet Rich Plasma
2026-09-21 05:18:29,718 - INFO - No data found.
2026-09-21 05:18:29,719 - INFO - Fetching: Andhra Pradesh - Alluri Sitharama Raju | A-Ve | Packed Red Blood Cells
2026-09-21 05:18:30,959 - INFO - Saved 5 rows.
2026-09-21 05:18:30,959 - INFO - Fetching: Andhra Pradesh - Alluri Sitharama Raju | A-Ve | Fresh Frozen Plasma
2026-09-21 05:18:32,070 - INFO - Saved 5 rows.
2026-09-21 05:18:32,070 - INFO - Fetching: Andhra Pradesh - Alluri Sitharama Raju | A-Ve | Platelet Rich Plasma
2026-09-21 05:18:33,756 - INFO - No data found.
2026-09-21 05:18:33,756 - INFO - Fetching: Andhra Pradesh - Alluri Sitharama Raju | B+Ve | Packed Red Blood Cells
2026-09-21 05:18:34,694 - INFO - Saved 5 rows.
2026-09-21 05:18:34,694 - INFO - Fetching: Andhra Pradesh - Alluri Sitharama Raju | B+Ve | Fresh Frozen Plasma
2026-09-21 05:18:35,949 - INFO - Saved 5 rows.
2026-09-21 05:18:35,949 - INFO - Fetching: Andhra Pradesh - Alluri Sitharama Raju | B+Ve | Platelet Rich Plasma
2026-09-21 05:18:37,263 - INFO - No data found.
2026-09-21 05:18:37,263 - INFO - Fetching: Andhra Pradesh - Alluri Sitharama Raju | B-Ve | Packed Red Blood Cells
2026-09-21 05:18:38,625 - INFO - Saved 5 rows.
2026-09-21 05:18:38,625 - INFO - Fetching: Andhra Pradesh - Alluri Sitharama Raju | B-Ve | Fresh Frozen Plasma
2026-09-21 05:18:40,193 - INFO - Saved 5 rows.
2026-09-21 05:18:40,193 - INFO - Fetching: Andhra Pradesh - Alluri Sitharama Raju | B-Ve | Platelet Rich Plasma
2026-09-21 05:18:41,137 - INFO - No data found.
2026-09-21 05:18:41,137 - INFO - Fetching: Andhra Pradesh - Alluri Sitharama Raju | O+Ve | Packed Red Blood Cells
2026-09-21 05:18:42,441 - INFO - Saved 5 rows.
2026-09-21 05:18:42,441 - INFO - Fetching: Andhra Pradesh - Alluri Sitharama Raju | O+Ve | Fresh Frozen Plasma
2026-09-21 05:18:43,977 - INFO - Saved 5 rows.
2026-09-21 05:18:43,977 - INFO - Fetching: Andhra Pradesh - Alluri Sitharama Raju | O+Ve | Platelet Rich Plasma
2026-09-21 05:18:45,727 - INFO - No data found.
2026-09-21 05:18:45,727 - INFO - Fetching: Andhra Pradesh - Alluri Sitharama Raju | O-Ve | Packed Red Blood Cells
2026-09-21 05:18:46,812 - INFO - Saved 5 rows.
2026-09-21 05:18:46,812 - INFO - Fetching: Andhra Pradesh - Alluri Sitharama Raju | O-Ve | Fresh Frozen Plasma
2026-09-21 05:18:48,383 - INFO - Saved 5 rows.
2026-09-21 05:18:48,383 - INFO - Fetching: Andhra Pradesh - Alluri Sitharama Raju | O-Ve | Platelet Rich Plasma
2026-09-21 05:18:49,798 - INFO - No data found.
2026-09-21 05:18:49,798 - INFO - Fetching: Andhra Pradesh - Alluri Sitharama Raju | AB+Ve | Packed Red Blood Cells
2026-09-21 05:18:50,914 - INFO - Saved 5 rows.
2026-09-21 05:18:50,914 - INFO - Fetching: Andhra Pradesh - Alluri Sitharama Raju | AB+Ve | Fresh Frozen Plasma
2026-09-21 05:18:52,376 - INFO - Saved 5 rows.
2026-09-21 05:18:52,377 - INFO - Fetching: Andhra Pradesh - Alluri Sitharama Raju | AB+Ve | Platelet Rich Plasma
2026-09-21 05:18:53,907 - INFO - No data found.
2026-09-21 05:18:53,907 - INFO - Fetching: Andhra Pradesh - Alluri Sitharama Raju | AB-Ve | Packed Red Blood Cells
2026-09-21 05:18:55,158 - INFO - Saved 5 rows.
2026-09-21 05:18:55,158 - INFO - Fetching: Andhra Pradesh - Alluri Sitharama Raju | AB-Ve | Fresh Frozen Plasma
2026-09-21 05:18:56,143 - INFO - Saved 5 rows.
2026-09-21 05:18:56,143 - INFO - Fetching: Andhra Pradesh - Alluri Sitharama Raju | AB-Ve | Platelet Rich Plasma
2026-09-21 05:18:57,074 - INFO - No data found.
2026-09-21 05:18:57,075 - INFO - Fetching: Andhra Pradesh - East Godavari | A+Ve | Packed Red Blood Cells
2026-09-21 05:18:58,387 - INFO - Saved 16 rows.
2026-09-21 05:18:58,387 - INFO - Fetching: Andhra Pradesh - East Godavari | A+Ve | Fresh Frozen Plasma
2026-09-21 05:18:59,471 - INFO - Saved 16 rows.
2026-09-21 05:18:59,471 - INFO - Fetching: Andhra Pradesh - East Godavari | A+Ve | Platelet Rich Plasma
2026-09-21 05:19:00,785 - INFO - No data found.
2026-09-21 05:19:00,785 - INFO - Fetching: Andhra Pradesh - East Godavari | A-Ve | Packed Red Blood Cells
2026-09-21 05:19:01,918 - INFO - Saved 16 rows.
2026-09-21 05:19:01,918 - INFO - Fetching: Andhra Pradesh - East Godavari | A-Ve | Fresh Frozen Plasma
2026-09-21 05:19:03,059 - INFO - Saved 16 rows.
2026-09-21 05:19:03,059 - INFO - Fetching: Andhra Pradesh - East Godavari | A-Ve | Platelet Rich Plasma
2026-09-21 05:19:04,006 - INFO - No data found.
2026-09-21 05:19:04,006 - INFO - Fetching: Andhra Pradesh - East Godavari | B+Ve | Packed Red Blood Cells
2026-09-21 05:19:05,774 - INFO - Saved 16 rows.
2026-09-21 05:19:05,774 - INFO - Fetching: Andhra Pradesh - East Godavari | B+Ve | Fresh Frozen Plasma
2026-09-21 05:19:06,767 - INFO - Saved 16 rows.
2026-09-21 05:19:06,767 - INFO - Fetching: Andhra Pradesh - East Godavari | B+Ve | Platelet Rich Plasma
2026-09-21 05:19:07,707 - INFO - No data found.
2026-09-21 05:19:07,707 - INFO - Fetching: Andhra Pradesh - East Godavari | B-Ve | Packed Red Blood Cells
2026-09-21 05:19:08,796 - INFO - Saved 16 rows.
2026-09-21 05:19:08,796 - INFO - Fetching: Andhra Pradesh - East Godavari | B-Ve | Fresh Frozen Plasma
2026-09-21 05:19:09,908 - INFO - Saved 16 rows.
2026-09-21 05:19:09,908 - INFO - Fetching: Andhra Pradesh - East Godavari | B-Ve | Platelet Rich Plasma
2026-09-21 05:19:10,839 - INFO - No data found.
2026-09-21 05:19:10,840 - INFO - Fetching: Andhra Pradesh - East Godavari | O+Ve | Packed Red Blood Cells
2026-09-21 05:19:11,937 - INFO - Saved 16 rows.
2026-09-21 05:19:11,937 - INFO - Fetching: Andhra Pradesh - East Godavari | O+Ve | Fresh Frozen Plasma
2026-09-21 05:19:12,940 - INFO - Saved 16 rows.
2026-09-21 05:19:12,940 - INFO - Fetching: Andhra Pradesh - East Godavari | O+Ve | Platelet Rich Plasma
2026-09-21 05:19:13,885 - INFO - No data found.
2026-09-21 05:19:13,885 - INFO - Fetching: Andhra Pradesh - East Godavari | O-Ve | Packed Red Blood Cells
2026-09-21 05:19:14,910 - INFO - Saved 16 rows.
2026-09-21 05:19:14,910 - INFO - Fetching: Andhra Pradesh - East Godavari | O-Ve | Fresh Frozen Plasma
2026-09-21 05:19:15,866 - INFO - Saved 16 rows.
2026-09-21 05:19:15,866 - INFO - Fetching: Andhra Pradesh - East Godavari | O-Ve | Platelet Rich Plasma
2026-09-21 05:19:17,591 - INFO - No data found.
2026-09-21 05:19:17,591 - INFO - Fetching: Andhra Pradesh - East Godavari | AB+Ve | Packed Red Blood Cells
2026-09-21 05:19:18,840 - INFO - Saved 16 rows.
2026-09-21 05:19:18,841 - INFO - Fetching: Andhra Pradesh - East Godavari | AB+Ve | Fresh Frozen Plasma
2026-09-21 05:19:20,379 - INFO - Saved 16 rows.
2026-09-21 05:19:20,379 - INFO - Fetching: Andhra Pradesh - East Godavari | AB+Ve | Platelet Rich Plasma
2026-09-21 05:19:21,303 - INFO - No data found.
2026-09-21 05:19:21,303 - INFO - Fetching: Andhra Pradesh - East Godavari | AB-Ve | Packed Red Blood Cells
2026-09-21 05:19:23,012 - INFO - Saved 16 rows.
2026-09-21 05:19:23,013 - INFO - Fetching: Andhra Pradesh - East Godavari | AB-Ve | Fresh Frozen Plasma
2026-09-21 05:19:24,371 - INFO - Saved 16 rows.
2026-09-21 05:19:24,371 - INFO - Fetching: Andhra Pradesh - East Godavari | AB-Ve | Platelet Rich Plasma
2026-09-21 05:19:25,946 - INFO - No data found.
2026-09-21 05:19:25,946 - INFO - Fetching: Andhra Pradesh - Krishna | A+Ve | Packed Red Blood Cells
2026-09-21 05:19:26,941 - INFO - Saved 14 rows.
2026-09-21 05:19:26,941 - INFO - Fetching: Andhra Pradesh - Krishna | A+Ve | Fresh Frozen Plasma
2026-09-21 05:19:28,481 - INFO - Saved 14 rows.
2026-09-21 05:19:28,481 - INFO - Fetching: Andhra Pradesh - Krishna | A+Ve | Platelet Rich Plasma
2026-09-21 05:19:29,789 - INFO - No data found.
2026-09-21 05:19:29,789 - INFO - Fetching: Andhra Pradesh - Krishna | A-Ve | Packed Red Blood Cells
2026-09-21 05:19:31,040 - INFO - Saved 14 rows.
2026-09-21 05:19:31,040 - INFO - Fetching: Andhra Pradesh - Krishna | A-Ve | Fresh Frozen Plasma
2026-09-21 05:19:32,385 - INFO - Saved 14 rows.
2026-09-21 05:19:32,385 - INFO - Fetching: Andhra Pradesh - Krishna | A-Ve | Platelet Rich Plasma
2026-09-21 05:19:33,606 - INFO - No data found.
2026-09-21 05:19:33,606 - INFO - Fetching: Andhra Pradesh - Krishna | B+Ve | Packed Red Blood Cells
2026-09-21 05:19:34,757 - INFO - Saved 14 rows.
2026-09-21 05:19:34,757 - INFO - Fetching: Andhra Pradesh - Krishna | B+Ve | Fresh Frozen Plasma
2026-09-21 05:19:36,063 - INFO - Saved 14 rows.
2026-09-21 05:19:36,063 - INFO - Fetching: Andhra Pradesh - Krishna | B+Ve | Platelet Rich Plasma
2026-09-21 05:19:37,273 - INFO - No data found.
2026-09-21 05:19:37,274 - INFO - Fetching: Andhra Pradesh - Krishna | B-Ve | Packed Red Blood Cells
2026-09-21 05:19:38,566 - INFO - Saved 14 rows.
2026-09-21 05:19:38,566 - INFO - Fetching: Andhra Pradesh - Krishna | B-Ve | Fresh Frozen Plasma
2026-09-21 05:19:39,680 - INFO - Saved 14 rows.
2026-09-21 05:19:39,680 - INFO - Fetching: Andhra Pradesh - Krishna | B-Ve | Platelet Rich Plasma
2026-09-21 05:19:41,109 - INFO - No data found.
2026-09-21 05:19:41,109 - INFO - Fetching: Andhra Pradesh - Krishna | O+Ve | Packed Red Blood Cells
2026-09-21 05:19:42,598 - INFO - Saved 14 rows.
2026-09-21 05:19:42,598 - INFO - Fetching: Andhra Pradesh - Krishna | O+Ve | Fresh Frozen Plasma
2026-09-21 05:19:44,115 - INFO - Saved 14 rows.
2026-09-21 05:19:44,116 - INFO - Fetching: Andhra Pradesh - Krishna | O+Ve | Platelet Rich Plasma
2026-09-21 05:19:45,688 - INFO - No data found.
2026-09-21 05:19:45,689 - INFO - Fetching: Andhra Pradesh - Krishna | O-Ve | Packed Red Blood Cells
2026-09-21 05:19:46,721 - INFO - Saved 14 rows.
2026-09-21 05:19:46,721 - INFO - Fetching: Andhra Pradesh - Krishna | O-Ve | Fresh Frozen Plasma
2026-09-21 05:19:47,703 - INFO - Saved 14 rows.
2026-09-21 05:19:47,703 - INFO - Fetching: Andhra Pradesh - Krishna | O-Ve | Platelet Rich Plasma
2026-09-21 05:19:48,705 - INFO - No data found.
2026-09-21 05:19:48,705 - INFO - Fetching: Andhra Pradesh - Krishna | AB+Ve | Packed Red Blood Cells
2026-09-21 05:19:49,809 - INFO - Saved 14 rows.
2026-09-21 05:19:49,809 - INFO - Fetching: Andhra Pradesh - Krishna | AB+Ve | Fresh Frozen Plasma
2026-09-21 05:19:50,891 - INFO - Saved 14 rows.
2026-09-21 05:19:50,891 - INFO - Fetching: Andhra Pradesh - Krishna | AB+Ve | Platelet Rich Plasma
2026-09-21 05:19:52,332 - INFO - No data found.
2026-09-21 05:19:52,332 - INFO - Fetching: Andhra Pradesh - Krishna | AB-Ve | Packed Red Blood Cells
2026-09-21 05:19:54,028 - INFO - Saved 14 rows.
2026-09-21 05:19:54,029 - INFO - Fetching: Andhra Pradesh - Krishna | AB-Ve | Fresh Frozen Plasma
2026-09-21 05:19:55,259 - INFO - Saved 14 rows.
2026-09-21 05:19:55,259 - INFO - Fetching: Andhra Pradesh - Krishna | AB-Ve | Platelet Rich Plasma
2026-09-21 05:19:56,402 - INFO - No data found.
2026-09-21 05:19:56,402 - INFO - Fetching: Andhra Pradesh - Kurnool | A+Ve | Packed Red Blood Cells
2026-09-21 05:19:57,535 - INFO - Saved 22 rows.
2026-09-21 05:19:57,535 - INFO - Fetching: Andhra Pradesh - Kurnool | A+Ve | Fresh Frozen Plasma
2026-09-21 05:19:58,494 - INFO - Saved 22 rows.
2026-09-21 05:19:58,494 - INFO - Fetching: Andhra Pradesh - Kurnool | A+Ve | Platelet Rich Plasma
2026-09-21 05:19:59,528 - INFO - No data found.
2026-09-21 05:19:59,529 - INFO - Fetching: Andhra Pradesh - Kurnool | A-Ve | Packed Red Blood Cells
2026-09-21 05:20:00,621 - INFO - Saved 22 rows.
2026-09-21 05:20:00,621 - INFO - Fetching: Andhra Pradesh - Kurnool | A-Ve | Fresh Frozen Plasma
2026-09-21 05:20:01,832 - INFO - Saved 22 rows.
2026-09-21 05:20:01,832 - INFO - Fetching: Andhra Pradesh - Kurnool | A-Ve | Platelet Rich Plasma
2026-09-21 05:20:02,755 - INFO - No data found.
2026-09-21 05:20:02,755 - INFO - Fetching: Andhra Pradesh - Kurnool | B+Ve | Packed Red Blood Cells
2026-09-21 05:20:03,856 - INFO - Saved 22 rows.
2026-09-21 05:20:03,856 - INFO - Fetching: Andhra Pradesh - Kurnool | B+Ve | Fresh Frozen Plasma
2026-09-21 05:20:05,130 - INFO - Saved 22 rows.
2026-09-21 05:20:05,130 - INFO - Fetching: Andhra Pradesh - Kurnool | B+Ve | Platelet Rich Plasma
2026-09-21 05:20:06,187 - INFO - No data found.
2026-09-21 05:20:06,187 - INFO - Fetching: Andhra Pradesh - Kurnool | B-Ve | Packed Red Blood Cells
2026-09-21 05:20:07,169 - INFO - Saved 22 rows.
2026-09-21 05:20:07,169 - INFO - Fetching: Andhra Pradesh - Kurnool | B-Ve | Fresh Frozen Plasma
2026-09-21 05:20:08,118 - INFO - Saved 22 rows.
2026-09-21 05:20:08,119 - INFO - Fetching: Andhra Pradesh - Kurnool | B-Ve | Platelet Rich Plasma
2026-09-21 05:20:09,067 - INFO - No data found.
2026-09-21 05:20:09,068 - INFO - Fetching: Andhra Pradesh - Kurnool | O+Ve | Packed Red Blood Cells
2026-09-21 05:20:10,287 - INFO - Saved 22 rows.
2026-09-21 05:20:10,287 - INFO - Fetching: Andhra Pradesh - Kurnool | O+Ve | Fresh Frozen Plasma
2026-09-21 05:20:11,403 - INFO - Saved 22 rows.
2026-09-21 05:20:11,403 - INFO - Fetching: Andhra Pradesh - Kurnool | O+Ve | Platelet Rich Plasma
2026-09-21 05:20:12,612 - INFO - No data found.
2026-09-21 05:20:12,612 - INFO - Fetching: Andhra Pradesh - Kurnool | O-Ve | Packed Red Blood Cells
2026-09-21 05:20:13,711 - INFO - Saved 22 rows.
2026-09-21 05:20:13,711 - INFO - Fetching: Andhra Pradesh - Kurnool | O-Ve | Fresh Frozen Plasma
2026-09-21 05:20:14,690 - INFO - Saved 22 rows.
2026-09-21 05:20:14,690 - INFO - Fetching: Andhra Pradesh - Kurnool | O-Ve | Platelet Rich Plasma
2026-09-21 05:20:15,782 - INFO - No data found.
2026-09-21 05:20:15,782 - INFO - Fetching: Andhra Pradesh - Kurnool | AB+Ve | Packed Red Blood Cells
2026-09-21 05:20:16,726 - INFO - Saved 22 rows.
2026-09-21 05:20:16,726 - INFO - Fetching: Andhra Pradesh - Kurnool | AB+Ve | Fresh Frozen Plasma
2026-09-21 05:20:17,844 - INFO - Saved 22 rows.
2026-09-21 05:20:17,844 - INFO - Fetching: Andhra Pradesh - Kurnool | AB+Ve | Platelet Rich Plasma
2026-09-21 05:20:19,137 - INFO - No data found.
2026-09-21 05:20:19,137 - INFO - Fetching: Andhra Pradesh - Kurnool | AB-Ve | Packed Red Blood Cells
2026-09-21 05:20:20,383 - INFO - Saved 22 rows.
2026-09-21 05:20:20,383 - INFO - Fetching: Andhra Pradesh - Kurnool | AB-Ve | Fresh Frozen Plasma
2026-09-21 05:20:21,338 - INFO - Saved 22 rows.
2026-09-21 05:20:21,338 - INFO - Fetching: Andhra Pradesh - Kurnool | AB-Ve | Platelet Rich Plasma
2026-09-21 05:20:22,748 - INFO - No data found.
2026-09-21 05:20:22,748 - INFO - Fetching: Andhra Pradesh - Prakasam | A+Ve | Packed Red Blood Cells
2026-09-21 05:20:23,711 - INFO - Saved 18 rows.
2026-09-21 05:20:23,711 - INFO - Fetching: Andhra Pradesh - Prakasam | A+Ve | Fresh Frozen Plasma
2026-09-21 05:20:24,986 - INFO - Saved 18 rows.
2026-09-21 05:20:24,986 - INFO - Fetching: Andhra Pradesh - Prakasam | A+Ve | Platelet Rich Plasma
2026-09-21 05:20:25,917 - INFO - No data found.
2026-09-21 05:20:25,917 - INFO - Fetching: Andhra Pradesh - Prakasam | A-Ve | Packed Red Blood Cells
2026-09-21 05:20:27,020 - INFO - Saved 18 rows.
2026-09-21 05:20:27,021 - INFO - Fetching: Andhra Pradesh - Prakasam | A-Ve | Fresh Frozen Plasma
2026-09-21 05:20:28,142 - INFO - Saved 18 rows.
2026-09-21 05:20:28,142 - INFO - Fetching: Andhra Pradesh - Prakasam | A-Ve | Platelet Rich Plasma
2026-09-21 05:20:29,238 - INFO - No data found.
2026-09-21 05:20:29,239 - INFO - Fetching: Andhra Pradesh - Prakasam | B+Ve | Packed Red Blood Cells
2026-09-21 05:20:30,182 - INFO - Saved 18 rows.
2026-09-21 05:20:30,182 - INFO - Fetching: Andhra Pradesh - Prakasam | B+Ve | Fresh Frozen Plasma
2026-09-21 05:20:31,263 - INFO - Saved 18 rows.
2026-09-21 05:20:31,263 - INFO - Fetching: Andhra Pradesh - Prakasam | B+Ve | Platelet Rich Plasma
2026-09-21 05:20:32,346 - INFO - No data found.
2026-09-21 05:20:32,346 - INFO - Fetching: Andhra Pradesh - Prakasam | B-Ve | Packed Red Blood Cells
2026-09-21 05:20:33,306 - INFO - Saved 18 rows.
2026-09-21 05:20:33,306 - INFO - Fetching: Andhra Pradesh - Prakasam | B-Ve | Fresh Frozen Plasma
2026-09-21 05:20:34,249 - INFO - Saved 18 rows.
2026-09-21 05:20:34,249 - INFO - Fetching: Andhra Pradesh - Prakasam | B-Ve | Platelet Rich Plasma
2026-09-21 05:20:35,179 - INFO - No data found.
2026-09-21 05:20:35,179 - INFO - Fetching: Andhra Pradesh - Prakasam | O+Ve | Packed Red Blood Cells
2026-09-21 05:20:36,268 - INFO - Saved 18 rows.
2026-09-21 05:20:36,268 - INFO - Fetching: Andhra Pradesh - Prakasam | O+Ve | Fresh Frozen Plasma
2026-09-21 05:20:37,272 - INFO - Saved 18 rows.
2026-09-21 05:20:37,272 - INFO - Fetching: Andhra Pradesh - Prakasam | O+Ve | Platelet Rich Plasma
2026-09-21 05:20:38,341 - INFO - No data found.
2026-09-21 05:20:38,341 - INFO - Fetching: Andhra Pradesh - Prakasam | O-Ve | Packed Red Blood Cells
2026-09-21 05:20:39,331 - INFO - Saved 18 rows.
2026-09-21 05:20:39,331 - INFO - Fetching: Andhra Pradesh - Prakasam | O-Ve | Fresh Frozen Plasma
2026-09-21 05:20:40,298 - INFO - Saved 18 rows.
2026-09-21 05:20:40,298 - INFO - Fetching: Andhra Pradesh - Prakasam | O-Ve | Platelet Rich Plasma
2026-09-21 05:20:41,256 - INFO - No data found.
2026-09-21 05:20:41,256 - INFO - Fetching: Andhra Pradesh - Prakasam | AB+Ve | Packed Red Blood Cells
2026-09-21 05:20:42,524 - INFO - Saved 18 rows.
2026-09-21 05:20:42,524 - INFO - Fetching: Andhra Pradesh - Prakasam | AB+Ve | Fresh Frozen Plasma
2026-09-21 05:20:43,464 - INFO - Saved 18 rows.
2026-09-21 05:20:43,464 - INFO - Fetching: Andhra Pradesh - Prakasam | AB+Ve | Platelet Rich Plasma
2026-09-21 05:20:44,388 - INFO - No data found.
2026-09-21 05:20:44,388 - INFO - Fetching: Andhra Pradesh - Prakasam | AB-Ve | Packed Red Blood Cells
2026-09-21 05:20:45,341 - INFO - Saved 18 rows.
2026-09-21 05:20:45,341 - INFO - Fetching: Andhra Pradesh - Prakasam | AB-Ve | Fresh Frozen Plasma
2026-09-21 05:20:46,345 - INFO - Saved 18 rows.
2026-09-21 05:20:46,345 - INFO - Fetching: Andhra Pradesh - Prakasam | AB-Ve | Platelet Rich Plasma
2026-09-21 05:20:47,434 - INFO - No data found.
2026-09-21 05:20:47,434 - INFO - Fetching: Andhra Pradesh - Srikakulam | A+Ve | Packed Red Blood Cells
2026-09-21 05:20:48,351 - INFO - Saved 19 rows.
2026-09-21 05:20:48,351 - INFO - Fetching: Andhra Pradesh - Srikakulam | A+Ve | Fresh Frozen Plasma
2026-09-21 05:20:49,394 - INFO - Saved 19 rows.
2026-09-21 05:20:49,394 - INFO - Fetching: Andhra Pradesh - Srikakulam | A+Ve | Platelet Rich Plasma
2026-09-21 05:20:50,706 - INFO - No data found.
2026-09-21 05:20:50,706 - INFO - Fetching: Andhra Pradesh - Srikakulam | A-Ve | Packed Red Blood Cells
2026-09-21 05:20:51,814 - INFO - Saved 19 rows.
2026-09-21 05:20:51,814 - INFO - Fetching: Andhra Pradesh - Srikakulam | A-Ve | Fresh Frozen Plasma
2026-09-21 05:20:52,744 - INFO - Saved 19 rows.
2026-09-21 05:20:52,744 - INFO - Fetching: Andhra Pradesh - Srikakulam | A-Ve | Platelet Rich Plasma
2026-09-21 05:20:54,250 - INFO - No data found.
2026-09-21 05:20:54,250 - INFO - Fetching: Andhra Pradesh - Srikakulam | B+Ve | Packed Red Blood Cells
2026-09-21 05:20:55,429 - INFO - Saved 19 rows.
2026-09-21 05:20:55,429 - INFO - Fetching: Andhra Pradesh - Srikakulam | B+Ve | Fresh Frozen Plasma
2026-09-21 05:20:56,411 - INFO - Saved 19 rows.
2026-09-21 05:20:56,411 - INFO - Fetching: Andhra Pradesh - Srikakulam | B+Ve | Platelet Rich Plasma
2026-09-21 05:20:57,343 - INFO - No data found.
2026-09-21 05:20:57,343 - INFO - Fetching: Andhra Pradesh - Srikakulam | B-Ve | Packed Red Blood Cells
2026-09-21 05:20:58,295 - INFO - Saved 19 rows.
2026-09-21 05:20:58,295 - INFO - Fetching: Andhra Pradesh - Srikakulam | B-Ve | Fresh Frozen Plasma
2026-09-21 05:20:59,383 - INFO - Saved 19 rows.
2026-09-21 05:20:59,383 - INFO - Fetching: Andhra Pradesh - Srikakulam | B-Ve | Platelet Rich Plasma
2026-09-21 05:21:00,273 - INFO - No data found.
2026-09-21 05:21:00,273 - INFO - Fetching: Andhra Pradesh - Srikakulam | O+Ve | Packed Red Blood Cells
2026-09-21 05:21:01,434 - INFO - Saved 19 rows.
2026-09-21 05:21:01,434 - INFO - Fetching: Andhra Pradesh - Srikakulam | O+Ve | Fresh Frozen Plasma
2026-09-21 05:21:02,370 - INFO - Saved 19 rows.
2026-09-21 05:21:02,370 - INFO - Fetching: Andhra Pradesh - Srikakulam | O+Ve | Platelet Rich Plasma
2026-09-21 05:21:03,444 - INFO - No data found.
2026-09-21 05:21:03,444 - INFO - Fetching: Andhra Pradesh - Srikakulam | O-Ve | Packed Red Blood Cells
2026-09-21 05:21:04,537 - INFO - Saved 19 rows.
2026-09-21 05:21:04,537 - INFO - Fetching: Andhra Pradesh - Srikakulam | O-Ve | Fresh Frozen Plasma
2026-09-21 05:21:05,487 - INFO - Saved 19 rows.
2026-09-21 05:21:05,487 - INFO - Fetching: Andhra Pradesh - Srikakulam | O-Ve | Platelet Rich Plasma
2026-09-21 05:21:06,514 - INFO - No data found.
2026-09-21 05:21:06,514 - INFO - Fetching: Andhra Pradesh - Srikakulam | AB+Ve | Packed Red Blood Cells
2026-09-21 05:21:07,755 - INFO - Saved 19 rows.
2026-09-21 05:21:07,755 - INFO - Fetching: Andhra Pradesh - Srikakulam | AB+Ve | Fresh Frozen Plasma
2026-09-21 05:21:08,699 - INFO - Saved 19 rows.
2026-09-21 05:21:08,699 - INFO - Fetching: Andhra Pradesh - Srikakulam | AB+Ve | Platelet Rich Plasma
2026-09-21 05:21:09,727 - INFO - No data found.
2026-09-21 05:21:09,728 - INFO - Fetching: Andhra Pradesh - Srikakulam | AB-Ve | Packed Red Blood Cells
2026-09-21 05:21:10,674 - INFO - Saved 19 rows.
2026-09-21 05:21:10,674 - INFO - Fetching: Andhra Pradesh - Srikakulam | AB-Ve | Fresh Frozen Plasma
2026-09-21 05:21:11,653 - INFO - Saved 19 rows.
2026-09-21 05:21:11,653 - INFO - Fetching: Andhra Pradesh - Srikakulam | AB-Ve | Platelet Rich Plasma
2026-09-21 05:21:12,615 - INFO - No data found.
2026-09-21 05:21:12,616 - INFO - Fetching: Andhra Pradesh - Vizianagaram | A+Ve | Packed Red Blood Cells
2026-09-21 05:21:13,557 - INFO - Saved 17 rows.
2026-09-21 05:21:13,557 - INFO - Fetching: Andhra Pradesh - Vizianagaram | A+Ve | Fresh Frozen Plasma
2026-09-21 05:21:14,702 - INFO - Saved 17 rows.
2026-09-21 05:21:14,702 - INFO - Fetching: Andhra Pradesh - Vizianagaram | A+Ve | Platelet Rich Plasma
2026-09-21 05:21:15,629 - INFO - No data found.
2026-09-21 05:21:15,629 - INFO - Fetching: Andhra Pradesh - Vizianagaram | A-Ve | Packed Red Blood Cells
2026-09-21 05:21:16,559 - INFO - Saved 17 rows.
2026-09-21 05:21:16,559 - INFO - Fetching: Andhra Pradesh - Vizianagaram | A-Ve | Fresh Frozen Plasma
2026-09-21 05:21:17,506 - INFO - Saved 17 rows.
2026-09-21 05:21:17,506 - INFO - Fetching: Andhra Pradesh - Vizianagaram | A-Ve | Platelet Rich Plasma
2026-09-21 05:21:18,603 - INFO - No data found.
2026-09-21 05:21:18,603 - INFO - Fetching: Andhra Pradesh - Vizianagaram | B+Ve | Packed Red Blood Cells
2026-09-21 05:21:19,860 - INFO - Saved 17 rows.
2026-09-21 05:21:19,860 - INFO - Fetching: Andhra Pradesh - Vizianagaram | B+Ve | Fresh Frozen Plasma
2026-09-21 05:21:20,857 - INFO - Saved 17 rows.
2026-09-21 05:21:20,857 - INFO - Fetching: Andhra Pradesh - Vizianagaram | B+Ve | Platelet Rich Plasma
2026-09-21 05:21:22,065 - INFO - No data found.
2026-09-21 05:21:22,065 - INFO - Fetching: Andhra Pradesh - Vizianagaram | B-Ve | Packed Red Blood Cells
2026-09-21 05:21:23,066 - INFO - Saved 17 rows.
2026-09-21 05:21:23,066 - INFO - Fetching: Andhra Pradesh - Vizianagaram | B-Ve | Fresh Frozen Plasma
2026-09-21 05:21:24,319 - INFO - Saved 17 rows.
2026-09-21 05:21:24,319 - INFO - Fetching: Andhra Pradesh - Vizianagaram | B-Ve | Platelet Rich Plasma
2026-09-21 05:21:25,394 - INFO - No data found.
2026-09-21 05:21:25,394 - INFO - Fetching: Andhra Pradesh - Vizianagaram | O+Ve | Packed Red Blood Cells
2026-09-21 05:21:26,626 - INFO - Saved 17 rows.
2026-09-21 05:21:26,626 - INFO - Fetching: Andhra Pradesh - Vizianagaram | O+Ve | Fresh Frozen Plasma
2026-09-21 05:21:27,720 - INFO - Saved 17 rows.
2026-09-21 05:21:27,720 - INFO - Fetching: Andhra Pradesh - Vizianagaram | O+Ve | Platelet Rich Plasma
2026-09-21 05:21:28,807 - INFO - No data found.
2026-09-21 05:21:28,808 - INFO - Fetching: Andhra Pradesh - Vizianagaram | O-Ve | Packed Red Blood Cells
2026-09-21 05:21:29,755 - INFO - Saved 17 rows.
2026-09-21 05:21:29,755 - INFO - Fetching: Andhra Pradesh - Vizianagaram | O-Ve | Fresh Frozen Plasma
2026-09-21 05:21:30,692 - INFO - Saved 17 rows.
2026-09-21 05:21:30,692 - INFO - Fetching: Andhra Pradesh - Vizianagaram | O-Ve | Platelet Rich Plasma
2026-09-21 05:21:31,768 - INFO - No data found.
2026-09-21 05:21:31,768 - INFO - Fetching: Andhra Pradesh - Vizianagaram | AB+Ve | Packed Red Blood Cells
2026-09-21 05:21:33,024 - INFO - Saved 17 rows.
2026-09-21 05:21:33,024 - INFO - Fetching: Andhra Pradesh - Vizianagaram | AB+Ve | Fresh Frozen Plasma
2026-09-21 05:21:33,950 - INFO - Saved 17 rows.
2026-09-21 05:21:33,950 - INFO - Fetching: Andhra Pradesh - Vizianagaram | AB+Ve | Platelet Rich Plasma
2026-09-21 05:21:34,886 - INFO - No data found.
2026-09-21 05:21:34,886 - INFO - Fetching: Andhra Pradesh - Vizianagaram | AB-Ve | Packed Red Blood Cells
2026-09-21 05:21:35,827 - INFO - Saved 17 rows.
2026-09-21 05:21:35,827 - INFO - Fetching: Andhra Pradesh - Vizianagaram | AB-Ve | Fresh Frozen Plasma
2026-09-21 05:21:36,969 - INFO - Saved 17 rows.
2026-09-21 05:21:36,969 - INFO - Fetching: Andhra Pradesh - Vizianagaram | AB-Ve | Platelet Rich Plasma
2026-09-21 05:21:38,036 - INFO - No data found.
2026-09-21 05:21:38,037 - INFO - Fetching: Andhra Pradesh - West Godavari | A+Ve | Packed Red Blood Cells
2026-09-21 05:21:39,016 - INFO - Saved 17 rows.
2026-09-21 05:21:39,016 - INFO - Fetching: Andhra Pradesh - West Godavari | A+Ve | Fresh Frozen Plasma
2026-09-21 05:21:40,115 - INFO - Saved 17 rows.
2026-09-21 05:21:40,115 - INFO - Fetching: Andhra Pradesh - West Godavari | A+Ve | Platelet Rich Plasma
2026-09-21 05:21:41,257 - INFO - No data found.
2026-09-21 05:21:41,257 - INFO - Fetching: Andhra Pradesh - West Godavari | A-Ve | Packed Red Blood Cells
2026-09-21 05:21:42,233 - INFO - Saved 17 rows.
2026-09-21 05:21:42,233 - INFO - Fetching: Andhra Pradesh - West Godavari | A-Ve | Fresh Frozen Plasma
2026-09-21 05:21:43,177 - INFO - Saved 17 rows.
2026-09-21 05:21:43,178 - INFO - Fetching: Andhra Pradesh - West Godavari | A-Ve | Platelet Rich Plasma
2026-09-21 05:21:44,216 - INFO - No data found.
2026-09-21 05:21:44,216 - INFO - Fetching: Andhra Pradesh - West Godavari | B+Ve | Packed Red Blood Cells
2026-09-21 05:21:45,350 - INFO - Saved 17 rows.
2026-09-21 05:21:45,350 - INFO - Fetching: Andhra Pradesh - West Godavari | B+Ve | Fresh Frozen Plasma
2026-09-21 05:21:46,343 - INFO - Saved 17 rows.
2026-09-21 05:21:46,343 - INFO - Fetching: Andhra Pradesh - West Godavari | B+Ve | Platelet Rich Plasma
2026-09-21 05:21:47,564 - INFO - No data found.
2026-09-21 05:21:47,564 - INFO - Fetching: Andhra Pradesh - West Godavari | B-Ve | Packed Red Blood Cells
2026-09-21 05:21:48,505 - INFO - Saved 17 rows.
2026-09-21 05:21:48,505 - INFO - Fetching: Andhra Pradesh - West Godavari | B-Ve | Fresh Frozen Plasma
2026-09-21 05:21:49,510 - INFO - Saved 17 rows.
2026-09-21 05:21:49,510 - INFO - Fetching: Andhra Pradesh - West Godavari | B-Ve | Platelet Rich Plasma
2026-09-21 05:21:50,587 - INFO - No data found.
2026-09-21 05:21:50,587 - INFO - Fetching: Andhra Pradesh - West Godavari | O+Ve | Packed Red Blood Cells
2026-09-21 05:21:51,547 - INFO - Saved 17 rows.
2026-09-21 05:21:51,547 - INFO - Fetching: Andhra Pradesh - West Godavari | O+Ve | Fresh Frozen Plasma
2026-09-21 05:21:52,498 - INFO - Saved 17 rows.
2026-09-21 05:21:52,498 - INFO - Fetching: Andhra Pradesh - West Godavari | O+Ve | Platelet Rich Plasma
2026-09-21 05:21:53,425 - INFO - No data found.
2026-09-21 05:21:53,426 - INFO - Fetching: Andhra Pradesh - West Godavari | O-Ve | Packed Red Blood Cells
2026-09-21 05:21:54,457 - INFO - Saved 17 rows.
2026-09-21 05:21:54,457 - INFO - Fetching: Andhra Pradesh - West Godavari | O-Ve | Fresh Frozen Plasma
2026-09-21 05:21:55,587 - INFO - Saved 17 rows.
2026-09-21 05:21:55,587 - INFO - Fetching: Andhra Pradesh - West Godavari | O-Ve | Platelet Rich Plasma
2026-09-21 05:21:56,589 - INFO - No data found.
2026-09-21 05:21:56,589 - INFO - Fetching: Andhra Pradesh - West Godavari | AB+Ve | Packed Red Blood Cells
2026-09-21 05:21:57,542 - INFO - Saved 17 rows.
2026-09-21 05:21:57,542 - INFO - Fetching: Andhra Pradesh - West Godavari | AB+Ve | Fresh Frozen Plasma
2026-09-21 05:21:58,479 - INFO - Saved 17 rows.
2026-09-21 05:21:58,479 - INFO - Fetching: Andhra Pradesh - West Godavari | AB+Ve | Platelet Rich Plasma
2026-09-21 05:21:59,624 - INFO - No data found.
2026-09-21 05:21:59,624 - INFO - Fetching: Andhra Pradesh - West Godavari | AB-Ve | Packed Red Blood Cells
2026-09-21 05:22:00,735 - INFO - Saved 17 rows.
2026-09-21 05:22:00,735 - INFO - Fetching: Andhra Pradesh - West Godavari | AB-Ve | Fresh Frozen Plasma
2026-09-21 05:22:01,716 - INFO - Saved 17 rows.
2026-09-21 05:22:01,716 - INFO - Fetching: Andhra Pradesh - West Godavari | AB-Ve | Platelet Rich Plasma
2026-09-21 05:22:02,724 - INFO - No data found.
2026-09-21 05:22:02,724 - INFO - Collection complete. Fetched 2048 total records to blood_data.csv.
2026-09-22 05:16:24,817 - INFO - Loaded master data from cache.
2026-09-22 05:16:24,817 - INFO - Fetching: Andhra Pradesh - Alluri Sitharama Raju | A+Ve | Packed Red Blood Cells
2026-09-22 05:16:26,377 - INFO - Saved 5 rows.
2026-09-22 05:16:26,377 - INFO - Fetching: Andhra Pradesh - Alluri Sitharama Raju | A+Ve | Fresh Frozen Plasma
2026-09-22 05:16:27,777 - INFO - Saved 5 rows.
2026-09-22 05:16:27,777 - INFO - Fetching: Andhra Pradesh - Alluri Sitharama Raju | A+Ve | Platelet Rich Plasma
2026-09-22 05:16:29,470 - INFO - No data found.
2026-09-22 05:16:29,470 - INFO - Fetching: Andhra Pradesh - Alluri Sitharama Raju | A-Ve | Packed Red Blood Cells
2026-09-22 05:16:30,669 - INFO - Saved 5 rows.
2026-09-22 05:16:30,669 - INFO - Fetching: Andhra Pradesh - Alluri Sitharama Raju | A-Ve | Fresh Frozen Plasma
2026-09-22 05:16:32,006 - INFO - Saved 5 rows.
2026-09-22 05:16:32,006 - INFO - Fetching: Andhra Pradesh - Alluri Sitharama Raju | A-Ve | Platelet Rich Plasma
2026-09-22 05:16:33,349 - INFO - No data found.
2026-09-22 05:16:33,350 - INFO - Fetching: Andhra Pradesh - Alluri Sitharama Raju | B+Ve | Packed Red Blood Cells
2026-09-22 05:16:34,667 - INFO - Saved 5 rows.
2026-09-22 05:16:34,668 - INFO - Fetching: Andhra Pradesh - Alluri Sitharama Raju | B+Ve | Fresh Frozen Plasma
2026-09-22 05:16:35,938 - INFO - Saved 5 rows.
2026-09-22 05:16:35,938 - INFO - Fetching: Andhra Pradesh - Alluri Sitharama Raju | B+Ve | Platelet Rich Plasma
2026-09-22 05:16:37,192 - INFO - No data found.
2026-09-22 05:16:37,193 - INFO - Fetching: Andhra Pradesh - Alluri Sitharama Raju | B-Ve | Packed Red Blood Cells
2026-09-22 05:16:38,506 - INFO - Saved 5 rows.
2026-09-22 05:16:38,507 - INFO - Fetching: Andhra Pradesh - Alluri Sitharama Raju | B-Ve | Fresh Frozen Plasma
2026-09-22 05:16:39,557 - INFO - Saved 5 rows.
2026-09-22 05:16:39,557 - INFO - Fetching: Andhra Pradesh - Alluri Sitharama Raju | B-Ve | Platelet Rich Plasma
2026-09-22 05:16:40,617 - INFO - No data found.
2026-09-22 05:16:40,617 - INFO - Fetching: Andhra Pradesh - Alluri Sitharama Raju | O+Ve | Packed Red Blood Cells
2026-09-22 05:16:42,388 - INFO - Saved 5 rows.
2026-09-22 05:16:42,388 - INFO - Fetching: Andhra Pradesh - Alluri Sitharama Raju | O+Ve | Fresh Frozen Plasma
2026-09-22 05:16:44,025 - INFO - Saved 5 rows.
2026-09-22 05:16:44,025 - INFO - Fetching: Andhra Pradesh - Alluri Sitharama Raju | O+Ve | Platelet Rich Plasma
2026-09-22 05:16:44,969 - INFO - No data found.
2026-09-22 05:16:44,969 - INFO - Fetching: Andhra Pradesh - Alluri Sitharama Raju | O-Ve | Packed Red Blood Cells
2026-09-22 05:16:46,276 - INFO - Saved 5 rows.
2026-09-22 05:16:46,276 - INFO - Fetching: Andhra Pradesh - Alluri Sitharama Raju | O-Ve | Fresh Frozen Plasma
2026-09-22 05:16:47,405 - INFO - Saved 5 rows.
2026-09-22 05:16:47,405 - INFO - Fetching: Andhra Pradesh - Alluri Sitharama Raju | O-Ve | Platelet Rich Plasma
2026-09-22 05:16:49,014 - INFO - No data found.
2026-09-22 05:16:49,014 - INFO - Fetching: Andhra Pradesh - Alluri Sitharama Raju | AB+Ve | Packed Red Blood Cells
2026-09-22 05:16:50,041 - INFO - Saved 5 rows.
2026-09-22 05:16:50,041 - INFO - Fetching: Andhra Pradesh - Alluri Sitharama Raju | AB+Ve | Fresh Frozen Plasma
2026-09-22 05:16:51,037 - INFO - Saved 5 rows.
2026-09-22 05:16:51,037 - INFO - Fetching: Andhra Pradesh - Alluri Sitharama Raju | AB+Ve | Platelet Rich Plasma
2026-09-22 05:16:52,035 - INFO - No data found.
2026-09-22 05:16:52,035 - INFO - Fetching: Andhra Pradesh - Alluri Sitharama Raju | AB-Ve | Packed Red Blood Cells
2026-09-22 05:16:53,660 - INFO - Saved 5 rows.
2026-09-22 05:16:53,660 - INFO - Fetching: Andhra Pradesh - Alluri Sitharama Raju | AB-Ve | Fresh Frozen Plasma
2026-09-22 05:16:54,926 - INFO - Saved 5 rows.
2026-09-22 05:16:54,929 - INFO - Fetching: Andhra Pradesh - Alluri Sitharama Raju | AB-Ve | Platelet Rich Plasma
2026-09-22 05:16:55,967 - INFO - No data found.
2026-09-22 05:16:55,967 - INFO - Fetching: Andhra Pradesh - East Godavari | A+Ve | Packed Red Blood Cells
2026-09-22 05:16:57,007 - INFO - Saved 16 rows.
2026-09-22 05:16:57,007 - INFO - Fetching: Andhra Pradesh - East Godavari | A+Ve | Fresh Frozen Plasma
2026-09-22 05:16:58,140 - INFO - Saved 16 rows.
2026-09-22 05:16:58,140 - INFO - Fetching: Andhra Pradesh - East Godavari | A+Ve | Platelet Rich Plasma
2026-09-22 05:16:59,432 - INFO - No data found.
2026-09-22 05:16:59,432 - INFO - Fetching: Andhra Pradesh - East Godavari | A-Ve | Packed Red Blood Cells
2026-09-22 05:17:00,524 - INFO - Saved 16 rows.
2026-09-22 05:17:00,524 - INFO - Fetching: Andhra Pradesh - East Godavari | A-Ve | Fresh Frozen Plasma
2026-09-22 05:17:02,112 - INFO - Saved 16 rows.
2026-09-22 05:17:02,112 - INFO - Fetching: Andhra Pradesh - East Godavari | A-Ve | Platelet Rich Plasma
2026-09-22 05:17:03,238 - INFO - No data found.
2026-09-22 05:17:03,238 - INFO - Fetching: Andhra Pradesh - East Godavari | B+Ve | Packed Red Blood Cells
2026-09-22 05:17:04,237 - INFO - Saved 16 rows.
2026-09-22 05:17:04,237 - INFO - Fetching: Andhra Pradesh - East Godavari | B+Ve | Fresh Frozen Plasma
2026-09-22 05:17:05,878 - INFO - Saved 16 rows.
2026-09-22 05:17:05,878 - INFO - Fetching: Andhra Pradesh - East Godavari | B+Ve | Platelet Rich Plasma
2026-09-22 05:17:06,820 - INFO - No data found.
2026-09-22 05:17:06,820 - INFO - Fetching: Andhra Pradesh - East Godavari | B-Ve | Packed Red Blood Cells
2026-09-22 05:17:07,941 - INFO - Saved 16 rows.
2026-09-22 05:17:07,941 - INFO - Fetching: Andhra Pradesh - East Godavari | B-Ve | Fresh Frozen Plasma
2026-09-22 05:17:09,081 - INFO - Saved 16 rows.
2026-09-22 05:17:09,081 - INFO - Fetching: Andhra Pradesh - East Godavari | B-Ve | Platelet Rich Plasma
2026-09-22 05:17:10,096 - INFO - No data found.
2026-09-22 05:17:10,096 - INFO - Fetching: Andhra Pradesh - East Godavari | O+Ve | Packed Red Blood Cells
2026-09-22 05:17:11,071 - INFO - Saved 16 rows.
2026-09-22 05:17:11,071 - INFO - Fetching: Andhra Pradesh - East Godavari | O+Ve | Fresh Frozen Plasma
2026-09-22 05:17:12,027 - INFO - Saved 16 rows.
2026-09-22 05:17:12,027 - INFO - Fetching: Andhra Pradesh - East Godavari | O+Ve | Platelet Rich Plasma
2026-09-22 05:17:12,950 - INFO - No data found.
2026-09-22 05:17:12,950 - INFO - Fetching: Andhra Pradesh - East Godavari | O-Ve | Packed Red Blood Cells
2026-09-22 05:17:13,974 - INFO - Saved 16 rows.
2026-09-22 05:17:13,974 - INFO - Fetching: Andhra Pradesh - East Godavari | O-Ve | Fresh Frozen Plasma
2026-09-22 05:17:15,160 - INFO - Saved 16 rows.
2026-09-22 05:17:15,160 - INFO - Fetching: Andhra Pradesh - East Godavari | O-Ve | Platelet Rich Plasma
2026-09-22 05:17:16,274 - INFO - No data found.
2026-09-22 05:17:16,274 - INFO - Fetching: Andhra Pradesh - East Godavari | AB+Ve | Packed Red Blood Cells
2026-09-22 05:17:17,308 - INFO - Saved 16 rows.
2026-09-22 05:17:17,308 - INFO - Fetching: Andhra Pradesh - East Godavari | AB+Ve | Fresh Frozen Plasma
2026-09-22 05:17:18,336 - INFO - Saved 16 rows.
2026-09-22 05:17:18,336 - INFO - Fetching: Andhra Pradesh - East Godavari | AB+Ve | Platelet Rich Plasma
2026-09-22 05:17:19,333 - INFO - No data found.
2026-09-22 05:17:19,333 - INFO - Fetching: Andhra Pradesh - East Godavari | AB-Ve | Packed Red Blood Cells
2026-09-22 05:17:20,416 - INFO - Saved 16 rows.
2026-09-22 05:17:20,416 - INFO - Fetching: Andhra Pradesh - East Godavari | AB-Ve | Fresh Frozen Plasma
2026-09-22 05:17:21,459 - INFO - Saved 16 rows.
2026-09-22 05:17:21,459 - INFO - Fetching: Andhra Pradesh - East Godavari | AB-Ve | Platelet Rich Plasma
2026-09-22 05:17:22,440 - INFO - No data found.
2026-09-22 05:17:22,440 - INFO - Fetching: Andhra Pradesh - Krishna | A+Ve | Packed Red Blood Cells
2026-09-22 05:17:23,513 - INFO - Saved 14 rows.
2026-09-22 05:17:23,513 - INFO - Fetching: Andhra Pradesh - Krishna | A+Ve | Fresh Frozen Plasma
2026-09-22 05:17:24,546 - INFO - Saved 14 rows.
2026-09-22 05:17:24,546 - INFO - Fetching: Andhra Pradesh - Krishna | A+Ve | Platelet Rich Plasma
2026-09-22 05:17:25,548 - INFO - No data found.
2026-09-22 05:17:25,548 - INFO - Fetching: Andhra Pradesh - Krishna | A-Ve | Packed Red Blood Cells
2026-09-22 05:17:26,636 - INFO - Saved 14 rows.
2026-09-22 05:17:26,636 - INFO - Fetching: Andhra Pradesh - Krishna | A-Ve | Fresh Frozen Plasma
2026-09-22 05:17:27,728 - INFO - Saved 14 rows.
2026-09-22 05:17:27,728 - INFO - Fetching: Andhra Pradesh - Krishna | A-Ve | Platelet Rich Plasma
2026-09-22 05:17:28,920 - INFO - No data found.
2026-09-22 05:17:28,920 - INFO - Fetching: Andhra Pradesh - Krishna | B+Ve | Packed Red Blood Cells
2026-09-22 05:17:29,969 - INFO - Saved 14 rows.
2026-09-22 05:17:29,969 - INFO - Fetching: Andhra Pradesh - Krishna | B+Ve | Fresh Frozen Plasma
2026-09-22 05:17:31,023 - INFO - Saved 14 rows.
2026-09-22 05:17:31,023 - INFO - Fetching: Andhra Pradesh - Krishna | B+Ve | Platelet Rich Plasma
2026-09-22 05:17:32,045 - INFO - No data found.
2026-09-22 05:17:32,045 - INFO - Fetching: Andhra Pradesh - Krishna | B-Ve | Packed Red Blood Cells
2026-09-22 05:17:33,306 - INFO - Saved 14 rows.
2026-09-22 05:17:33,307 - INFO - Fetching: Andhra Pradesh - Krishna | B-Ve | Fresh Frozen Plasma
2026-09-22 05:17:34,485 - INFO - Saved 14 rows.
2026-09-22 05:17:34,485 - INFO - Fetching: Andhra Pradesh - Krishna | B-Ve | Platelet Rich Plasma
2026-09-22 05:17:35,530 - INFO - No data found.
2026-09-22 05:17:35,530 - INFO - Fetching: Andhra Pradesh - Krishna | O+Ve | Packed Red Blood Cells
2026-09-22 05:17:36,561 - INFO - Saved 14 rows.
2026-09-22 05:17:36,561 - INFO - Fetching: Andhra Pradesh - Krishna | O+Ve | Fresh Frozen Plasma
2026-09-22 05:17:37,592 - INFO - Saved 14 rows.
2026-09-22 05:17:37,592 - INFO - Fetching: Andhra Pradesh - Krishna | O+Ve | Platelet Rich Plasma
2026-09-22 05:17:38,569 - INFO - No data found.
2026-09-22 05:17:38,569 - INFO - Fetching: Andhra Pradesh - Krishna | O-Ve | Packed Red Blood Cells
2026-09-22 05:17:39,677 - INFO - Saved 14 rows.
2026-09-22 05:17:39,677 - INFO - Fetching: Andhra Pradesh - Krishna | O-Ve | Fresh Frozen Plasma
2026-09-22 05:17:40,767 - INFO - Saved 14 rows.
2026-09-22 05:17:40,767 - INFO - Fetching: Andhra Pradesh - Krishna | O-Ve | Platelet Rich Plasma
2026-09-22 05:17:41,883 - INFO - No data found.
2026-09-22 05:17:41,883 - INFO - Fetching: Andhra Pradesh - Krishna | AB+Ve | Packed Red Blood Cells
2026-09-22 05:17:42,948 - INFO - Saved 14 rows.
2026-09-22 05:17:42,948 - INFO - Fetching: Andhra Pradesh - Krishna | AB+Ve | Fresh Frozen Plasma
2026-09-22 05:17:43,984 - INFO - Saved 14 rows.
2026-09-22 05:17:43,984 - INFO - Fetching: Andhra Pradesh - Krishna | AB+Ve | Platelet Rich Plasma
2026-09-22 05:17:45,108 - INFO - No data found.
2026-09-22 05:17:45,109 - INFO - Fetching: Andhra Pradesh - Krishna | AB-Ve | Packed Red Blood Cells
2026-09-22 05:17:46,077 - INFO - Saved 14 rows.
2026-09-22 05:17:46,077 - INFO - Fetching: Andhra Pradesh - Krishna | AB-Ve | Fresh Frozen Plasma
2026-09-22 05:17:47,240 - INFO - Saved 14 rows.
2026-09-22 05:17:47,240 - INFO - Fetching: Andhra Pradesh - Krishna | AB-Ve | Platelet Rich Plasma
2026-09-22 05:17:48,185 - INFO - No data found.
2026-09-22 05:17:48,186 - INFO - Fetching: Andhra Pradesh - Kurnool | A+Ve | Packed Red Blood Cells
2026-09-22 05:17:49,239 - INFO - Saved 22 rows.
2026-09-22 05:17:49,239 - INFO - Fetching: Andhra Pradesh - Kurnool | A+Ve | Fresh Frozen Plasma
2026-09-22 05:17:50,255 - INFO - Saved 22 rows.
2026-09-22 05:17:50,255 - INFO - Fetching: Andhra Pradesh - Kurnool | A+Ve | Platelet Rich Plasma
2026-09-22 05:17:51,203 - INFO - No data found.
2026-09-22 05:17:51,203 - INFO - Fetching: Andhra Pradesh - Kurnool | A-Ve | Packed Red Blood Cells
2026-09-22 05:17:52,204 - INFO - Saved 22 rows.
2026-09-22 05:17:52,204 - INFO - Fetching: Andhra Pradesh - Kurnool | A-Ve | Fresh Frozen Plasma
2026-09-22 05:17:53,326 - INFO - Saved 22 rows.
2026-09-22 05:17:53,326 - INFO - Fetching: Andhra Pradesh - Kurnool | A-Ve | Platelet Rich Plasma
2026-09-22 05:17:54,373 - INFO - No data found.
2026-09-22 05:17:54,374 - INFO - Fetching: Andhra Pradesh - Kurnool | B+Ve | Packed Red Blood Cells
2026-09-22 05:17:55,576 - INFO - Saved 22 rows.
2026-09-22 05:17:55,577 - INFO - Fetching: Andhra Pradesh - Kurnool | B+Ve | Fresh Frozen Plasma
2026-09-22 05:17:56,609 - INFO - Saved 22 rows.
2026-09-22 05:17:56,609 - INFO - Fetching: Andhra Pradesh - Kurnool | B+Ve | Platelet Rich Plasma
2026-09-22 05:17:57,744 - INFO - No data found.
2026-09-22 05:17:57,744 - INFO - Fetching: Andhra Pradesh - Kurnool | B-Ve | Packed Red Blood Cells
2026-09-22 05:17:58,851 - INFO - Saved 22 rows.
2026-09-22 05:17:58,851 - INFO - Fetching: Andhra Pradesh - Kurnool | B-Ve | Fresh Frozen Plasma
2026-09-22 05:18:00,022 - INFO - Saved 22 rows.
2026-09-22 05:18:00,022 - INFO - Fetching: Andhra Pradesh - Kurnool | B-Ve | Platelet Rich Plasma
2026-09-22 05:18:01,075 - INFO - No data found.
2026-09-22 05:18:01,075 - INFO - Fetching: Andhra Pradesh - Kurnool | O+Ve | Packed Red Blood Cells
2026-09-22 05:18:02,065 - INFO - Saved 22 rows.
2026-09-22 05:18:02,065 - INFO - Fetching: Andhra Pradesh - Kurnool | O+Ve | Fresh Frozen Plasma
2026-09-22 05:18:03,180 - INFO - Saved 22 rows.
2026-09-22 05:18:03,180 - INFO - Fetching: Andhra Pradesh - Kurnool | O+Ve | Platelet Rich Plasma
2026-09-22 05:18:04,271 - INFO - No data found.
2026-09-22 05:18:04,271 - INFO - Fetching: Andhra Pradesh - Kurnool | O-Ve | Packed Red Blood Cells
2026-09-22 05:18:05,250 - INFO - Saved 22 rows.
2026-09-22 05:18:05,250 - INFO - Fetching: Andhra Pradesh - Kurnool | O-Ve | Fresh Frozen Plasma
2026-09-22 05:18:06,401 - INFO - Saved 22 rows.
2026-09-22 05:18:06,401 - INFO - Fetching: Andhra Pradesh - Kurnool | O-Ve | Platelet Rich Plasma
2026-09-22 05:18:07,543 - INFO - No data found.
2026-09-22 05:18:07,543 - INFO - Fetching: Andhra Pradesh - Kurnool | AB+Ve | Packed Red Blood Cells
2026-09-22 05:18:08,595 - INFO - Saved 22 rows.
2026-09-22 05:18:08,596 - INFO - Fetching: Andhra Pradesh - Kurnool | AB+Ve | Fresh Frozen Plasma
2026-09-22 05:18:09,647 - INFO - Saved 22 rows.
2026-09-22 05:18:09,647 - INFO - Fetching: Andhra Pradesh - Kurnool | AB+Ve | Platelet Rich Plasma
2026-09-22 05:18:10,773 - INFO - No data found.
2026-09-22 05:18:10,773 - INFO - Fetching: Andhra Pradesh - Kurnool | AB-Ve | Packed Red Blood Cells
2026-09-22 05:18:11,806 - INFO - Saved 22 rows.
2026-09-22 05:18:11,806 - INFO - Fetching: Andhra Pradesh - Kurnool | AB-Ve | Fresh Frozen Plasma
2026-09-22 05:18:12,855 - INFO - Saved 22 rows.
2026-09-22 05:18:12,855 - INFO - Fetching: Andhra Pradesh - Kurnool | AB-Ve | Platelet Rich Plasma
2026-09-22 05:18:13,797 - INFO - No data found.
2026-09-22 05:18:13,797 - INFO - Fetching: Andhra Pradesh - Prakasam | A+Ve | Packed Red Blood Cells
2026-09-22 05:18:15,126 - INFO - Saved 18 rows.
2026-09-22 05:18:15,126 - INFO - Fetching: Andhra Pradesh - Prakasam | A+Ve | Fresh Frozen Plasma
2026-09-22 05:18:16,181 - INFO - Saved 18 rows.
2026-09-22 05:18:16,181 - INFO - Fetching: Andhra Pradesh - Prakasam | A+Ve | Platelet Rich Plasma
2026-09-22 05:18:17,209 - INFO - No data found.
2026-09-22 05:18:17,209 - INFO - Fetching: Andhra Pradesh - Prakasam | A-Ve | Packed Red Blood Cells
2026-09-22 05:18:18,493 - INFO - Saved 18 rows.
2026-09-22 05:18:18,494 - INFO - Fetching: Andhra Pradesh - Prakasam | A-Ve | Fresh Frozen Plasma
2026-09-22 05:18:19,868 - INFO - Saved 18 rows.
2026-09-22 05:18:19,869 - INFO - Fetching: Andhra Pradesh - Prakasam | A-Ve | Platelet Rich Plasma
2026-09-22 05:18:21,584 - INFO - No data found.
2026-09-22 05:18:21,584 - INFO - Fetching: Andhra Pradesh - Prakasam | B+Ve | Packed Red Blood Cells
2026-09-22 05:18:22,890 - INFO - Saved 18 rows.
2026-09-22 05:18:22,890 - INFO - Fetching: Andhra Pradesh - Prakasam | B+Ve | Fresh Frozen Plasma
2026-09-22 05:18:24,538 - INFO - Saved 18 rows.
2026-09-22 05:18:24,538 - INFO - Fetching: Andhra Pradesh - Prakasam | B+Ve | Platelet Rich Plasma
2026-09-22 05:18:25,935 - INFO - No data found.
2026-09-22 05:18:25,935 - INFO - Fetching: Andhra Pradesh - Prakasam | B-Ve | Packed Red Blood Cells
2026-09-22 05:18:27,084 - INFO - Saved 18 rows.
2026-09-22 05:18:27,084 - INFO - Fetching: Andhra Pradesh - Prakasam | B-Ve | Fresh Frozen Plasma
2026-09-22 05:18:28,077 - INFO - Saved 18 rows.
2026-09-22 05:18:28,077 - INFO - Fetching: Andhra Pradesh - Prakasam | B-Ve | Platelet Rich Plasma
2026-09-22 05:18:29,115 - INFO - No data found.
2026-09-22 05:18:29,115 - INFO - Fetching: Andhra Pradesh - Prakasam | O+Ve | Packed Red Blood Cells
2026-09-22 05:18:30,522 - INFO - Saved 18 rows.
2026-09-22 05:18:30,522 - INFO - Fetching: Andhra Pradesh - Prakasam | O+Ve | Fresh Frozen Plasma
2026-09-22 05:18:32,413 - INFO - Saved 18 rows.
2026-09-22 05:18:32,413 - INFO - Fetching: Andhra Pradesh - Prakasam | O+Ve | Platelet Rich Plasma
2026-09-22 05:18:33,419 - INFO - No data found.
2026-09-22 05:18:33,420 - INFO - Fetching: Andhra Pradesh - Prakasam | O-Ve | Packed Red Blood Cells
2026-09-22 05:18:34,473 - INFO - Saved 18 rows.
2026-09-22 05:18:34,473 - INFO - Fetching: Andhra Pradesh - Prakasam | O-Ve | Fresh Frozen Plasma
2026-09-22 05:18:35,606 - INFO - Saved 18 rows.
2026-09-22 05:18:35,606 - INFO - Fetching: Andhra Pradesh - Prakasam | O-Ve | Platelet Rich Plasma
2026-09-22 05:18:37,219 - INFO - No data found.
2026-09-22 05:18:37,220 - INFO - Fetching: Andhra Pradesh - Prakasam | AB+Ve | Packed Red Blood Cells
2026-09-22 05:18:38,522 - INFO - Saved 18 rows.
2026-09-22 05:18:38,522 - INFO - Fetching: Andhra Pradesh - Prakasam | AB+Ve | Fresh Frozen Plasma
2026-09-22 05:18:39,673 - INFO - Saved 18 rows.
2026-09-22 05:18:39,673 - INFO - Fetching: Andhra Pradesh - Prakasam | AB+Ve | Platelet Rich Plasma
2026-09-22 05:18:41,404 - INFO - No data found.
2026-09-22 05:18:41,404 - INFO - Fetching: Andhra Pradesh - Prakasam | AB-Ve | Packed Red Blood Cells
2026-09-22 05:18:42,745 - INFO - Saved 18 rows.
2026-09-22 05:18:42,745 - INFO - Fetching: Andhra Pradesh - Prakasam | AB-Ve | Fresh Frozen Plasma
2026-09-22 05:18:44,085 - INFO - Saved 18 rows.
2026-09-22 05:18:44,085 - INFO - Fetching: Andhra Pradesh - Prakasam | AB-Ve | Platelet Rich Plasma
2026-09-22 05:18:45,035 - INFO - No data found.
2026-09-22 05:18:45,035 - INFO - Fetching: Andhra Pradesh - Srikakulam | A+Ve | Packed Red Blood Cells
2026-09-22 05:18:46,184 - INFO - Saved 19 rows.
2026-09-22 05:18:46,184 - INFO - Fetching: Andhra Pradesh - Srikakulam | A+Ve | Fresh Frozen Plasma
2026-09-22 05:18:47,238 - INFO - Saved 19 rows.
2026-09-22 05:18:47,238 - INFO - Fetching: Andhra Pradesh - Srikakulam | A+Ve | Platelet Rich Plasma
2026-09-22 05:18:48,265 - INFO - No data found.
2026-09-22 05:18:48,265 - INFO - Fetching: Andhra Pradesh - Srikakulam | A-Ve | Packed Red Blood Cells
2026-09-22 05:18:49,298 - INFO - Saved 19 rows.
2026-09-22 05:18:49,298 - INFO - Fetching: Andhra Pradesh - Srikakulam | A-Ve | Fresh Frozen Plasma
2026-09-22 05:18:50,373 - INFO - Saved 19 rows.
2026-09-22 05:18:50,373 - INFO - Fetching: Andhra Pradesh - Srikakulam | A-Ve | Platelet Rich Plasma
2026-09-22 05:18:51,752 - INFO - No data found.
2026-09-22 05:18:51,752 - INFO - Fetching: Andhra Pradesh - Srikakulam | B+Ve | Packed Red Blood Cells
2026-09-22 05:18:53,002 - INFO - Saved 19 rows.
2026-09-22 05:18:53,002 - INFO - Fetching: Andhra Pradesh - Srikakulam | B+Ve | Fresh Frozen Plasma
2026-09-22 05:18:53,954 - INFO - Saved 19 rows.
2026-09-22 05:18:53,954 - INFO - Fetching: Andhra Pradesh - Srikakulam | B+Ve | Platelet Rich Plasma
2026-09-22 05:18:55,356 - INFO - No data found.
2026-09-22 05:18:55,356 - INFO - Fetching: Andhra Pradesh - Srikakulam | B-Ve | Packed Red Blood Cells
2026-09-22 05:18:56,449 - INFO - Saved 19 rows.
2026-09-22 05:18:56,450 - INFO - Fetching: Andhra Pradesh - Srikakulam | B-Ve | Fresh Frozen Plasma
2026-09-22 05:18:57,499 - INFO - Saved 19 rows.
2026-09-22 05:18:57,499 - INFO - Fetching: Andhra Pradesh - Srikakulam | B-Ve | Platelet Rich Plasma
2026-09-22 05:18:58,535 - INFO - No data found.
2026-09-22 05:18:58,535 - INFO - Fetching: Andhra Pradesh - Srikakulam | O+Ve | Packed Red Blood Cells
2026-09-22 05:18:59,587 - INFO - Saved 19 rows.
2026-09-22 05:18:59,587 - INFO - Fetching: Andhra Pradesh - Srikakulam | O+Ve | Fresh Frozen Plasma
2026-09-22 05:19:00,609 - INFO - Saved 19 rows.
2026-09-22 05:19:00,609 - INFO - Fetching: Andhra Pradesh - Srikakulam | O+Ve | Platelet Rich Plasma
2026-09-22 05:19:01,633 - INFO - No data found.
2026-09-22 05:19:01,634 - INFO - Fetching: Andhra Pradesh - Srikakulam | O-Ve | Packed Red Blood Cells
2026-09-22 05:19:02,693 - INFO - Saved 19 rows.
2026-09-22 05:19:02,693 - INFO - Fetching: Andhra Pradesh - Srikakulam | O-Ve | Fresh Frozen Plasma
2026-09-22 05:19:03,844 - INFO - Saved 19 rows.
2026-09-22 05:19:03,844 - INFO - Fetching: Andhra Pradesh - Srikakulam | O-Ve | Platelet Rich Plasma
2026-09-22 05:19:04,815 - INFO - No data found.
2026-09-22 05:19:04,816 - INFO - Fetching: Andhra Pradesh - Srikakulam | AB+Ve | Packed Red Blood Cells
2026-09-22 05:19:05,855 - INFO - Saved 19 rows.
2026-09-22 05:19:05,855 - INFO - Fetching: Andhra Pradesh - Srikakulam | AB+Ve | Fresh Frozen Plasma
2026-09-22 05:19:06,922 - INFO - Saved 19 rows.
2026-09-22 05:19:06,922 - INFO - Fetching: Andhra Pradesh - Srikakulam | AB+Ve | Platelet Rich Plasma
2026-09-22 05:19:07,960 - INFO - No data found.
2026-09-22 05:19:07,960 - INFO - Fetching: Andhra Pradesh - Srikakulam | AB-Ve | Packed Red Blood Cells
2026-09-22 05:19:09,114 - INFO - Saved 19 rows.
2026-09-22 05:19:09,114 - INFO - Fetching: Andhra Pradesh - Srikakulam | AB-Ve | Fresh Frozen Plasma
2026-09-22 05:19:10,142 - INFO - Saved 19 rows.
2026-09-22 05:19:10,142 - INFO - Fetching: Andhra Pradesh - Srikakulam | AB-Ve | Platelet Rich Plasma
2026-09-22 05:19:11,425 - INFO - No data found.
2026-09-22 05:19:11,425 - INFO - Fetching: Andhra Pradesh - Vizianagaram | A+Ve | Packed Red Blood Cells
2026-09-22 05:19:12,476 - INFO - Saved 17 rows.
2026-09-22 05:19:12,476 - INFO - Fetching: Andhra Pradesh - Vizianagaram | A+Ve | Fresh Frozen Plasma
2026-09-22 05:19:13,452 - INFO - Saved 17 rows.
2026-09-22 05:19:13,452 - INFO - Fetching: Andhra Pradesh - Vizianagaram | A+Ve | Platelet Rich Plasma
2026-09-22 05:19:15,106 - INFO - No data found.
2026-09-22 05:19:15,106 - INFO - Fetching: Andhra Pradesh - Vizianagaram | A-Ve | Packed Red Blood Cells
2026-09-22 05:19:16,200 - INFO - Saved 17 rows.
2026-09-22 05:19:16,201 - INFO - Fetching: Andhra Pradesh - Vizianagaram | A-Ve | Fresh Frozen Plasma
2026-09-22 05:19:17,193 - INFO - Saved 17 rows.
2026-09-22 05:19:17,193 - INFO - Fetching: Andhra Pradesh - Vizianagaram | A-Ve | Platelet Rich Plasma
2026-09-22 05:19:18,318 - INFO - No data found.
2026-09-22 05:19:18,318 - INFO - Fetching: Andhra Pradesh - Vizianagaram | B+Ve | Packed Red Blood Cells
2026-09-22 05:19:19,353 - INFO - Saved 17 rows.
2026-09-22 05:19:19,353 - INFO - Fetching: Andhra Pradesh - Vizianagaram | B+Ve | Fresh Frozen Plasma
2026-09-22 05:19:20,384 - INFO - Saved 17 rows.
2026-09-22 05:19:20,384 - INFO - Fetching: Andhra Pradesh - Vizianagaram | B+Ve | Platelet Rich Plasma
2026-09-22 05:19:21,426 - INFO - No data found.
2026-09-22 05:19:21,427 - INFO - Fetching: Andhra Pradesh - Vizianagaram | B-Ve | Packed Red Blood Cells
2026-09-22 05:19:22,378 - INFO - Saved 17 rows.
2026-09-22 05:19:22,378 - INFO - Fetching: Andhra Pradesh - Vizianagaram | B-Ve | Fresh Frozen Plasma
2026-09-22 05:19:23,430 - INFO - Saved 17 rows.
2026-09-22 05:19:23,430 - INFO - Fetching: Andhra Pradesh - Vizianagaram | B-Ve | Platelet Rich Plasma
2026-09-22 05:19:24,474 - INFO - No data found.
2026-09-22 05:19:24,475 - INFO - Fetching: Andhra Pradesh - Vizianagaram | O+Ve | Packed Red Blood Cells
2026-09-22 05:19:25,486 - INFO - Saved 17 rows.
2026-09-22 05:19:25,486 - INFO - Fetching: Andhra Pradesh - Vizianagaram | O+Ve | Fresh Frozen Plasma
2026-09-22 05:19:26,713 - INFO - Saved 17 rows.
2026-09-22 05:19:26,713 - INFO - Fetching: Andhra Pradesh - Vizianagaram | O+Ve | Platelet Rich Plasma
2026-09-22 05:19:27,732 - INFO - No data found.
2026-09-22 05:19:27,732 - INFO - Fetching: Andhra Pradesh - Vizianagaram | O-Ve | Packed Red Blood Cells
2026-09-22 05:19:28,754 - INFO - Saved 17 rows.
2026-09-22 05:19:28,754 - INFO - Fetching: Andhra Pradesh - Vizianagaram | O-Ve | Fresh Frozen Plasma
2026-09-22 05:19:29,807 - INFO - Saved 17 rows.
2026-09-22 05:19:29,807 - INFO - Fetching: Andhra Pradesh - Vizianagaram | O-Ve | Platelet Rich Plasma
2026-09-22 05:19:30,857 - INFO - No data found.
2026-09-22 05:19:30,857 - INFO - Fetching: Andhra Pradesh - Vizianagaram | AB+Ve | Packed Red Blood Cells
2026-09-22 05:19:31,905 - INFO - Saved 17 rows.
2026-09-22 05:19:31,906 - INFO - Fetching: Andhra Pradesh - Vizianagaram | AB+Ve | Fresh Frozen Plasma
2026-09-22 05:19:32,921 - INFO - Saved 17 rows.
2026-09-22 05:19:32,921 - INFO - Fetching: Andhra Pradesh - Vizianagaram | AB+Ve | Platelet Rich Plasma
2026-09-22 05:19:33,980 - INFO - No data found.
2026-09-22 05:19:33,980 - INFO - Fetching: Andhra Pradesh - Vizianagaram | AB-Ve | Packed Red Blood Cells
2026-09-22 05:19:35,056 - INFO - Saved 17 rows.
2026-09-22 05:19:35,056 - INFO - Fetching: Andhra Pradesh - Vizianagaram | AB-Ve | Fresh Frozen Plasma
2026-09-22 05:19:35,996 - INFO - Saved 17 rows.
2026-09-22 05:19:35,996 - INFO - Fetching: Andhra Pradesh - Vizianagaram | AB-Ve | Platelet Rich Plasma
2026-09-22 05:19:37,124 - INFO - No data found.
2026-09-22 05:19:37,124 - INFO - Fetching: Andhra Pradesh - West Godavari | A+Ve | Packed Red Blood Cells
2026-09-22 05:19:38,244 - INFO - Saved 17 rows.
2026-09-22 05:19:38,245 - INFO - Fetching: Andhra Pradesh - West Godavari | A+Ve | Fresh Frozen Plasma
2026-09-22 05:19:39,285 - INFO - Saved 17 rows.
2026-09-22 05:19:39,285 - INFO - Fetching: Andhra Pradesh - West Godavari | A+Ve | Platelet Rich Plasma
2026-09-22 05:19:40,277 - INFO - No data found.
2026-09-22 05:19:40,277 - INFO - Fetching: Andhra Pradesh - West Godavari | A-Ve | Packed Red Blood Cells
2026-09-22 05:19:41,329 - INFO - Saved 17 rows.
2026-09-22 05:19:41,329 - INFO - Fetching: Andhra Pradesh - West Godavari | A-Ve | Fresh Frozen Plasma
2026-09-22 05:19:42,374 - INFO - Saved 17 rows.
2026-09-22 05:19:42,374 - INFO - Fetching: Andhra Pradesh - West Godavari | A-Ve | Platelet Rich Plasma
2026-09-22 05:19:43,329 - INFO - No data found.
2026-09-22 05:19:43,329 - INFO - Fetching: Andhra Pradesh - West Godavari | B+Ve | Packed Red Blood Cells
2026-09-22 05:19:44,384 - INFO - Saved 17 rows.
2026-09-22 05:19:44,384 - INFO - Fetching: Andhra Pradesh - West Godavari | B+Ve | Fresh Frozen Plasma
2026-09-22 05:19:45,527 - INFO - Saved 17 rows.
2026-09-22 05:19:45,527 - INFO - Fetching: Andhra Pradesh - West Godavari | B+Ve | Platelet Rich Plasma
2026-09-22 05:19:46,937 - INFO - No data found.
2026-09-22 05:19:46,938 - INFO - Fetching: Andhra Pradesh - West Godavari | B-Ve | Packed Red Blood Cells
2026-09-22 05:19:47,991 - INFO - Saved 17 rows.
2026-09-22 05:19:47,991 - INFO - Fetching: Andhra Pradesh - West Godavari | B-Ve | Fresh Frozen Plasma
2026-09-22 05:19:49,035 - INFO - Saved 17 rows.
2026-09-22 05:19:49,035 - INFO - Fetching: Andhra Pradesh - West Godavari | B-Ve | Platelet Rich Plasma
2026-09-22 05:19:50,178 - INFO - No data found.
2026-09-22 05:19:50,178 - INFO - Fetching: Andhra Pradesh - West Godavari | O+Ve | Packed Red Blood Cells
2026-09-22 05:19:51,326 - INFO - Saved 17 rows.
2026-09-22 05:19:51,326 - INFO - Fetching: Andhra Pradesh - West Godavari | O+Ve | Fresh Frozen Plasma
2026-09-22 05:19:52,384 - INFO - Saved 17 rows.
2026-09-22 05:19:52,384 - INFO - Fetching: Andhra Pradesh - West Godavari | O+Ve | Platelet Rich Plasma
2026-09-22 05:19:53,409 - INFO - No data found.
2026-09-22 05:19:53,409 - INFO - Fetching: Andhra Pradesh - West Godavari | O-Ve | Packed Red Blood Cells
2026-09-22 05:19:54,458 - INFO - Saved 17 rows.
2026-09-22 05:19:54,458 - INFO - Fetching: Andhra Pradesh - West Godavari | O-Ve | Fresh Frozen Plasma
2026-09-22 05:19:55,492 - INFO - Saved 17 rows.
2026-09-22 05:19:55,492 - INFO - Fetching: Andhra Pradesh - West Godavari | O-Ve | Platelet Rich Plasma
2026-09-22 05:19:56,509 - INFO - No data found.
2026-09-22 05:19:56,509 - INFO - Fetching: Andhra Pradesh - West Godavari | AB+Ve | Packed Red Blood Cells
2026-09-22 05:19:57,559 - INFO - Saved 17 rows.
2026-09-22 05:19:57,559 - INFO - Fetching: Andhra Pradesh - West Godavari | AB+Ve | Fresh Frozen Plasma
2026-09-22 05:19:58,706 - INFO - Saved 17 rows.
2026-09-22 05:19:58,706 - INFO - Fetching: Andhra Pradesh - West Godavari | AB+Ve | Platelet Rich Plasma
2026-09-22 05:19:59,756 - INFO - No data found.
2026-09-22 05:19:59,757 - INFO - Fetching: Andhra Pradesh - West Godavari | AB-Ve | Packed Red Blood Cells
2026-09-22 05:20:00,799 - INFO - Saved 17 rows.
2026-09-22 05:20:00,799 - INFO - Fetching: Andhra Pradesh - West Godavari | AB-Ve | Fresh Frozen Plasma
2026-09-22 05:20:01,872 - INFO - Saved 17 rows.
2026-09-22 05:20:01,872 - INFO - Fetching: Andhra Pradesh - West Godavari | AB-Ve | Platelet Rich Plasma
2026-09-22 05:20:02,832 - INFO - No data found.
2026-09-22 05:20:02,832 - INFO - Collection complete. Fetched 2048 total records to blood_data.csv.
2026-09-23 05:01:53,275 - INFO - Loaded master data from cache.
2026-09-23 05:01:53,276 - INFO - Fetching: Andhra Pradesh - Alluri Sitharama Raju | A+Ve | Packed Red Blood Cells
2026-09-23 05:01:54,558 - INFO - Saved 5 rows.
2026-09-23 05:01:54,558 - INFO - Fetching: Andhra Pradesh - Alluri Sitharama Raju | A+Ve | Fresh Frozen Plasma
2026-09-23 05:01:55,738 - INFO - Saved 5 rows.
2026-09-23 05:01:55,738 - INFO - Fetching: Andhra Pradesh - Alluri Sitharama Raju | A+Ve | Platelet Rich Plasma
2026-09-23 05:01:57,106 - INFO - No data found.
2026-09-23 05:01:57,106 - INFO - Fetching: Andhra Pradesh - Alluri Sitharama Raju | A-Ve | Packed Red Blood Cells
2026-09-23 05:01:58,189 - INFO - Saved 5 rows.
2026-09-23 05:01:58,189 - INFO - Fetching: Andhra Pradesh - Alluri Sitharama Raju | A-Ve | Fresh Frozen Plasma
2026-09-23 05:01:59,131 - INFO - Saved 5 rows.
2026-09-23 05:01:59,131 - INFO - Fetching: Andhra Pradesh - Alluri Sitharama Raju | A-Ve | Platelet Rich Plasma
2026-09-23 05:02:00,288 - INFO - No data found.
2026-09-23 05:02:00,288 - INFO - Fetching: Andhra Pradesh - Alluri Sitharama Raju | B+Ve | Packed Red Blood Cells
2026-09-23 05:02:01,213 - INFO - Saved 5 rows.
2026-09-23 05:02:01,213 - INFO - Fetching: Andhra Pradesh - Alluri Sitharama Raju | B+Ve | Fresh Frozen Plasma
2026-09-23 05:02:02,409 - INFO - Saved 5 rows.
2026-09-23 05:02:02,409 - INFO - Fetching: Andhra Pradesh - Alluri Sitharama Raju | B+Ve | Platelet Rich Plasma
2026-09-23 05:02:03,315 - INFO - No data found.
2026-09-23 05:02:03,315 - INFO - Fetching: Andhra Pradesh - Alluri Sitharama Raju | B-Ve | Packed Red Blood Cells
2026-09-23 05:02:04,499 - INFO - Saved 5 rows.
2026-09-23 05:02:04,499 - INFO - Fetching: Andhra Pradesh - Alluri Sitharama Raju | B-Ve | Fresh Frozen Plasma
2026-09-23 05:02:05,600 - INFO - Saved 5 rows.
2026-09-23 05:02:05,600 - INFO - Fetching: Andhra Pradesh - Alluri Sitharama Raju | B-Ve | Platelet Rich Plasma
2026-09-23 05:02:06,535 - INFO - No data found.
2026-09-23 05:02:06,536 - INFO - Fetching: Andhra Pradesh - Alluri Sitharama Raju | O+Ve | Packed Red Blood Cells
2026-09-23 05:02:07,462 - INFO - Saved 5 rows.
2026-09-23 05:02:07,462 - INFO - Fetching: Andhra Pradesh - Alluri Sitharama Raju | O+Ve | Fresh Frozen Plasma
2026-09-23 05:02:08,607 - INFO - Saved 5 rows.
2026-09-23 05:02:08,607 - INFO - Fetching: Andhra Pradesh - Alluri Sitharama Raju | O+Ve | Platelet Rich Plasma
2026-09-23 05:02:09,699 - INFO - No data found.
2026-09-23 05:02:09,699 - INFO - Fetching: Andhra Pradesh - Alluri Sitharama Raju | O-Ve | Packed Red Blood Cells
2026-09-23 05:02:11,106 - INFO - Saved 5 rows.
2026-09-23 05:02:11,106 - INFO - Fetching: Andhra Pradesh - Alluri Sitharama Raju | O-Ve | Fresh Frozen Plasma
2026-09-23 05:02:12,103 - INFO - Saved 5 rows.
2026-09-23 05:02:12,103 - INFO - Fetching: Andhra Pradesh - Alluri Sitharama Raju | O-Ve | Platelet Rich Plasma
2026-09-23 05:02:13,461 - INFO - No data found.
2026-09-23 05:02:13,461 - INFO - Fetching: Andhra Pradesh - Alluri Sitharama Raju | AB+Ve | Packed Red Blood Cells
2026-09-23 05:02:14,546 - INFO - Saved 5 rows.
2026-09-23 05:02:14,546 - INFO - Fetching: Andhra Pradesh - Alluri Sitharama Raju | AB+Ve | Fresh Frozen Plasma
2026-09-23 05:02:15,675 - INFO - Saved 5 rows.
2026-09-23 05:02:15,675 - INFO - Fetching: Andhra Pradesh - Alluri Sitharama Raju | AB+Ve | Platelet Rich Plasma
2026-09-23 05:02:16,824 - INFO - No data found.
2026-09-23 05:02:16,824 - INFO - Fetching: Andhra Pradesh - Alluri Sitharama Raju | AB-Ve | Packed Red Blood Cells
2026-09-23 05:02:17,752 - INFO - Saved 5 rows.
2026-09-23 05:02:17,752 - INFO - Fetching: Andhra Pradesh - Alluri Sitharama Raju | AB-Ve | Fresh Frozen Plasma
2026-09-23 05:02:18,957 - INFO - Saved 5 rows.
2026-09-23 05:02:18,957 - INFO - Fetching: Andhra Pradesh - Alluri Sitharama Raju | AB-Ve | Platelet Rich Plasma
2026-09-23 05:02:20,079 - INFO - No data found.
2026-09-23 05:02:20,079 - INFO - Fetching: Andhra Pradesh - East Godavari | A+Ve | Packed Red Blood Cells
2026-09-23 05:02:21,048 - INFO - Saved 16 rows.
2026-09-23 05:02:21,048 - INFO - Fetching: Andhra Pradesh - East Godavari | A+Ve | Fresh Frozen Plasma
2026-09-23 05:02:22,047 - INFO - Saved 16 rows.
2026-09-23 05:02:22,047 - INFO - Fetching: Andhra Pradesh - East Godavari | A+Ve | Platelet Rich Plasma
2026-09-23 05:02:23,189 - INFO - No data found.
2026-09-23 05:02:23,189 - INFO - Fetching: Andhra Pradesh - East Godavari | A-Ve | Packed Red Blood Cells
2026-09-23 05:02:24,120 - INFO - Saved 16 rows.
2026-09-23 05:02:24,120 - INFO - Fetching: Andhra Pradesh - East Godavari | A-Ve | Fresh Frozen Plasma
2026-09-23 05:02:25,041 - INFO - Saved 16 rows.
2026-09-23 05:02:25,041 - INFO - Fetching: Andhra Pradesh - East Godavari | A-Ve | Platelet Rich Plasma
2026-09-23 05:02:26,184 - INFO - No data found.
2026-09-23 05:02:26,184 - INFO - Fetching: Andhra Pradesh - East Godavari | B+Ve | Packed Red Blood Cells
2026-09-23 05:02:27,087 - INFO - Saved 16 rows.
2026-09-23 05:02:27,087 - INFO - Fetching: Andhra Pradesh - East Godavari | B+Ve | Fresh Frozen Plasma
2026-09-23 05:02:28,044 - INFO - Saved 16 rows.
2026-09-23 05:02:28,044 - INFO - Fetching: Andhra Pradesh - East Godavari | B+Ve | Platelet Rich Plasma
2026-09-23 05:02:28,962 - INFO - No data found.
2026-09-23 05:02:28,962 - INFO - Fetching: Andhra Pradesh - East Godavari | B-Ve | Packed Red Blood Cells
2026-09-23 05:02:30,111 - INFO - Saved 16 rows.
2026-09-23 05:02:30,111 - INFO - Fetching: Andhra Pradesh - East Godavari | B-Ve | Fresh Frozen Plasma
2026-09-23 05:02:30,968 - INFO - Saved 16 rows.
2026-09-23 05:02:30,968 - INFO - Fetching: Andhra Pradesh - East Godavari | B-Ve | Platelet Rich Plasma
2026-09-23 05:02:32,345 - INFO - No data found.
2026-09-23 05:02:32,346 - INFO - Fetching: Andhra Pradesh - East Godavari | O+Ve | Packed Red Blood Cells
2026-09-23 05:02:33,223 - INFO - Saved 16 rows.
2026-09-23 05:02:33,223 - INFO - Fetching: Andhra Pradesh - East Godavari | O+Ve | Fresh Frozen Plasma
2026-09-23 05:02:34,087 - INFO - Saved 16 rows.
2026-09-23 05:02:34,087 - INFO - Fetching: Andhra Pradesh - East Godavari | O+Ve | Platelet Rich Plasma
2026-09-23 05:02:34,948 - INFO - No data found.
2026-09-23 05:02:34,948 - INFO - Fetching: Andhra Pradesh - East Godavari | O-Ve | Packed Red Blood Cells
2026-09-23 05:02:35,917 - INFO - Saved 16 rows.
2026-09-23 05:02:35,917 - INFO - Fetching: Andhra Pradesh - East Godavari | O-Ve | Fresh Frozen Plasma
2026-09-23 05:02:36,834 - INFO - Saved 16 rows.
2026-09-23 05:02:36,834 - INFO - Fetching: Andhra Pradesh - East Godavari | O-Ve | Platelet Rich Plasma
2026-09-23 05:02:37,771 - INFO - No data found.
2026-09-23 05:02:37,771 - INFO - Fetching: Andhra Pradesh - East Godavari | AB+Ve | Packed Red Blood Cells
2026-09-23 05:02:38,776 - INFO - Saved 16 rows.
2026-09-23 05:02:38,776 - INFO - Fetching: Andhra Pradesh - East Godavari | AB+Ve | Fresh Frozen Plasma
2026-09-23 05:02:39,878 - INFO - Saved 16 rows.
2026-09-23 05:02:39,878 - INFO - Fetching: Andhra Pradesh - East Godavari | AB+Ve | Platelet Rich Plasma
2026-09-23 05:02:41,184 - INFO - No data found.
2026-09-23 05:02:41,184 - INFO - Fetching: Andhra Pradesh - East Godavari | AB-Ve | Packed Red Blood Cells
2026-09-23 05:02:42,111 - INFO - Saved 16 rows.
2026-09-23 05:02:42,111 - INFO - Fetching: Andhra Pradesh - East Godavari | AB-Ve | Fresh Frozen Plasma
2026-09-23 05:02:43,064 - INFO - Saved 16 rows.
2026-09-23 05:02:43,064 - INFO - Fetching: Andhra Pradesh - East Godavari | AB-Ve | Platelet Rich Plasma
2026-09-23 05:02:43,996 - INFO - No data found.
2026-09-23 05:02:43,996 - INFO - Fetching: Andhra Pradesh - Krishna | A+Ve | Packed Red Blood Cells
2026-09-23 05:02:44,897 - INFO - Saved 14 rows.
2026-09-23 05:02:44,897 - INFO - Fetching: Andhra Pradesh - Krishna | A+Ve | Fresh Frozen Plasma
2026-09-23 05:02:45,865 - INFO - Saved 14 rows.
2026-09-23 05:02:45,865 - INFO - Fetching: Andhra Pradesh - Krishna | A+Ve | Platelet Rich Plasma
2026-09-23 05:02:47,023 - INFO - No data found.
2026-09-23 05:02:47,024 - INFO - Fetching: Andhra Pradesh - Krishna | A-Ve | Packed Red Blood Cells
2026-09-23 05:02:48,442 - INFO - Saved 14 rows.
2026-09-23 05:02:48,442 - INFO - Fetching: Andhra Pradesh - Krishna | A-Ve | Fresh Frozen Plasma
2026-09-23 05:02:49,348 - INFO - Saved 14 rows.
2026-09-23 05:02:49,348 - INFO - Fetching: Andhra Pradesh - Krishna | A-Ve | Platelet Rich Plasma
2026-09-23 05:02:50,216 - INFO - No data found.
2026-09-23 05:02:50,216 - INFO - Fetching: Andhra Pradesh - Krishna | B+Ve | Packed Red Blood Cells
2026-09-23 05:02:51,215 - INFO - Saved 14 rows.
2026-09-23 05:02:51,215 - INFO - Fetching: Andhra Pradesh - Krishna | B+Ve | Fresh Frozen Plasma
2026-09-23 05:02:52,145 - INFO - Saved 14 rows.
2026-09-23 05:02:52,145 - INFO - Fetching: Andhra Pradesh - Krishna | B+Ve | Platelet Rich Plasma
2026-09-23 05:02:53,007 - INFO - No data found.
2026-09-23 05:02:53,007 - INFO - Fetching: Andhra Pradesh - Krishna | B-Ve | Packed Red Blood Cells
2026-09-23 05:02:53,960 - INFO - Saved 14 rows.
2026-09-23 05:02:53,960 - INFO - Fetching: Andhra Pradesh - Krishna | B-Ve | Fresh Frozen Plasma
2026-09-23 05:02:54,824 - INFO - Saved 14 rows.
2026-09-23 05:02:54,825 - INFO - Fetching: Andhra Pradesh - Krishna | B-Ve | Platelet Rich Plasma
2026-09-23 05:02:55,743 - INFO - No data found.
2026-09-23 05:02:55,743 - INFO - Fetching: Andhra Pradesh - Krishna | O+Ve | Packed Red Blood Cells
2026-09-23 05:02:56,650 - INFO - Saved 14 rows.
2026-09-23 05:02:56,650 - INFO - Fetching: Andhra Pradesh - Krishna | O+Ve | Fresh Frozen Plasma
2026-09-23 05:02:57,511 - INFO - Saved 14 rows.
2026-09-23 05:02:57,511 - INFO - Fetching: Andhra Pradesh - Krishna | O+Ve | Platelet Rich Plasma
2026-09-23 05:02:58,370 - INFO - No data found.
2026-09-23 05:02:58,370 - INFO - Fetching: Andhra Pradesh - Krishna | O-Ve | Packed Red Blood Cells
2026-09-23 05:02:59,316 - INFO - Saved 14 rows.
2026-09-23 05:02:59,316 - INFO - Fetching: Andhra Pradesh - Krishna | O-Ve | Fresh Frozen Plasma
2026-09-23 05:03:00,178 - INFO - Saved 14 rows.
2026-09-23 05:03:00,178 - INFO - Fetching: Andhra Pradesh - Krishna | O-Ve | Platelet Rich Plasma
2026-09-23 05:03:01,101 - INFO - No data found.
2026-09-23 05:03:01,101 - INFO - Fetching: Andhra Pradesh - Krishna | AB+Ve | Packed Red Blood Cells
2026-09-23 05:03:02,596 - INFO - Saved 14 rows.
2026-09-23 05:03:02,596 - INFO - Fetching: Andhra Pradesh - Krishna | AB+Ve | Fresh Frozen Plasma
2026-09-23 05:03:03,475 - INFO - Saved 14 rows.
2026-09-23 05:03:03,475 - INFO - Fetching: Andhra Pradesh - Krishna | AB+Ve | Platelet Rich Plasma
2026-09-23 05:03:04,433 - INFO - No data found.
2026-09-23 05:03:04,434 - INFO - Fetching: Andhra Pradesh - Krishna | AB-Ve | Packed Red Blood Cells
2026-09-23 05:03:05,364 - INFO - Saved 14 rows.
2026-09-23 05:03:05,364 - INFO - Fetching: Andhra Pradesh - Krishna | AB-Ve | Fresh Frozen Plasma
2026-09-23 05:03:06,297 - INFO - Saved 14 rows.
2026-09-23 05:03:06,297 - INFO - Fetching: Andhra Pradesh - Krishna | AB-Ve | Platelet Rich Plasma
2026-09-23 05:03:07,249 - INFO - No data found.
2026-09-23 05:03:07,249 - INFO - Fetching: Andhra Pradesh - Kurnool | A+Ve | Packed Red Blood Cells
2026-09-23 05:03:08,189 - INFO - Saved 22 rows.
2026-09-23 05:03:08,189 - INFO - Fetching: Andhra Pradesh - Kurnool | A+Ve | Fresh Frozen Plasma
2026-09-23 05:03:09,138 - INFO - Saved 22 rows.
2026-09-23 05:03:09,138 - INFO - Fetching: Andhra Pradesh - Kurnool | A+Ve | Platelet Rich Plasma
2026-09-23 05:03:09,995 - INFO - No data found.
2026-09-23 05:03:09,995 - INFO - Fetching: Andhra Pradesh - Kurnool | A-Ve | Packed Red Blood Cells
2026-09-23 05:03:10,937 - INFO - Saved 22 rows.
2026-09-23 05:03:10,938 - INFO - Fetching: Andhra Pradesh - Kurnool | A-Ve | Fresh Frozen Plasma
2026-09-23 05:03:11,868 - INFO - Saved 22 rows.
2026-09-23 05:03:11,868 - INFO - Fetching: Andhra Pradesh - Kurnool | A-Ve | Platelet Rich Plasma
2026-09-23 05:03:12,757 - INFO - No data found.
2026-09-23 05:03:12,758 - INFO - Fetching: Andhra Pradesh - Kurnool | B+Ve | Packed Red Blood Cells
2026-09-23 05:03:13,738 - INFO - Saved 22 rows.
2026-09-23 05:03:13,738 - INFO - Fetching: Andhra Pradesh - Kurnool | B+Ve | Fresh Frozen Plasma
2026-09-23 05:03:14,600 - INFO - Saved 22 rows.
2026-09-23 05:03:14,600 - INFO - Fetching: Andhra Pradesh - Kurnool | B+Ve | Platelet Rich Plasma
2026-09-23 05:03:15,535 - INFO - No data found.
2026-09-23 05:03:15,535 - INFO - Fetching: Andhra Pradesh - Kurnool | B-Ve | Packed Red Blood Cells
2026-09-23 05:03:16,537 - INFO - Saved 22 rows.
2026-09-23 05:03:16,538 - INFO - Fetching: Andhra Pradesh - Kurnool | B-Ve | Fresh Frozen Plasma
2026-09-23 05:03:17,509 - INFO - Saved 22 rows.
2026-09-23 05:03:17,509 - INFO - Fetching: Andhra Pradesh - Kurnool | B-Ve | Platelet Rich Plasma
2026-09-23 05:03:18,485 - INFO - No data found.
2026-09-23 05:03:18,485 - INFO - Fetching: Andhra Pradesh - Kurnool | O+Ve | Packed Red Blood Cells
2026-09-23 05:03:19,427 - INFO - Saved 22 rows.
2026-09-23 05:03:19,427 - INFO - Fetching: Andhra Pradesh - Kurnool | O+Ve | Fresh Frozen Plasma
2026-09-23 05:03:20,353 - INFO - Saved 22 rows.
2026-09-23 05:03:20,353 - INFO - Fetching: Andhra Pradesh - Kurnool | O+Ve | Platelet Rich Plasma
2026-09-23 05:03:21,208 - INFO - No data found.
2026-09-23 05:03:21,209 - INFO - Fetching: Andhra Pradesh - Kurnool | O-Ve | Packed Red Blood Cells
2026-09-23 05:03:22,161 - INFO - Saved 22 rows.
2026-09-23 05:03:22,161 - INFO - Fetching: Andhra Pradesh - Kurnool | O-Ve | Fresh Frozen Plasma
2026-09-23 05:03:23,086 - INFO - Saved 22 rows.
2026-09-23 05:03:23,086 - INFO - Fetching: Andhra Pradesh - Kurnool | O-Ve | Platelet Rich Plasma
2026-09-23 05:03:24,051 - INFO - No data found.
2026-09-23 05:03:24,052 - INFO - Fetching: Andhra Pradesh - Kurnool | AB+Ve | Packed Red Blood Cells
2026-09-23 05:03:25,042 - INFO - Saved 22 rows.
2026-09-23 05:03:25,043 - INFO - Fetching: Andhra Pradesh - Kurnool | AB+Ve | Fresh Frozen Plasma
2026-09-23 05:03:26,131 - INFO - Saved 22 rows.
2026-09-23 05:03:26,131 - INFO - Fetching: Andhra Pradesh - Kurnool | AB+Ve | Platelet Rich Plasma
2026-09-23 05:03:27,075 - INFO - No data found.
2026-09-23 05:03:27,075 - INFO - Fetching: Andhra Pradesh - Kurnool | AB-Ve | Packed Red Blood Cells
2026-09-23 05:03:28,095 - INFO - Saved 22 rows.
2026-09-23 05:03:28,095 - INFO - Fetching: Andhra Pradesh - Kurnool | AB-Ve | Fresh Frozen Plasma
2026-09-23 05:03:29,121 - INFO - Saved 22 rows.
2026-09-23 05:03:29,121 - INFO - Fetching: Andhra Pradesh - Kurnool | AB-Ve | Platelet Rich Plasma
2026-09-23 05:03:29,982 - INFO - No data found.
2026-09-23 05:03:29,982 - INFO - Fetching: Andhra Pradesh - Prakasam | A+Ve | Packed Red Blood Cells
2026-09-23 05:03:30,873 - INFO - Saved 18 rows.
2026-09-23 05:03:30,873 - INFO - Fetching: Andhra Pradesh - Prakasam | A+Ve | Fresh Frozen Plasma
2026-09-23 05:03:31,807 - INFO - Saved 18 rows.
2026-09-23 05:03:31,807 - INFO - Fetching: Andhra Pradesh - Prakasam | A+Ve | Platelet Rich Plasma
2026-09-23 05:03:32,758 - INFO - No data found.
2026-09-23 05:03:32,758 - INFO - Fetching: Andhra Pradesh - Prakasam | A-Ve | Packed Red Blood Cells
2026-09-23 05:03:33,621 - INFO - Saved 18 rows.
2026-09-23 05:03:33,621 - INFO - Fetching: Andhra Pradesh - Prakasam | A-Ve | Fresh Frozen Plasma
2026-09-23 05:03:34,571 - INFO - Saved 18 rows.
2026-09-23 05:03:34,571 - INFO - Fetching: Andhra Pradesh - Prakasam | A-Ve | Platelet Rich Plasma
2026-09-23 05:03:35,503 - INFO - No data found.
2026-09-23 05:03:35,503 - INFO - Fetching: Andhra Pradesh - Prakasam | B+Ve | Packed Red Blood Cells
2026-09-23 05:03:36,448 - INFO - Saved 18 rows.
2026-09-23 05:03:36,448 - INFO - Fetching: Andhra Pradesh - Prakasam | B+Ve | Fresh Frozen Plasma
2026-09-23 05:03:37,313 - INFO - Saved 18 rows.
2026-09-23 05:03:37,314 - INFO - Fetching: Andhra Pradesh - Prakasam | B+Ve | Platelet Rich Plasma
2026-09-23 05:03:38,242 - INFO - No data found.
2026-09-23 05:03:38,242 - INFO - Fetching: Andhra Pradesh - Prakasam | B-Ve | Packed Red Blood Cells
2026-09-23 05:03:39,243 - INFO - Saved 18 rows.
2026-09-23 05:03:39,243 - INFO - Fetching: Andhra Pradesh - Prakasam | B-Ve | Fresh Frozen Plasma
2026-09-23 05:03:40,168 - INFO - Saved 18 rows.
2026-09-23 05:03:40,168 - INFO - Fetching: Andhra Pradesh - Prakasam | B-Ve | Platelet Rich Plasma
2026-09-23 05:03:41,116 - INFO - No data found.
2026-09-23 05:03:41,116 - INFO - Fetching: Andhra Pradesh - Prakasam | O+Ve | Packed Red Blood Cells
2026-09-23 05:03:42,046 - INFO - Saved 18 rows.
2026-09-23 05:03:42,046 - INFO - Fetching: Andhra Pradesh - Prakasam | O+Ve | Fresh Frozen Plasma
2026-09-23 05:03:42,970 - INFO - Saved 18 rows.
2026-09-23 05:03:42,970 - INFO - Fetching: Andhra Pradesh - Prakasam | O+Ve | Platelet Rich Plasma
2026-09-23 05:03:43,902 - INFO - No data found.
2026-09-23 05:03:43,902 - INFO - Fetching: Andhra Pradesh - Prakasam | O-Ve | Packed Red Blood Cells
2026-09-23 05:03:44,912 - INFO - Saved 18 rows.
2026-09-23 05:03:44,912 - INFO - Fetching: Andhra Pradesh - Prakasam | O-Ve | Fresh Frozen Plasma
2026-09-23 05:03:45,933 - INFO - Saved 18 rows.
2026-09-23 05:03:45,933 - INFO - Fetching: Andhra Pradesh - Prakasam | O-Ve | Platelet Rich Plasma
2026-09-23 05:03:46,860 - INFO - No data found.
2026-09-23 05:03:46,860 - INFO - Fetching: Andhra Pradesh - Prakasam | AB+Ve | Packed Red Blood Cells
2026-09-23 05:03:47,803 - INFO - Saved 18 rows.
2026-09-23 05:03:47,803 - INFO - Fetching: Andhra Pradesh - Prakasam | AB+Ve | Fresh Frozen Plasma
2026-09-23 05:03:48,673 - INFO - Saved 18 rows.
2026-09-23 05:03:48,673 - INFO - Fetching: Andhra Pradesh - Prakasam | AB+Ve | Platelet Rich Plasma
2026-09-23 05:03:49,620 - INFO - No data found.
2026-09-23 05:03:49,620 - INFO - Fetching: Andhra Pradesh - Prakasam | AB-Ve | Packed Red Blood Cells
2026-09-23 05:03:50,548 - INFO - Saved 18 rows.
2026-09-23 05:03:50,548 - INFO - Fetching: Andhra Pradesh - Prakasam | AB-Ve | Fresh Frozen Plasma
2026-09-23 05:03:51,524 - INFO - Saved 18 rows.
2026-09-23 05:03:51,524 - INFO - Fetching: Andhra Pradesh - Prakasam | AB-Ve | Platelet Rich Plasma
2026-09-23 05:03:52,460 - INFO - No data found.
2026-09-23 05:03:52,460 - INFO - Fetching: Andhra Pradesh - Srikakulam | A+Ve | Packed Red Blood Cells
2026-09-23 05:03:53,394 - INFO - Saved 19 rows.
2026-09-23 05:03:53,394 - INFO - Fetching: Andhra Pradesh - Srikakulam | A+Ve | Fresh Frozen Plasma
2026-09-23 05:03:54,317 - INFO - Saved 19 rows.
2026-09-23 05:03:54,317 - INFO - Fetching: Andhra Pradesh - Srikakulam | A+Ve | Platelet Rich Plasma
2026-09-23 05:03:55,259 - INFO - No data found.
2026-09-23 05:03:55,259 - INFO - Fetching: Andhra Pradesh - Srikakulam | A-Ve | Packed Red Blood Cells
2026-09-23 05:03:56,184 - INFO - Saved 19 rows.
2026-09-23 05:03:56,184 - INFO - Fetching: Andhra Pradesh - Srikakulam | A-Ve | Fresh Frozen Plasma
2026-09-23 05:03:57,122 - INFO - Saved 19 rows.
2026-09-23 05:03:57,122 - INFO - Fetching: Andhra Pradesh - Srikakulam | A-Ve | Platelet Rich Plasma
2026-09-23 05:03:58,047 - INFO - No data found.
2026-09-23 05:03:58,047 - INFO - Fetching: Andhra Pradesh - Srikakulam | B+Ve | Packed Red Blood Cells
2026-09-23 05:03:58,979 - INFO - Saved 19 rows.
2026-09-23 05:03:58,979 - INFO - Fetching: Andhra Pradesh - Srikakulam | B+Ve | Fresh Frozen Plasma
2026-09-23 05:03:59,907 - INFO - Saved 19 rows.
2026-09-23 05:03:59,907 - INFO - Fetching: Andhra Pradesh - Srikakulam | B+Ve | Platelet Rich Plasma
2026-09-23 05:04:00,915 - INFO - No data found.
2026-09-23 05:04:00,916 - INFO - Fetching: Andhra Pradesh - Srikakulam | B-Ve | Packed Red Blood Cells
2026-09-23 05:04:01,891 - INFO - Saved 19 rows.
2026-09-23 05:04:01,892 - INFO - Fetching: Andhra Pradesh - Srikakulam | B-Ve | Fresh Frozen Plasma
2026-09-23 05:04:02,771 - INFO - Saved 19 rows.
2026-09-23 05:04:02,771 - INFO - Fetching: Andhra Pradesh - Srikakulam | B-Ve | Platelet Rich Plasma
2026-09-23 05:04:03,776 - INFO - No data found.
2026-09-23 05:04:03,776 - INFO - Fetching: Andhra Pradesh - Srikakulam | O+Ve | Packed Red Blood Cells
2026-09-23 05:04:04,718 - INFO - Saved 19 rows.
2026-09-23 05:04:04,718 - INFO - Fetching: Andhra Pradesh - Srikakulam | O+Ve | Fresh Frozen Plasma
2026-09-23 05:04:05,657 - INFO - Saved 19 rows.
2026-09-23 05:04:05,657 - INFO - Fetching: Andhra Pradesh - Srikakulam | O+Ve | Platelet Rich Plasma
2026-09-23 05:04:06,612 - INFO - No data found.
2026-09-23 05:04:06,612 - INFO - Fetching: Andhra Pradesh - Srikakulam | O-Ve | Packed Red Blood Cells
2026-09-23 05:04:07,600 - INFO - Saved 19 rows.
2026-09-23 05:04:07,600 - INFO - Fetching: Andhra Pradesh - Srikakulam | O-Ve | Fresh Frozen Plasma
2026-09-23 05:04:08,541 - INFO - Saved 19 rows.
2026-09-23 05:04:08,541 - INFO - Fetching: Andhra Pradesh - Srikakulam | O-Ve | Platelet Rich Plasma
2026-09-23 05:04:09,509 - INFO - No data found.
2026-09-23 05:04:09,509 - INFO - Fetching: Andhra Pradesh - Srikakulam | AB+Ve | Packed Red Blood Cells
2026-09-23 05:04:10,369 - INFO - Saved 19 rows.
2026-09-23 05:04:10,369 - INFO - Fetching: Andhra Pradesh - Srikakulam | AB+Ve | Fresh Frozen Plasma
2026-09-23 05:04:11,304 - INFO - Saved 19 rows.
2026-09-23 05:04:11,304 - INFO - Fetching: Andhra Pradesh - Srikakulam | AB+Ve | Platelet Rich Plasma
2026-09-23 05:04:12,230 - INFO - No data found.
2026-09-23 05:04:12,230 - INFO - Fetching: Andhra Pradesh - Srikakulam | AB-Ve | Packed Red Blood Cells
2026-09-23 05:04:13,284 - INFO - Saved 19 rows.
2026-09-23 05:04:13,284 - INFO - Fetching: Andhra Pradesh - Srikakulam | AB-Ve | Fresh Frozen Plasma
2026-09-23 05:04:14,280 - INFO - Saved 19 rows.
2026-09-23 05:04:14,280 - INFO - Fetching: Andhra Pradesh - Srikakulam | AB-Ve | Platelet Rich Plasma
2026-09-23 05:04:15,216 - INFO - No data found.
2026-09-23 05:04:15,216 - INFO - Fetching: Andhra Pradesh - Vizianagaram | A+Ve | Packed Red Blood Cells
2026-09-23 05:04:16,212 - INFO - Saved 17 rows.
2026-09-23 05:04:16,212 - INFO - Fetching: Andhra Pradesh - Vizianagaram | A+Ve | Fresh Frozen Plasma
2026-09-23 05:04:17,413 - INFO - Saved 17 rows.
2026-09-23 05:04:17,413 - INFO - Fetching: Andhra Pradesh - Vizianagaram | A+Ve | Platelet Rich Plasma
2026-09-23 05:04:18,472 - INFO - No data found.
2026-09-23 05:04:18,472 - INFO - Fetching: Andhra Pradesh - Vizianagaram | A-Ve | Packed Red Blood Cells
2026-09-23 05:04:19,409 - INFO - Saved 17 rows.
2026-09-23 05:04:19,409 - INFO - Fetching: Andhra Pradesh - Vizianagaram | A-Ve | Fresh Frozen Plasma
2026-09-23 05:04:20,339 - INFO - Saved 17 rows.
2026-09-23 05:04:20,339 - INFO - Fetching: Andhra Pradesh - Vizianagaram | A-Ve | Platelet Rich Plasma
2026-09-23 05:04:21,296 - INFO - No data found.
2026-09-23 05:04:21,296 - INFO - Fetching: Andhra Pradesh - Vizianagaram | B+Ve | Packed Red Blood Cells
2026-09-23 05:04:22,249 - INFO - Saved 17 rows.
2026-09-23 05:04:22,249 - INFO - Fetching: Andhra Pradesh - Vizianagaram | B+Ve | Fresh Frozen Plasma
2026-09-23 05:04:23,193 - INFO - Saved 17 rows.
2026-09-23 05:04:23,193 - INFO - Fetching: Andhra Pradesh - Vizianagaram | B+Ve | Platelet Rich Plasma
2026-09-23 05:04:24,116 - INFO - No data found.
2026-09-23 05:04:24,117 - INFO - Fetching: Andhra Pradesh - Vizianagaram | B-Ve | Packed Red Blood Cells
2026-09-23 05:04:25,041 - INFO - Saved 17 rows.
2026-09-23 05:04:25,041 - INFO - Fetching: Andhra Pradesh - Vizianagaram | B-Ve | Fresh Frozen Plasma
2026-09-23 05:04:25,985 - INFO - Saved 17 rows.
2026-09-23 05:04:25,989 - INFO - Fetching: Andhra Pradesh - Vizianagaram | B-Ve | Platelet Rich Plasma
2026-09-23 05:04:26,844 - INFO - No data found.
2026-09-23 05:04:26,844 - INFO - Fetching: Andhra Pradesh - Vizianagaram | O+Ve | Packed Red Blood Cells
2026-09-23 05:04:27,858 - INFO - Saved 17 rows.
2026-09-23 05:04:27,858 - INFO - Fetching: Andhra Pradesh - Vizianagaram | O+Ve | Fresh Frozen Plasma
2026-09-23 05:04:28,870 - INFO - Saved 17 rows.
2026-09-23 05:04:28,870 - INFO - Fetching: Andhra Pradesh - Vizianagaram | O+Ve | Platelet Rich Plasma
2026-09-23 05:04:29,796 - INFO - No data found.
2026-09-23 05:04:29,796 - INFO - Fetching: Andhra Pradesh - Vizianagaram | O-Ve | Packed Red Blood Cells
2026-09-23 05:04:30,718 - INFO - Saved 17 rows.
2026-09-23 05:04:30,718 - INFO - Fetching: Andhra Pradesh - Vizianagaram | O-Ve | Fresh Frozen Plasma
2026-09-23 05:04:31,615 - INFO - Saved 17 rows.
2026-09-23 05:04:31,615 - INFO - Fetching: Andhra Pradesh - Vizianagaram | O-Ve | Platelet Rich Plasma
2026-09-23 05:04:32,471 - INFO - No data found.
2026-09-23 05:04:32,472 - INFO - Fetching: Andhra Pradesh - Vizianagaram | AB+Ve | Packed Red Blood Cells
2026-09-23 05:04:33,395 - INFO - Saved 17 rows.
2026-09-23 05:04:33,395 - INFO - Fetching: Andhra Pradesh - Vizianagaram | AB+Ve | Fresh Frozen Plasma
2026-09-23 05:04:34,269 - INFO - Saved 17 rows.
2026-09-23 05:04:34,269 - INFO - Fetching: Andhra Pradesh - Vizianagaram | AB+Ve | Platelet Rich Plasma
2026-09-23 05:04:35,244 - INFO - No data found.
2026-09-23 05:04:35,245 - INFO - Fetching: Andhra Pradesh - Vizianagaram | AB-Ve | Packed Red Blood Cells
2026-09-23 05:04:36,223 - INFO - Saved 17 rows.
2026-09-23 05:04:36,224 - INFO - Fetching: Andhra Pradesh - Vizianagaram | AB-Ve | Fresh Frozen Plasma
2026-09-23 05:04:37,438 - INFO - Saved 17 rows.
2026-09-23 05:04:37,438 - INFO - Fetching: Andhra Pradesh - Vizianagaram | AB-Ve | Platelet Rich Plasma
2026-09-23 05:04:38,501 - INFO - No data found.
2026-09-23 05:04:38,501 - INFO - Fetching: Andhra Pradesh - West Godavari | A+Ve | Packed Red Blood Cells
2026-09-23 05:04:39,681 - INFO - Saved 17 rows.
2026-09-23 05:04:39,681 - INFO - Fetching: Andhra Pradesh - West Godavari | A+Ve | Fresh Frozen Plasma
2026-09-23 05:04:40,769 - INFO - Saved 17 rows.
2026-09-23 05:04:40,769 - INFO - Fetching: Andhra Pradesh - West Godavari | A+Ve | Platelet Rich Plasma
2026-09-23 05:04:41,846 - INFO - No data found.
2026-09-23 05:04:41,846 - INFO - Fetching: Andhra Pradesh - West Godavari | A-Ve | Packed Red Blood Cells
2026-09-23 05:04:43,003 - INFO - Saved 17 rows.
2026-09-23 05:04:43,004 - INFO - Fetching: Andhra Pradesh - West Godavari | A-Ve | Fresh Frozen Plasma
2026-09-23 05:04:44,177 - INFO - Saved 17 rows.
2026-09-23 05:04:44,178 - INFO - Fetching: Andhra Pradesh - West Godavari | A-Ve | Platelet Rich Plasma
2026-09-23 05:04:45,101 - INFO - No data found.
2026-09-23 05:04:45,101 - INFO - Fetching: Andhra Pradesh - West Godavari | B+Ve | Packed Red Blood Cells
2026-09-23 05:04:46,249 - INFO - Saved 17 rows.
2026-09-23 05:04:46,249 - INFO - Fetching: Andhra Pradesh - West Godavari | B+Ve | Fresh Frozen Plasma
2026-09-23 05:04:47,411 - INFO - Saved 17 rows.
2026-09-23 05:04:47,411 - INFO - Fetching: Andhra Pradesh - West Godavari | B+Ve | Platelet Rich Plasma
2026-09-23 05:04:48,354 - INFO - No data found.
2026-09-23 05:04:48,354 - INFO - Fetching: Andhra Pradesh - West Godavari | B-Ve | Packed Red Blood Cells
2026-09-23 05:04:49,297 - INFO - Saved 17 rows.
2026-09-23 05:04:49,297 - INFO - Fetching: Andhra Pradesh - West Godavari | B-Ve | Fresh Frozen Plasma
2026-09-23 05:04:50,430 - INFO - Saved 17 rows.
2026-09-23 05:04:50,430 - INFO - Fetching: Andhra Pradesh - West Godavari | B-Ve | Platelet Rich Plasma
2026-09-23 05:04:51,597 - INFO - No data found.
2026-09-23 05:04:51,597 - INFO - Fetching: Andhra Pradesh - West Godavari | O+Ve | Packed Red Blood Cells
2026-09-23 05:04:52,549 - INFO - Saved 17 rows.
2026-09-23 05:04:52,549 - INFO - Fetching: Andhra Pradesh - West Godavari | O+Ve | Fresh Frozen Plasma
2026-09-23 05:04:53,484 - INFO - Saved 17 rows.
2026-09-23 05:04:53,485 - INFO - Fetching: Andhra Pradesh - West Godavari | O+Ve | Platelet Rich Plasma
2026-09-23 05:04:54,680 - INFO - No data found.
2026-09-23 05:04:54,680 - INFO - Fetching: Andhra Pradesh - West Godavari | O-Ve | Packed Red Blood Cells
2026-09-23 05:04:55,833 - INFO - Saved 17 rows.
2026-09-23 05:04:55,833 - INFO - Fetching: Andhra Pradesh - West Godavari | O-Ve | Fresh Frozen Plasma
2026-09-23 05:04:56,803 - INFO - Saved 17 rows.
2026-09-23 05:04:56,803 - INFO - Fetching: Andhra Pradesh - West Godavari | O-Ve | Platelet Rich Plasma
2026-09-23 05:04:57,953 - INFO - No data found.
2026-09-23 05:04:57,953 - INFO - Fetching: Andhra Pradesh - West Godavari | AB+Ve | Packed Red Blood Cells
2026-09-23 05:04:59,037 - INFO - Saved 17 rows.
2026-09-23 05:04:59,037 - INFO - Fetching: Andhra Pradesh - West Godavari | AB+Ve | Fresh Frozen Plasma
2026-09-23 05:04:59,959 - INFO - Saved 17 rows.
2026-09-23 05:04:59,959 - INFO - Fetching: Andhra Pradesh - West Godavari | AB+Ve | Platelet Rich Plasma
2026-09-23 05:05:00,894 - INFO - No data found.
2026-09-23 05:05:00,894 - INFO - Fetching: Andhra Pradesh - West Godavari | AB-Ve | Packed Red Blood Cells
2026-09-23 05:05:02,039 - INFO - Saved 17 rows.
2026-09-23 05:05:02,039 - INFO - Fetching: Andhra Pradesh - West Godavari | AB-Ve | Fresh Frozen Plasma
2026-09-23 05:05:03,111 - INFO - Saved 17 rows.
2026-09-23 05:05:03,111 - INFO - Fetching: Andhra Pradesh - West Godavari | AB-Ve | Platelet Rich Plasma
2026-09-23 05:05:04,046 - INFO - No data found.
2026-09-23 05:05:04,046 - INFO - Collection complete. Fetched 2048 total records to blood_data.csv.
2026-09-24 05:13:02,769 - INFO - Loaded master data from cache.
2026-09-24 05:13:02,769 - INFO - Fetching: Andhra Pradesh - Alluri Sitharama Raju | A+Ve | Packed Red Blood Cells
2026-09-24 05:13:04,262 - INFO - Saved 5 rows.
2026-09-24 05:13:04,262 - INFO - Fetching: Andhra Pradesh - Alluri Sitharama Raju | A+Ve | Fresh Frozen Plasma
2026-09-24 05:13:05,442 - INFO - Saved 5 rows.
2026-09-24 05:13:05,442 - INFO - Fetching: Andhra Pradesh - Alluri Sitharama Raju | A+Ve | Platelet Rich Plasma
2026-09-24 05:13:06,988 - INFO - No data found.
2026-09-24 05:13:06,988 - INFO - Fetching: Andhra Pradesh - Alluri Sitharama Raju | A-Ve | Packed Red Blood Cells
2026-09-24 05:13:08,543 - INFO - Saved 5 rows.
2026-09-24 05:13:08,543 - INFO - Fetching: Andhra Pradesh - Alluri Sitharama Raju | A-Ve | Fresh Frozen Plasma
2026-09-24 05:13:09,465 - INFO - Saved 5 rows.
2026-09-24 05:13:09,465 - INFO - Fetching: Andhra Pradesh - Alluri Sitharama Raju | A-Ve | Platelet Rich Plasma
2026-09-24 05:13:10,363 - INFO - No data found.
2026-09-24 05:13:10,363 - INFO - Fetching: Andhra Pradesh - Alluri Sitharama Raju | B+Ve | Packed Red Blood Cells
2026-09-24 05:13:11,384 - INFO - Saved 5 rows.
2026-09-24 05:13:11,384 - INFO - Fetching: Andhra Pradesh - Alluri Sitharama Raju | B+Ve | Fresh Frozen Plasma
2026-09-24 05:13:12,402 - INFO - Saved 5 rows.
2026-09-24 05:13:12,402 - INFO - Fetching: Andhra Pradesh - Alluri Sitharama Raju | B+Ve | Platelet Rich Plasma
2026-09-24 05:13:13,900 - INFO - No data found.
2026-09-24 05:13:13,900 - INFO - Fetching: Andhra Pradesh - Alluri Sitharama Raju | B-Ve | Packed Red Blood Cells
2026-09-24 05:13:14,884 - INFO - Saved 5 rows.
2026-09-24 05:13:14,884 - INFO - Fetching: Andhra Pradesh - Alluri Sitharama Raju | B-Ve | Fresh Frozen Plasma
2026-09-24 05:13:16,245 - INFO - Saved 5 rows.
2026-09-24 05:13:16,245 - INFO - Fetching: Andhra Pradesh - Alluri Sitharama Raju | B-Ve | Platelet Rich Plasma
2026-09-24 05:13:17,586 - INFO - No data found.
2026-09-24 05:13:17,587 - INFO - Fetching: Andhra Pradesh - Alluri Sitharama Raju | O+Ve | Packed Red Blood Cells
2026-09-24 05:13:18,619 - INFO - Saved 5 rows.
2026-09-24 05:13:18,619 - INFO - Fetching: Andhra Pradesh - Alluri Sitharama Raju | O+Ve | Fresh Frozen Plasma
2026-09-24 05:13:20,123 - INFO - Saved 5 rows.
2026-09-24 05:13:20,123 - INFO - Fetching: Andhra Pradesh - Alluri Sitharama Raju | O+Ve | Platelet Rich Plasma
2026-09-24 05:13:21,027 - INFO - No data found.
2026-09-24 05:13:21,027 - INFO - Fetching: Andhra Pradesh - Alluri Sitharama Raju | O-Ve | Packed Red Blood Cells
2026-09-24 05:13:22,377 - INFO - Saved 5 rows.
2026-09-24 05:13:22,377 - INFO - Fetching: Andhra Pradesh - Alluri Sitharama Raju | O-Ve | Fresh Frozen Plasma
2026-09-24 05:13:23,330 - INFO - Saved 5 rows.
2026-09-24 05:13:23,330 - INFO - Fetching: Andhra Pradesh - Alluri Sitharama Raju | O-Ve | Platelet Rich Plasma
2026-09-24 05:13:24,455 - INFO - No data found.
2026-09-24 05:13:24,455 - INFO - Fetching: Andhra Pradesh - Alluri Sitharama Raju | AB+Ve | Packed Red Blood Cells
2026-09-24 05:13:25,542 - INFO - Saved 5 rows.
2026-09-24 05:13:25,542 - INFO - Fetching: Andhra Pradesh - Alluri Sitharama Raju | AB+Ve | Fresh Frozen Plasma
2026-09-24 05:13:26,460 - INFO - Saved 5 rows.
2026-09-24 05:13:26,460 - INFO - Fetching: Andhra Pradesh - Alluri Sitharama Raju | AB+Ve | Platelet Rich Plasma
2026-09-24 05:13:27,485 - INFO - No data found.
2026-09-24 05:13:27,485 - INFO - Fetching: Andhra Pradesh - Alluri Sitharama Raju | AB-Ve | Packed Red Blood Cells
2026-09-24 05:13:28,922 - INFO - Saved 5 rows.
2026-09-24 05:13:28,922 - INFO - Fetching: Andhra Pradesh - Alluri Sitharama Raju | AB-Ve | Fresh Frozen Plasma
2026-09-24 05:13:30,458 - INFO - Saved 5 rows.
2026-09-24 05:13:30,458 - INFO - Fetching: Andhra Pradesh - Alluri Sitharama Raju | AB-Ve | Platelet Rich Plasma
2026-09-24 05:13:31,367 - INFO - No data found.
2026-09-24 05:13:31,367 - INFO - Fetching: Andhra Pradesh - East Godavari | A+Ve | Packed Red Blood Cells
2026-09-24 05:13:32,301 - INFO - Saved 16 rows.
2026-09-24 05:13:32,301 - INFO - Fetching: Andhra Pradesh - East Godavari | A+Ve | Fresh Frozen Plasma
2026-09-24 05:13:33,338 - INFO - Saved 16 rows.
2026-09-24 05:13:33,338 - INFO - Fetching: Andhra Pradesh - East Godavari | A+Ve | Platelet Rich Plasma
2026-09-24 05:13:34,254 - INFO - No data found.
2026-09-24 05:13:34,254 - INFO - Fetching: Andhra Pradesh - East Godavari | A-Ve | Packed Red Blood Cells
2026-09-24 05:13:35,362 - INFO - Saved 16 rows.
2026-09-24 05:13:35,362 - INFO - Fetching: Andhra Pradesh - East Godavari | A-Ve | Fresh Frozen Plasma
2026-09-24 05:13:36,293 - INFO - Saved 16 rows.
2026-09-24 05:13:36,293 - INFO - Fetching: Andhra Pradesh - East Godavari | A-Ve | Platelet Rich Plasma
2026-09-24 05:13:37,305 - INFO - No data found.
2026-09-24 05:13:37,305 - INFO - Fetching: Andhra Pradesh - East Godavari | B+Ve | Packed Red Blood Cells
2026-09-24 05:13:38,741 - INFO - Saved 16 rows.
2026-09-24 05:13:38,741 - INFO - Fetching: Andhra Pradesh - East Godavari | B+Ve | Fresh Frozen Plasma
2026-09-24 05:13:40,035 - INFO - Saved 16 rows.
2026-09-24 05:13:40,035 - INFO - Fetching: Andhra Pradesh - East Godavari | B+Ve | Platelet Rich Plasma
2026-09-24 05:13:41,151 - INFO - No data found.
2026-09-24 05:13:41,151 - INFO - Fetching: Andhra Pradesh - East Godavari | B-Ve | Packed Red Blood Cells
2026-09-24 05:13:42,446 - INFO - Saved 16 rows.
2026-09-24 05:13:42,446 - INFO - Fetching: Andhra Pradesh - East Godavari | B-Ve | Fresh Frozen Plasma
2026-09-24 05:13:43,549 - INFO - Saved 16 rows.
2026-09-24 05:13:43,549 - INFO - Fetching: Andhra Pradesh - East Godavari | B-Ve | Platelet Rich Plasma
2026-09-24 05:13:44,757 - INFO - No data found.
2026-09-24 05:13:44,757 - INFO - Fetching: Andhra Pradesh - East Godavari | O+Ve | Packed Red Blood Cells
2026-09-24 05:13:45,674 - INFO - Saved 16 rows.
2026-09-24 05:13:45,674 - INFO - Fetching: Andhra Pradesh - East Godavari | O+Ve | Fresh Frozen Plasma
2026-09-24 05:13:46,870 - INFO - Saved 16 rows.
2026-09-24 05:13:46,870 - INFO - Fetching: Andhra Pradesh - East Godavari | O+Ve | Platelet Rich Plasma
2026-09-24 05:13:48,520 - INFO - No data found.
2026-09-24 05:13:48,520 - INFO - Fetching: Andhra Pradesh - East Godavari | O-Ve | Packed Red Blood Cells
2026-09-24 05:13:49,440 - INFO - Saved 16 rows.
2026-09-24 05:13:49,440 - INFO - Fetching: Andhra Pradesh - East Godavari | O-Ve | Fresh Frozen Plasma
2026-09-24 05:13:50,429 - INFO - Saved 16 rows.
2026-09-24 05:13:50,430 - INFO - Fetching: Andhra Pradesh - East Godavari | O-Ve | Platelet Rich Plasma
2026-09-24 05:13:51,455 - INFO - No data found.
2026-09-24 05:13:51,455 - INFO - Fetching: Andhra Pradesh - East Godavari | AB+Ve | Packed Red Blood Cells
2026-09-24 05:13:52,875 - INFO - Saved 16 rows.
2026-09-24 05:13:52,875 - INFO - Fetching: Andhra Pradesh - East Godavari | AB+Ve | Fresh Frozen Plasma
2026-09-24 05:13:53,801 - INFO - Saved 16 rows.
2026-09-24 05:13:53,801 - INFO - Fetching: Andhra Pradesh - East Godavari | AB+Ve | Platelet Rich Plasma
2026-09-24 05:13:54,914 - INFO - No data found.
2026-09-24 05:13:54,915 - INFO - Fetching: Andhra Pradesh - East Godavari | AB-Ve | Packed Red Blood Cells
2026-09-24 05:13:55,907 - INFO - Saved 16 rows.
2026-09-24 05:13:55,907 - INFO - Fetching: Andhra Pradesh - East Godavari | AB-Ve | Fresh Frozen Plasma
2026-09-24 05:13:57,053 - INFO - Saved 16 rows.
2026-09-24 05:13:57,053 - INFO - Fetching: Andhra Pradesh - East Godavari | AB-Ve | Platelet Rich Plasma
2026-09-24 05:13:57,984 - INFO - No data found.
2026-09-24 05:13:57,984 - INFO - Fetching: Andhra Pradesh - Krishna | A+Ve | Packed Red Blood Cells
2026-09-24 05:13:59,020 - INFO - Saved 14 rows.
2026-09-24 05:13:59,020 - INFO - Fetching: Andhra Pradesh - Krishna | A+Ve | Fresh Frozen Plasma
2026-09-24 05:14:00,199 - INFO - Saved 14 rows.
2026-09-24 05:14:00,199 - INFO - Fetching: Andhra Pradesh - Krishna | A+Ve | Platelet Rich Plasma
2026-09-24 05:14:01,380 - INFO - No data found.
2026-09-24 05:14:01,380 - INFO - Fetching: Andhra Pradesh - Krishna | A-Ve | Packed Red Blood Cells
2026-09-24 05:14:02,364 - INFO - Saved 14 rows.
2026-09-24 05:14:02,364 - INFO - Fetching: Andhra Pradesh - Krishna | A-Ve | Fresh Frozen Plasma
2026-09-24 05:14:03,381 - INFO - Saved 14 rows.
2026-09-24 05:14:03,382 - INFO - Fetching: Andhra Pradesh - Krishna | A-Ve | Platelet Rich Plasma
2026-09-24 05:14:04,686 - INFO - No data found.
2026-09-24 05:14:04,686 - INFO - Fetching: Andhra Pradesh - Krishna | B+Ve | Packed Red Blood Cells
2026-09-24 05:14:05,886 - INFO - Saved 14 rows.
2026-09-24 05:14:05,886 - INFO - Fetching: Andhra Pradesh - Krishna | B+Ve | Fresh Frozen Plasma
2026-09-24 05:14:06,930 - INFO - Saved 14 rows.
2026-09-24 05:14:06,930 - INFO - Fetching: Andhra Pradesh - Krishna | B+Ve | Platelet Rich Plasma
2026-09-24 05:14:08,141 - INFO - No data found.
2026-09-24 05:14:08,141 - INFO - Fetching: Andhra Pradesh - Krishna | B-Ve | Packed Red Blood Cells
2026-09-24 05:14:09,231 - INFO - Saved 14 rows.
2026-09-24 05:14:09,231 - INFO - Fetching: Andhra Pradesh - Krishna | B-Ve | Fresh Frozen Plasma
2026-09-24 05:14:10,334 - INFO - Saved 14 rows.
2026-09-24 05:14:10,334 - INFO - Fetching: Andhra Pradesh - Krishna | B-Ve | Platelet Rich Plasma
2026-09-24 05:14:11,504 - INFO - No data found.
2026-09-24 05:14:11,505 - INFO - Fetching: Andhra Pradesh - Krishna | O+Ve | Packed Red Blood Cells
2026-09-24 05:14:12,421 - INFO - Saved 14 rows.
2026-09-24 05:14:12,421 - INFO - Fetching: Andhra Pradesh - Krishna | O+Ve | Fresh Frozen Plasma
2026-09-24 05:14:13,363 - INFO - Saved 14 rows.
2026-09-24 05:14:13,363 - INFO - Fetching: Andhra Pradesh - Krishna | O+Ve | Platelet Rich Plasma
2026-09-24 05:14:14,581 - INFO - No data found.
2026-09-24 05:14:14,581 - INFO - Fetching: Andhra Pradesh - Krishna | O-Ve | Packed Red Blood Cells
2026-09-24 05:14:15,500 - INFO - Saved 14 rows.
2026-09-24 05:14:15,500 - INFO - Fetching: Andhra Pradesh - Krishna | O-Ve | Fresh Frozen Plasma
2026-09-24 05:14:16,432 - INFO - Saved 14 rows.
2026-09-24 05:14:16,432 - INFO - Fetching: Andhra Pradesh - Krishna | O-Ve | Platelet Rich Plasma
2026-09-24 05:14:17,478 - INFO - No data found.
2026-09-24 05:14:17,478 - INFO - Fetching: Andhra Pradesh - Krishna | AB+Ve | Packed Red Blood Cells
2026-09-24 05:14:18,477 - INFO - Saved 14 rows.
2026-09-24 05:14:18,478 - INFO - Fetching: Andhra Pradesh - Krishna | AB+Ve | Fresh Frozen Plasma
2026-09-24 05:14:19,524 - INFO - Saved 14 rows.
2026-09-24 05:14:19,524 - INFO - Fetching: Andhra Pradesh - Krishna | AB+Ve | Platelet Rich Plasma
2026-09-24 05:14:20,568 - INFO - No data found.
2026-09-24 05:14:20,568 - INFO - Fetching: Andhra Pradesh - Krishna | AB-Ve | Packed Red Blood Cells
2026-09-24 05:14:21,483 - INFO - Saved 14 rows.
2026-09-24 05:14:21,484 - INFO - Fetching: Andhra Pradesh - Krishna | AB-Ve | Fresh Frozen Plasma
2026-09-24 05:14:22,628 - INFO - Saved 14 rows.
2026-09-24 05:14:22,628 - INFO - Fetching: Andhra Pradesh - Krishna | AB-Ve | Platelet Rich Plasma
2026-09-24 05:14:23,671 - INFO - No data found.
2026-09-24 05:14:23,671 - INFO - Fetching: Andhra Pradesh - Kurnool | A+Ve | Packed Red Blood Cells
2026-09-24 05:14:24,597 - INFO - Saved 22 rows.
2026-09-24 05:14:24,597 - INFO - Fetching: Andhra Pradesh - Kurnool | A+Ve | Fresh Frozen Plasma
2026-09-24 05:14:25,753 - INFO - Saved 22 rows.
2026-09-24 05:14:25,753 - INFO - Fetching: Andhra Pradesh - Kurnool | A+Ve | Platelet Rich Plasma
2026-09-24 05:14:26,856 - INFO - No data found.
2026-09-24 05:14:26,856 - INFO - Fetching: Andhra Pradesh - Kurnool | A-Ve | Packed Red Blood Cells
2026-09-24 05:14:27,800 - INFO - Saved 22 rows.
2026-09-24 05:14:27,800 - INFO - Fetching: Andhra Pradesh - Kurnool | A-Ve | Fresh Frozen Plasma
2026-09-24 05:14:28,805 - INFO - Saved 22 rows.
2026-09-24 05:14:28,805 - INFO - Fetching: Andhra Pradesh - Kurnool | A-Ve | Platelet Rich Plasma
2026-09-24 05:14:29,832 - INFO - No data found.
2026-09-24 05:14:29,833 - INFO - Fetching: Andhra Pradesh - Kurnool | B+Ve | Packed Red Blood Cells
2026-09-24 05:14:30,902 - INFO - Saved 22 rows.
2026-09-24 05:14:30,902 - INFO - Fetching: Andhra Pradesh - Kurnool | B+Ve | Fresh Frozen Plasma
2026-09-24 05:14:31,817 - INFO - Saved 22 rows.
2026-09-24 05:14:31,817 - INFO - Fetching: Andhra Pradesh - Kurnool | B+Ve | Platelet Rich Plasma
2026-09-24 05:14:32,856 - INFO - No data found.
2026-09-24 05:14:32,856 - INFO - Fetching: Andhra Pradesh - Kurnool | B-Ve | Packed Red Blood Cells
2026-09-24 05:14:33,848 - INFO - Saved 22 rows.
2026-09-24 05:14:33,848 - INFO - Fetching: Andhra Pradesh - Kurnool | B-Ve | Fresh Frozen Plasma
2026-09-24 05:14:34,933 - INFO - Saved 22 rows.
2026-09-24 05:14:34,933 - INFO - Fetching: Andhra Pradesh - Kurnool | B-Ve | Platelet Rich Plasma
2026-09-24 05:14:35,957 - INFO - No data found.
2026-09-24 05:14:35,957 - INFO - Fetching: Andhra Pradesh - Kurnool | O+Ve | Packed Red Blood Cells
2026-09-24 05:14:36,873 - INFO - Saved 22 rows.
2026-09-24 05:14:36,873 - INFO - Fetching: Andhra Pradesh - Kurnool | O+Ve | Fresh Frozen Plasma
2026-09-24 05:14:37,782 - INFO - Saved 22 rows.
2026-09-24 05:14:37,782 - INFO - Fetching: Andhra Pradesh - Kurnool | O+Ve | Platelet Rich Plasma
2026-09-24 05:14:38,776 - INFO - No data found.
2026-09-24 05:14:38,776 - INFO - Fetching: Andhra Pradesh - Kurnool | O-Ve | Packed Red Blood Cells
2026-09-24 05:14:39,806 - INFO - Saved 22 rows.
2026-09-24 05:14:39,806 - INFO - Fetching: Andhra Pradesh - Kurnool | O-Ve | Fresh Frozen Plasma
2026-09-24 05:14:40,914 - INFO - Saved 22 rows.
2026-09-24 05:14:40,914 - INFO - Fetching: Andhra Pradesh - Kurnool | O-Ve | Platelet Rich Plasma
2026-09-24 05:14:41,891 - INFO - No data found.
2026-09-24 05:14:41,891 - INFO - Fetching: Andhra Pradesh - Kurnool | AB+Ve | Packed Red Blood Cells
2026-09-24 05:14:42,790 - INFO - Saved 22 rows.
2026-09-24 05:14:42,790 - INFO - Fetching: Andhra Pradesh - Kurnool | AB+Ve | Fresh Frozen Plasma
2026-09-24 05:14:43,817 - INFO - Saved 22 rows.
2026-09-24 05:14:43,817 - INFO - Fetching: Andhra Pradesh - Kurnool | AB+Ve | Platelet Rich Plasma
2026-09-24 05:14:44,839 - INFO - No data found.
2026-09-24 05:14:44,839 - INFO - Fetching: Andhra Pradesh - Kurnool | AB-Ve | Packed Red Blood Cells
2026-09-24 05:14:45,769 - INFO - Saved 22 rows.
2026-09-24 05:14:45,769 - INFO - Fetching: Andhra Pradesh - Kurnool | AB-Ve | Fresh Frozen Plasma
2026-09-24 05:14:46,693 - INFO - Saved 22 rows.
2026-09-24 05:14:46,693 - INFO - Fetching: Andhra Pradesh - Kurnool | AB-Ve | Platelet Rich Plasma
2026-09-24 05:14:47,792 - INFO - No data found.
2026-09-24 05:14:47,792 - INFO - Fetching: Andhra Pradesh - Prakasam | A+Ve | Packed Red Blood Cells
2026-09-24 05:14:48,698 - INFO - Saved 18 rows.
2026-09-24 05:14:48,698 - INFO - Fetching: Andhra Pradesh - Prakasam | A+Ve | Fresh Frozen Plasma
2026-09-24 05:14:49,804 - INFO - Saved 18 rows.
2026-09-24 05:14:49,804 - INFO - Fetching: Andhra Pradesh - Prakasam | A+Ve | Platelet Rich Plasma
2026-09-24 05:14:50,839 - INFO - No data found.
2026-09-24 05:14:50,840 - INFO - Fetching: Andhra Pradesh - Prakasam | A-Ve | Packed Red Blood Cells
2026-09-24 05:14:51,907 - INFO - Saved 18 rows.
2026-09-24 05:14:51,907 - INFO - Fetching: Andhra Pradesh - Prakasam | A-Ve | Fresh Frozen Plasma
2026-09-24 05:14:52,857 - INFO - Saved 18 rows.
2026-09-24 05:14:52,857 - INFO - Fetching: Andhra Pradesh - Prakasam | A-Ve | Platelet Rich Plasma
2026-09-24 05:14:53,851 - INFO - No data found.
2026-09-24 05:14:53,852 - INFO - Fetching: Andhra Pradesh - Prakasam | B+Ve | Packed Red Blood Cells
2026-09-24 05:14:54,898 - INFO - Saved 18 rows.
2026-09-24 05:14:54,898 - INFO - Fetching: Andhra Pradesh - Prakasam | B+Ve | Fresh Frozen Plasma
2026-09-24 05:14:55,910 - INFO - Saved 18 rows.
2026-09-24 05:14:55,910 - INFO - Fetching: Andhra Pradesh - Prakasam | B+Ve | Platelet Rich Plasma
2026-09-24 05:14:56,831 - INFO - No data found.
2026-09-24 05:14:56,832 - INFO - Fetching: Andhra Pradesh - Prakasam | B-Ve | Packed Red Blood Cells
2026-09-24 05:14:57,851 - INFO - Saved 18 rows.
2026-09-24 05:14:57,851 - INFO - Fetching: Andhra Pradesh - Prakasam | B-Ve | Fresh Frozen Plasma
2026-09-24 05:14:58,850 - INFO - Saved 18 rows.
2026-09-24 05:14:58,850 - INFO - Fetching: Andhra Pradesh - Prakasam | B-Ve | Platelet Rich Plasma
2026-09-24 05:14:59,884 - INFO - No data found.
2026-09-24 05:14:59,884 - INFO - Fetching: Andhra Pradesh - Prakasam | O+Ve | Packed Red Blood Cells
2026-09-24 05:15:00,804 - INFO - Saved 18 rows.
2026-09-24 05:15:00,804 - INFO - Fetching: Andhra Pradesh - Prakasam | O+Ve | Fresh Frozen Plasma
2026-09-24 05:15:01,850 - INFO - Saved 18 rows.
2026-09-24 05:15:01,850 - INFO - Fetching: Andhra Pradesh - Prakasam | O+Ve | Platelet Rich Plasma
2026-09-24 05:15:02,776 - INFO - No data found.
2026-09-24 05:15:02,777 - INFO - Fetching: Andhra Pradesh - Prakasam | O-Ve | Packed Red Blood Cells
2026-09-24 05:15:03,792 - INFO - Saved 18 rows.
2026-09-24 05:15:03,792 - INFO - Fetching: Andhra Pradesh - Prakasam | O-Ve | Fresh Frozen Plasma
2026-09-24 05:15:04,871 - INFO - Saved 18 rows.
2026-09-24 05:15:04,872 - INFO - Fetching: Andhra Pradesh - Prakasam | O-Ve | Platelet Rich Plasma
2026-09-24 05:15:05,825 - INFO - No data found.
2026-09-24 05:15:05,825 - INFO - Fetching: Andhra Pradesh - Prakasam | AB+Ve | Packed Red Blood Cells
2026-09-24 05:15:06,848 - INFO - Saved 18 rows.
2026-09-24 05:15:06,848 - INFO - Fetching: Andhra Pradesh - Prakasam | AB+Ve | Fresh Frozen Plasma
2026-09-24 05:15:07,907 - INFO - Saved 18 rows.
2026-09-24 05:15:07,907 - INFO - Fetching: Andhra Pradesh - Prakasam | AB+Ve | Platelet Rich Plasma
2026-09-24 05:15:09,254 - INFO - No data found.
2026-09-24 05:15:09,254 - INFO - Fetching: Andhra Pradesh - Prakasam | AB-Ve | Packed Red Blood Cells
2026-09-24 05:15:10,272 - INFO - Saved 18 rows.
2026-09-24 05:15:10,272 - INFO - Fetching: Andhra Pradesh - Prakasam | AB-Ve | Fresh Frozen Plasma
2026-09-24 05:15:11,272 - INFO - Saved 18 rows.
2026-09-24 05:15:11,272 - INFO - Fetching: Andhra Pradesh - Prakasam | AB-Ve | Platelet Rich Plasma
2026-09-24 05:15:12,320 - INFO - No data found.
2026-09-24 05:15:12,320 - INFO - Fetching: Andhra Pradesh - Srikakulam | A+Ve | Packed Red Blood Cells
2026-09-24 05:15:13,353 - INFO - Saved 19 rows.
2026-09-24 05:15:13,353 - INFO - Fetching: Andhra Pradesh - Srikakulam | A+Ve | Fresh Frozen Plasma
2026-09-24 05:15:14,340 - INFO - Saved 19 rows.
2026-09-24 05:15:14,340 - INFO - Fetching: Andhra Pradesh - Srikakulam | A+Ve | Platelet Rich Plasma
2026-09-24 05:15:15,313 - INFO - No data found.
2026-09-24 05:15:15,313 - INFO - Fetching: Andhra Pradesh - Srikakulam | A-Ve | Packed Red Blood Cells
2026-09-24 05:15:16,518 - INFO - Saved 19 rows.
2026-09-24 05:15:16,518 - INFO - Fetching: Andhra Pradesh - Srikakulam | A-Ve | Fresh Frozen Plasma
2026-09-24 05:15:17,557 - INFO - Saved 19 rows.
2026-09-24 05:15:17,557 - INFO - Fetching: Andhra Pradesh - Srikakulam | A-Ve | Platelet Rich Plasma
2026-09-24 05:15:18,562 - INFO - No data found.
2026-09-24 05:15:18,562 - INFO - Fetching: Andhra Pradesh - Srikakulam | B+Ve | Packed Red Blood Cells
2026-09-24 05:15:19,621 - INFO - Saved 19 rows.
2026-09-24 05:15:19,621 - INFO - Fetching: Andhra Pradesh - Srikakulam | B+Ve | Fresh Frozen Plasma
2026-09-24 05:15:20,638 - INFO - Saved 19 rows.
2026-09-24 05:15:20,638 - INFO - Fetching: Andhra Pradesh - Srikakulam | B+Ve | Platelet Rich Plasma
2026-09-24 05:15:21,698 - INFO - No data found.
2026-09-24 05:15:21,698 - INFO - Fetching: Andhra Pradesh - Srikakulam | B-Ve | Packed Red Blood Cells
2026-09-24 05:15:22,719 - INFO - Saved 19 rows.
2026-09-24 05:15:22,719 - INFO - Fetching: Andhra Pradesh - Srikakulam | B-Ve | Fresh Frozen Plasma
2026-09-24 05:15:23,644 - INFO - Saved 19 rows.
2026-09-24 05:15:23,644 - INFO - Fetching: Andhra Pradesh - Srikakulam | B-Ve | Platelet Rich Plasma
2026-09-24 05:15:24,566 - INFO - No data found.
2026-09-24 05:15:24,566 - INFO - Fetching: Andhra Pradesh - Srikakulam | O+Ve | Packed Red Blood Cells
2026-09-24 05:15:25,602 - INFO - Saved 19 rows.
2026-09-24 05:15:25,602 - INFO - Fetching: Andhra Pradesh - Srikakulam | O+Ve | Fresh Frozen Plasma
2026-09-24 05:15:26,639 - INFO - Saved 19 rows.
2026-09-24 05:15:26,639 - INFO - Fetching: Andhra Pradesh - Srikakulam | O+Ve | Platelet Rich Plasma
2026-09-24 05:15:27,613 - INFO - No data found.
2026-09-24 05:15:27,613 - INFO - Fetching: Andhra Pradesh - Srikakulam | O-Ve | Packed Red Blood Cells
2026-09-24 05:15:28,607 - INFO - Saved 19 rows.
2026-09-24 05:15:28,607 - INFO - Fetching: Andhra Pradesh - Srikakulam | O-Ve | Fresh Frozen Plasma
2026-09-24 05:15:29,644 - INFO - Saved 19 rows.
2026-09-24 05:15:29,644 - INFO - Fetching: Andhra Pradesh - Srikakulam | O-Ve | Platelet Rich Plasma
2026-09-24 05:15:30,548 - INFO - No data found.
2026-09-24 05:15:30,548 - INFO - Fetching: Andhra Pradesh - Srikakulam | AB+Ve | Packed Red Blood Cells
2026-09-24 05:15:31,573 - INFO - Saved 19 rows.
2026-09-24 05:15:31,573 - INFO - Fetching: Andhra Pradesh - Srikakulam | AB+Ve | Fresh Frozen Plasma
2026-09-24 05:15:32,588 - INFO - Saved 19 rows.
2026-09-24 05:15:32,588 - INFO - Fetching: Andhra Pradesh - Srikakulam | AB+Ve | Platelet Rich Plasma
2026-09-24 05:15:33,621 - INFO - No data found.
2026-09-24 05:15:33,621 - INFO - Fetching: Andhra Pradesh - Srikakulam | AB-Ve | Packed Red Blood Cells
2026-09-24 05:15:34,641 - INFO - Saved 19 rows.
2026-09-24 05:15:34,641 - INFO - Fetching: Andhra Pradesh - Srikakulam | AB-Ve | Fresh Frozen Plasma
2026-09-24 05:15:35,724 - INFO - Saved 19 rows.
2026-09-24 05:15:35,725 - INFO - Fetching: Andhra Pradesh - Srikakulam | AB-Ve | Platelet Rich Plasma
2026-09-24 05:15:36,749 - INFO - No data found.
2026-09-24 05:15:36,749 - INFO - Fetching: Andhra Pradesh - Vizianagaram | A+Ve | Packed Red Blood Cells
2026-09-24 05:15:37,817 - INFO - Saved 17 rows.
2026-09-24 05:15:37,817 - INFO - Fetching: Andhra Pradesh - Vizianagaram | A+Ve | Fresh Frozen Plasma
2026-09-24 05:15:38,906 - INFO - Saved 17 rows.
2026-09-24 05:15:38,906 - INFO - Fetching: Andhra Pradesh - Vizianagaram | A+Ve | Platelet Rich Plasma
2026-09-24 05:15:39,931 - INFO - No data found.
2026-09-24 05:15:39,931 - INFO - Fetching: Andhra Pradesh - Vizianagaram | A-Ve | Packed Red Blood Cells
2026-09-24 05:15:40,832 - INFO - Saved 17 rows.
2026-09-24 05:15:40,832 - INFO - Fetching: Andhra Pradesh - Vizianagaram | A-Ve | Fresh Frozen Plasma
2026-09-24 05:15:41,854 - INFO - Saved 17 rows.
2026-09-24 05:15:41,854 - INFO - Fetching: Andhra Pradesh - Vizianagaram | A-Ve | Platelet Rich Plasma
2026-09-24 05:15:42,878 - INFO - No data found.
2026-09-24 05:15:42,878 - INFO - Fetching: Andhra Pradesh - Vizianagaram | B+Ve | Packed Red Blood Cells
2026-09-24 05:15:43,964 - INFO - Saved 17 rows.
2026-09-24 05:15:43,964 - INFO - Fetching: Andhra Pradesh - Vizianagaram | B+Ve | Fresh Frozen Plasma
2026-09-24 05:15:45,020 - INFO - Saved 17 rows.
2026-09-24 05:15:45,020 - INFO - Fetching: Andhra Pradesh - Vizianagaram | B+Ve | Platelet Rich Plasma
2026-09-24 05:15:45,922 - INFO - No data found.
2026-09-24 05:15:45,923 - INFO - Fetching: Andhra Pradesh - Vizianagaram | B-Ve | Packed Red Blood Cells
2026-09-24 05:15:46,958 - INFO - Saved 17 rows.
2026-09-24 05:15:46,958 - INFO - Fetching: Andhra Pradesh - Vizianagaram | B-Ve | Fresh Frozen Plasma
2026-09-24 05:15:47,863 - INFO - Saved 17 rows.
2026-09-24 05:15:47,863 - INFO - Fetching: Andhra Pradesh - Vizianagaram | B-Ve | Platelet Rich Plasma
2026-09-24 05:15:48,931 - INFO - No data found.
2026-09-24 05:15:48,931 - INFO - Fetching: Andhra Pradesh - Vizianagaram | O+Ve | Packed Red Blood Cells
2026-09-24 05:15:50,035 - INFO - Saved 17 rows.
2026-09-24 05:15:50,035 - INFO - Fetching: Andhra Pradesh - Vizianagaram | O+Ve | Fresh Frozen Plasma
2026-09-24 05:15:50,967 - INFO - Saved 17 rows.
2026-09-24 05:15:50,967 - INFO - Fetching: Andhra Pradesh - Vizianagaram | O+Ve | Platelet Rich Plasma
2026-09-24 05:15:52,093 - INFO - No data found.
2026-09-24 05:15:52,094 - INFO - Fetching: Andhra Pradesh - Vizianagaram | O-Ve | Packed Red Blood Cells
2026-09-24 05:15:53,179 - INFO - Saved 17 rows.
2026-09-24 05:15:53,179 - INFO - Fetching: Andhra Pradesh - Vizianagaram | O-Ve | Fresh Frozen Plasma
2026-09-24 05:15:54,289 - INFO - Saved 17 rows.
2026-09-24 05:15:54,289 - INFO - Fetching: Andhra Pradesh - Vizianagaram | O-Ve | Platelet Rich Plasma
2026-09-24 05:15:55,192 - INFO - No data found.
2026-09-24 05:15:55,192 - INFO - Fetching: Andhra Pradesh - Vizianagaram | AB+Ve | Packed Red Blood Cells
2026-09-24 05:15:56,147 - INFO - Saved 17 rows.
2026-09-24 05:15:56,147 - INFO - Fetching: Andhra Pradesh - Vizianagaram | AB+Ve | Fresh Frozen Plasma
2026-09-24 05:15:57,199 - INFO - Saved 17 rows.
2026-09-24 05:15:57,199 - INFO - Fetching: Andhra Pradesh - Vizianagaram | AB+Ve | Platelet Rich Plasma
2026-09-24 05:15:58,242 - INFO - No data found.
2026-09-24 05:15:58,242 - INFO - Fetching: Andhra Pradesh - Vizianagaram | AB-Ve | Packed Red Blood Cells
2026-09-24 05:15:59,170 - INFO - Saved 17 rows.
2026-09-24 05:15:59,170 - INFO - Fetching: Andhra Pradesh - Vizianagaram | AB-Ve | Fresh Frozen Plasma
2026-09-24 05:16:00,088 - INFO - Saved 17 rows.
2026-09-24 05:16:00,088 - INFO - Fetching: Andhra Pradesh - Vizianagaram | AB-Ve | Platelet Rich Plasma
2026-09-24 05:16:00,988 - INFO - No data found.
2026-09-24 05:16:00,989 - INFO - Fetching: Andhra Pradesh - West Godavari | A+Ve | Packed Red Blood Cells
2026-09-24 05:16:02,067 - INFO - Saved 17 rows.
2026-09-24 05:16:02,067 - INFO - Fetching: Andhra Pradesh - West Godavari | A+Ve | Fresh Frozen Plasma
2026-09-24 05:16:03,174 - INFO - Saved 17 rows.
2026-09-24 05:16:03,174 - INFO - Fetching: Andhra Pradesh - West Godavari | A+Ve | Platelet Rich Plasma
2026-09-24 05:16:04,076 - INFO - No data found.
2026-09-24 05:16:04,076 - INFO - Fetching: Andhra Pradesh - West Godavari | A-Ve | Packed Red Blood Cells
2026-09-24 05:16:05,106 - INFO - Saved 17 rows.
2026-09-24 05:16:05,106 - INFO - Fetching: Andhra Pradesh - West Godavari | A-Ve | Fresh Frozen Plasma
2026-09-24 05:16:06,115 - INFO - Saved 17 rows.
2026-09-24 05:16:06,115 - INFO - Fetching: Andhra Pradesh - West Godavari | A-Ve | Platelet Rich Plasma
2026-09-24 05:16:07,128 - INFO - No data found.
2026-09-24 05:16:07,128 - INFO - Fetching: Andhra Pradesh - West Godavari | B+Ve | Packed Red Blood Cells
2026-09-24 05:16:08,131 - INFO - Saved 17 rows.
2026-09-24 05:16:08,131 - INFO - Fetching: Andhra Pradesh - West Godavari | B+Ve | Fresh Frozen Plasma
2026-09-24 05:16:09,273 - INFO - Saved 17 rows.
2026-09-24 05:16:09,273 - INFO - Fetching: Andhra Pradesh - West Godavari | B+Ve | Platelet Rich Plasma
2026-09-24 05:16:10,307 - INFO - No data found.
2026-09-24 05:16:10,308 - INFO - Fetching: Andhra Pradesh - West Godavari | B-Ve | Packed Red Blood Cells
2026-09-24 05:16:11,241 - INFO - Saved 17 rows.
2026-09-24 05:16:11,241 - INFO - Fetching: Andhra Pradesh - West Godavari | B-Ve | Fresh Frozen Plasma
2026-09-24 05:16:12,326 - INFO - Saved 17 rows.
2026-09-24 05:16:12,326 - INFO - Fetching: Andhra Pradesh - West Godavari | B-Ve | Platelet Rich Plasma
2026-09-24 05:16:13,644 - INFO - No data found.
2026-09-24 05:16:13,645 - INFO - Fetching: Andhra Pradesh - West Godavari | O+Ve | Packed Red Blood Cells
2026-09-24 05:16:14,651 - INFO - Saved 17 rows.
2026-09-24 05:16:14,651 - INFO - Fetching: Andhra Pradesh - West Godavari | O+Ve | Fresh Frozen Plasma
2026-09-24 05:16:15,654 - INFO - Saved 17 rows.
2026-09-24 05:16:15,654 - INFO - Fetching: Andhra Pradesh - West Godavari | O+Ve | Platelet Rich Plasma
2026-09-24 05:16:16,754 - INFO - No data found.
2026-09-24 05:16:16,755 - INFO - Fetching: Andhra Pradesh - West Godavari | O-Ve | Packed Red Blood Cells
2026-09-24 05:16:17,895 - INFO - Saved 17 rows.
2026-09-24 05:16:17,895 - INFO - Fetching: Andhra Pradesh - West Godavari | O-Ve | Fresh Frozen Plasma
2026-09-24 05:16:19,109 - INFO - Saved 17 rows.
2026-09-24 05:16:19,109 - INFO - Fetching: Andhra Pradesh - West Godavari | O-Ve | Platelet Rich Plasma
2026-09-24 05:16:20,018 - INFO - No data found.
2026-09-24 05:16:20,018 - INFO - Fetching: Andhra Pradesh - West Godavari | AB+Ve | Packed Red Blood Cells
2026-09-24 05:16:20,975 - INFO - Saved 17 rows.
2026-09-24 05:16:20,975 - INFO - Fetching: Andhra Pradesh - West Godavari | AB+Ve | Fresh Frozen Plasma
2026-09-24 05:16:21,893 - INFO - Saved 17 rows.
2026-09-24 05:16:21,893 - INFO - Fetching: Andhra Pradesh - West Godavari | AB+Ve | Platelet Rich Plasma
2026-09-24 05:16:22,819 - INFO - No data found.
2026-09-24 05:16:22,819 - INFO - Fetching: Andhra Pradesh - West Godavari | AB-Ve | Packed Red Blood Cells
2026-09-24 05:16:23,740 - INFO - Saved 17 rows.
2026-09-24 05:16:23,740 - INFO - Fetching: Andhra Pradesh - West Godavari | AB-Ve | Fresh Frozen Plasma
2026-09-24 05:16:24,660 - INFO - Saved 17 rows.
2026-09-24 05:16:24,660 - INFO - Fetching: Andhra Pradesh - West Godavari | AB-Ve | Platelet Rich Plasma
2026-09-24 05:16:25,654 - INFO - No data found.
2026-09-24 05:16:25,654 - INFO - Collection complete. Fetched 2048 total records to blood_data.csv.
2026-09-25 05:14:29,339 - INFO - Loaded master data from cache.
2026-09-25 05:14:29,339 - INFO - Fetching: Andhra Pradesh - Alluri Sitharama Raju | A+Ve | Packed Red Blood Cells
2026-09-25 05:14:30,745 - INFO - Saved 5 rows.
2026-09-25 05:14:30,745 - INFO - Fetching: Andhra Pradesh - Alluri Sitharama Raju | A+Ve | Fresh Frozen Plasma
2026-09-25 05:14:32,039 - INFO - Saved 5 rows.
2026-09-25 05:14:32,039 - INFO - Fetching: Andhra Pradesh - Alluri Sitharama Raju | A+Ve | Platelet Rich Plasma
2026-09-25 05:14:33,324 - INFO - No data found.
2026-09-25 05:14:33,324 - INFO - Fetching: Andhra Pradesh - Alluri Sitharama Raju | A-Ve | Packed Red Blood Cells
2026-09-25 05:14:34,469 - INFO - Saved 5 rows.
2026-09-25 05:14:34,469 - INFO - Fetching: Andhra Pradesh - Alluri Sitharama Raju | A-Ve | Fresh Frozen Plasma
2026-09-25 05:14:35,652 - INFO - Saved 5 rows.
2026-09-25 05:14:35,652 - INFO - Fetching: Andhra Pradesh - Alluri Sitharama Raju | A-Ve | Platelet Rich Plasma
2026-09-25 05:14:37,119 - INFO - No data found.
2026-09-25 05:14:37,119 - INFO - Fetching: Andhra Pradesh - Alluri Sitharama Raju | B+Ve | Packed Red Blood Cells
2026-09-25 05:14:38,042 - INFO - Saved 5 rows.
2026-09-25 05:14:38,042 - INFO - Fetching: Andhra Pradesh - Alluri Sitharama Raju | B+Ve | Fresh Frozen Plasma
2026-09-25 05:14:39,177 - INFO - Saved 5 rows.
2026-09-25 05:14:39,177 - INFO - Fetching: Andhra Pradesh - Alluri Sitharama Raju | B+Ve | Platelet Rich Plasma
2026-09-25 05:14:40,376 - INFO - No data found.
2026-09-25 05:14:40,376 - INFO - Fetching: Andhra Pradesh - Alluri Sitharama Raju | B-Ve | Packed Red Blood Cells
2026-09-25 05:14:41,599 - INFO - Saved 5 rows.
2026-09-25 05:14:41,599 - INFO - Fetching: Andhra Pradesh - Alluri Sitharama Raju | B-Ve | Fresh Frozen Plasma
2026-09-25 05:14:42,760 - INFO - Saved 5 rows.
2026-09-25 05:14:42,760 - INFO - Fetching: Andhra Pradesh - Alluri Sitharama Raju | B-Ve | Platelet Rich Plasma
2026-09-25 05:14:43,897 - INFO - No data found.
2026-09-25 05:14:43,897 - INFO - Fetching: Andhra Pradesh - Alluri Sitharama Raju | O+Ve | Packed Red Blood Cells
2026-09-25 05:14:44,824 - INFO - Saved 5 rows.
2026-09-25 05:14:44,824 - INFO - Fetching: Andhra Pradesh - Alluri Sitharama Raju | O+Ve | Fresh Frozen Plasma
2026-09-25 05:14:45,907 - INFO - Saved 5 rows.
2026-09-25 05:14:45,907 - INFO - Fetching: Andhra Pradesh - Alluri Sitharama Raju | O+Ve | Platelet Rich Plasma
2026-09-25 05:14:47,097 - INFO - No data found.
2026-09-25 05:14:47,098 - INFO - Fetching: Andhra Pradesh - Alluri Sitharama Raju | O-Ve | Packed Red Blood Cells
2026-09-25 05:14:48,298 - INFO - Saved 5 rows.
2026-09-25 05:14:48,298 - INFO - Fetching: Andhra Pradesh - Alluri Sitharama Raju | O-Ve | Fresh Frozen Plasma
2026-09-25 05:14:49,214 - INFO - Saved 5 rows.
2026-09-25 05:14:49,214 - INFO - Fetching: Andhra Pradesh - Alluri Sitharama Raju | O-Ve | Platelet Rich Plasma
2026-09-25 05:14:50,259 - INFO - No data found.
2026-09-25 05:14:50,259 - INFO - Fetching: Andhra Pradesh - Alluri Sitharama Raju | AB+Ve | Packed Red Blood Cells
2026-09-25 05:14:51,181 - INFO - Saved 5 rows.
2026-09-25 05:14:51,181 - INFO - Fetching: Andhra Pradesh - Alluri Sitharama Raju | AB+Ve | Fresh Frozen Plasma
2026-09-25 05:14:52,328 - INFO - Saved 5 rows.
2026-09-25 05:14:52,328 - INFO - Fetching: Andhra Pradesh - Alluri Sitharama Raju | AB+Ve | Platelet Rich Plasma
2026-09-25 05:14:53,556 - INFO - No data found.
2026-09-25 05:14:53,556 - INFO - Fetching: Andhra Pradesh - Alluri Sitharama Raju | AB-Ve | Packed Red Blood Cells
2026-09-25 05:14:54,716 - INFO - Saved 5 rows.
2026-09-25 05:14:54,716 - INFO - Fetching: Andhra Pradesh - Alluri Sitharama Raju | AB-Ve | Fresh Frozen Plasma
2026-09-25 05:14:55,935 - INFO - Saved 5 rows.
2026-09-25 05:14:55,935 - INFO - Fetching: Andhra Pradesh - Alluri Sitharama Raju | AB-Ve | Platelet Rich Plasma
2026-09-25 05:14:56,851 - INFO - No data found.
2026-09-25 05:14:56,851 - INFO - Fetching: Andhra Pradesh - East Godavari | A+Ve | Packed Red Blood Cells
2026-09-25 05:14:57,818 - INFO - Saved 16 rows.
2026-09-25 05:14:57,818 - INFO - Fetching: Andhra Pradesh - East Godavari | A+Ve | Fresh Frozen Plasma
2026-09-25 05:14:58,967 - INFO - Saved 16 rows.
2026-09-25 05:14:58,967 - INFO - Fetching: Andhra Pradesh - East Godavari | A+Ve | Platelet Rich Plasma
2026-09-25 05:14:59,878 - INFO - No data found.
2026-09-25 05:14:59,879 - INFO - Fetching: Andhra Pradesh - East Godavari | A-Ve | Packed Red Blood Cells
2026-09-25 05:15:01,039 - INFO - Saved 16 rows.
2026-09-25 05:15:01,039 - INFO - Fetching: Andhra Pradesh - East Godavari | A-Ve | Fresh Frozen Plasma
2026-09-25 05:15:02,360 - INFO - Saved 16 rows.
2026-09-25 05:15:02,360 - INFO - Fetching: Andhra Pradesh - East Godavari | A-Ve | Platelet Rich Plasma
2026-09-25 05:15:03,779 - INFO - No data found.
2026-09-25 05:15:03,779 - INFO - Fetching: Andhra Pradesh - East Godavari | B+Ve | Packed Red Blood Cells
2026-09-25 05:15:04,703 - INFO - Saved 16 rows.
2026-09-25 05:15:04,703 - INFO - Fetching: Andhra Pradesh - East Godavari | B+Ve | Fresh Frozen Plasma
2026-09-25 05:15:05,636 - INFO - Saved 16 rows.
2026-09-25 05:15:05,636 - INFO - Fetching: Andhra Pradesh - East Godavari | B+Ve | Platelet Rich Plasma
2026-09-25 05:15:06,743 - INFO - No data found.
2026-09-25 05:15:06,743 - INFO - Fetching: Andhra Pradesh - East Godavari | B-Ve | Packed Red Blood Cells
2026-09-25 05:15:07,688 - INFO - Saved 16 rows.
2026-09-25 05:15:07,688 - INFO - Fetching: Andhra Pradesh - East Godavari | B-Ve | Fresh Frozen Plasma
2026-09-25 05:15:08,629 - INFO - Saved 16 rows.
2026-09-25 05:15:08,629 - INFO - Fetching: Andhra Pradesh - East Godavari | B-Ve | Platelet Rich Plasma
2026-09-25 05:15:09,707 - INFO - No data found.
2026-09-25 05:15:09,707 - INFO - Fetching: Andhra Pradesh - East Godavari | O+Ve | Packed Red Blood Cells
2026-09-25 05:15:10,745 - INFO - Saved 16 rows.
2026-09-25 05:15:10,745 - INFO - Fetching: Andhra Pradesh - East Godavari | O+Ve | Fresh Frozen Plasma
2026-09-25 05:15:11,661 - INFO - Saved 16 rows.
2026-09-25 05:15:11,661 - INFO - Fetching: Andhra Pradesh - East Godavari | O+Ve | Platelet Rich Plasma
2026-09-25 05:15:13,238 - INFO - No data found.
2026-09-25 05:15:13,238 - INFO - Fetching: Andhra Pradesh - East Godavari | O-Ve | Packed Red Blood Cells
2026-09-25 05:15:14,397 - INFO - Saved 16 rows.
2026-09-25 05:15:14,397 - INFO - Fetching: Andhra Pradesh - East Godavari | O-Ve | Fresh Frozen Plasma
2026-09-25 05:15:15,354 - INFO - Saved 16 rows.
2026-09-25 05:15:15,354 - INFO - Fetching: Andhra Pradesh - East Godavari | O-Ve | Platelet Rich Plasma
2026-09-25 05:15:16,441 - INFO - No data found.
2026-09-25 05:15:16,442 - INFO - Fetching: Andhra Pradesh - East Godavari | AB+Ve | Packed Red Blood Cells
2026-09-25 05:15:17,596 - INFO - Saved 16 rows.
2026-09-25 05:15:17,596 - INFO - Fetching: Andhra Pradesh - East Godavari | AB+Ve | Fresh Frozen Plasma
2026-09-25 05:15:18,995 - INFO - Saved 16 rows.
2026-09-25 05:15:18,995 - INFO - Fetching: Andhra Pradesh - East Godavari | AB+Ve | Platelet Rich Plasma
2026-09-25 05:15:20,081 - INFO - No data found.
2026-09-25 05:15:20,081 - INFO - Fetching: Andhra Pradesh - East Godavari | AB-Ve | Packed Red Blood Cells
2026-09-25 05:15:21,115 - INFO - Saved 16 rows.
2026-09-25 05:15:21,115 - INFO - Fetching: Andhra Pradesh - East Godavari | AB-Ve | Fresh Frozen Plasma
2026-09-25 05:15:22,119 - INFO - Saved 16 rows.
2026-09-25 05:15:22,119 - INFO - Fetching: Andhra Pradesh - East Godavari | AB-Ve | Platelet Rich Plasma
2026-09-25 05:15:23,306 - INFO - No data found.
2026-09-25 05:15:23,307 - INFO - Fetching: Andhra Pradesh - Krishna | A+Ve | Packed Red Blood Cells
2026-09-25 05:15:24,239 - INFO - Saved 14 rows.
2026-09-25 05:15:24,239 - INFO - Fetching: Andhra Pradesh - Krishna | A+Ve | Fresh Frozen Plasma
2026-09-25 05:15:25,185 - INFO - Saved 14 rows.
2026-09-25 05:15:25,185 - INFO - Fetching: Andhra Pradesh - Krishna | A+Ve | Platelet Rich Plasma
2026-09-25 05:15:26,103 - INFO - No data found.
2026-09-25 05:15:26,103 - INFO - Fetching: Andhra Pradesh - Krishna | A-Ve | Packed Red Blood Cells
2026-09-25 05:15:27,016 - INFO - Saved 14 rows.
2026-09-25 05:15:27,016 - INFO - Fetching: Andhra Pradesh - Krishna | A-Ve | Fresh Frozen Plasma
2026-09-25 05:15:28,117 - INFO - Saved 14 rows.
2026-09-25 05:15:28,117 - INFO - Fetching: Andhra Pradesh - Krishna | A-Ve | Platelet Rich Plasma
2026-09-25 05:15:29,102 - INFO - No data found.
2026-09-25 05:15:29,102 - INFO - Fetching: Andhra Pradesh - Krishna | B+Ve | Packed Red Blood Cells
2026-09-25 05:15:30,368 - INFO - Saved 14 rows.
2026-09-25 05:15:30,368 - INFO - Fetching: Andhra Pradesh - Krishna | B+Ve | Fresh Frozen Plasma
2026-09-25 05:15:31,424 - INFO - Saved 14 rows.
2026-09-25 05:15:31,425 - INFO - Fetching: Andhra Pradesh - Krishna | B+Ve | Platelet Rich Plasma
2026-09-25 05:15:32,338 - INFO - No data found.
2026-09-25 05:15:32,338 - INFO - Fetching: Andhra Pradesh - Krishna | B-Ve | Packed Red Blood Cells
2026-09-25 05:15:33,286 - INFO - Saved 14 rows.
2026-09-25 05:15:33,286 - INFO - Fetching: Andhra Pradesh - Krishna | B-Ve | Fresh Frozen Plasma
2026-09-25 05:15:34,191 - INFO - Saved 14 rows.
2026-09-25 05:15:34,191 - INFO - Fetching: Andhra Pradesh - Krishna | B-Ve | Platelet Rich Plasma
2026-09-25 05:15:35,116 - INFO - No data found.
2026-09-25 05:15:35,116 - INFO - Fetching: Andhra Pradesh - Krishna | O+Ve | Packed Red Blood Cells
2026-09-25 05:15:36,228 - INFO - Saved 14 rows.
2026-09-25 05:15:36,229 - INFO - Fetching: Andhra Pradesh - Krishna | O+Ve | Fresh Frozen Plasma
2026-09-25 05:15:37,521 - INFO - Saved 14 rows.
2026-09-25 05:15:37,521 - INFO - Fetching: Andhra Pradesh - Krishna | O+Ve | Platelet Rich Plasma
2026-09-25 05:15:38,434 - INFO - No data found.
2026-09-25 05:15:38,435 - INFO - Fetching: Andhra Pradesh - Krishna | O-Ve | Packed Red Blood Cells
2026-09-25 05:15:39,356 - INFO - Saved 14 rows.
2026-09-25 05:15:39,356 - INFO - Fetching: Andhra Pradesh - Krishna | O-Ve | Fresh Frozen Plasma
2026-09-25 05:15:40,447 - INFO - Saved 14 rows.
2026-09-25 05:15:40,447 - INFO - Fetching: Andhra Pradesh - Krishna | O-Ve | Platelet Rich Plasma
2026-09-25 05:15:41,560 - INFO - No data found.
2026-09-25 05:15:41,560 - INFO - Fetching: Andhra Pradesh - Krishna | AB+Ve | Packed Red Blood Cells
2026-09-25 05:15:42,490 - INFO - Saved 14 rows.
2026-09-25 05:15:42,490 - INFO - Fetching: Andhra Pradesh - Krishna | AB+Ve | Fresh Frozen Plasma
2026-09-25 05:15:43,615 - INFO - Saved 14 rows.
2026-09-25 05:15:43,615 - INFO - Fetching: Andhra Pradesh - Krishna | AB+Ve | Platelet Rich Plasma
2026-09-25 05:15:44,566 - INFO - No data found.
2026-09-25 05:15:44,566 - INFO - Fetching: Andhra Pradesh - Krishna | AB-Ve | Packed Red Blood Cells
2026-09-25 05:15:45,805 - INFO - Saved 14 rows.
2026-09-25 05:15:45,805 - INFO - Fetching: Andhra Pradesh - Krishna | AB-Ve | Fresh Frozen Plasma
2026-09-25 05:15:46,747 - INFO - Saved 14 rows.
2026-09-25 05:15:46,747 - INFO - Fetching: Andhra Pradesh - Krishna | AB-Ve | Platelet Rich Plasma
2026-09-25 05:15:47,652 - INFO - No data found.
2026-09-25 05:15:47,652 - INFO - Fetching: Andhra Pradesh - Kurnool | A+Ve | Packed Red Blood Cells
2026-09-25 05:15:48,599 - INFO - Saved 22 rows.
2026-09-25 05:15:48,599 - INFO - Fetching: Andhra Pradesh - Kurnool | A+Ve | Fresh Frozen Plasma
2026-09-25 05:15:49,733 - INFO - Saved 22 rows.
2026-09-25 05:15:49,733 - INFO - Fetching: Andhra Pradesh - Kurnool | A+Ve | Platelet Rich Plasma
2026-09-25 05:15:50,816 - INFO - No data found.
2026-09-25 05:15:50,816 - INFO - Fetching: Andhra Pradesh - Kurnool | A-Ve | Packed Red Blood Cells
2026-09-25 05:15:51,767 - INFO - Saved 22 rows.
2026-09-25 05:15:51,767 - INFO - Fetching: Andhra Pradesh - Kurnool | A-Ve | Fresh Frozen Plasma
2026-09-25 05:15:52,676 - INFO - Saved 22 rows.
2026-09-25 05:15:52,676 - INFO - Fetching: Andhra Pradesh - Kurnool | A-Ve | Platelet Rich Plasma
2026-09-25 05:15:53,579 - INFO - No data found.
2026-09-25 05:15:53,579 - INFO - Fetching: Andhra Pradesh - Kurnool | B+Ve | Packed Red Blood Cells
2026-09-25 05:15:54,549 - INFO - Saved 22 rows.
2026-09-25 05:15:54,549 - INFO - Fetching: Andhra Pradesh - Kurnool | B+Ve | Fresh Frozen Plasma
2026-09-25 05:15:55,486 - INFO - Saved 22 rows.
2026-09-25 05:15:55,486 - INFO - Fetching: Andhra Pradesh - Kurnool | B+Ve | Platelet Rich Plasma
2026-09-25 05:15:56,380 - INFO - No data found.
2026-09-25 05:15:56,380 - INFO - Fetching: Andhra Pradesh - Kurnool | B-Ve | Packed Red Blood Cells
2026-09-25 05:15:57,347 - INFO - Saved 22 rows.
2026-09-25 05:15:57,347 - INFO - Fetching: Andhra Pradesh - Kurnool | B-Ve | Fresh Frozen Plasma
2026-09-25 05:15:58,449 - INFO - Saved 22 rows.
2026-09-25 05:15:58,449 - INFO - Fetching: Andhra Pradesh - Kurnool | B-Ve | Platelet Rich Plasma
2026-09-25 05:15:59,679 - INFO - No data found.
2026-09-25 05:15:59,679 - INFO - Fetching: Andhra Pradesh - Kurnool | O+Ve | Packed Red Blood Cells
2026-09-25 05:16:00,625 - INFO - Saved 22 rows.
2026-09-25 05:16:00,625 - INFO - Fetching: Andhra Pradesh - Kurnool | O+Ve | Fresh Frozen Plasma
2026-09-25 05:16:01,671 - INFO - Saved 22 rows.
2026-09-25 05:16:01,673 - INFO - Fetching: Andhra Pradesh - Kurnool | O+Ve | Platelet Rich Plasma
2026-09-25 05:16:02,768 - INFO - No data found.
2026-09-25 05:16:02,768 - INFO - Fetching: Andhra Pradesh - Kurnool | O-Ve | Packed Red Blood Cells
2026-09-25 05:16:03,812 - INFO - Saved 22 rows.
2026-09-25 05:16:03,812 - INFO - Fetching: Andhra Pradesh - Kurnool | O-Ve | Fresh Frozen Plasma
2026-09-25 05:16:04,769 - INFO - Saved 22 rows.
2026-09-25 05:16:04,769 - INFO - Fetching: Andhra Pradesh - Kurnool | O-Ve | Platelet Rich Plasma
2026-09-25 05:16:05,681 - INFO - No data found.
2026-09-25 05:16:05,681 - INFO - Fetching: Andhra Pradesh - Kurnool | AB+Ve | Packed Red Blood Cells
2026-09-25 05:16:06,728 - INFO - Saved 22 rows.
2026-09-25 05:16:06,728 - INFO - Fetching: Andhra Pradesh - Kurnool | AB+Ve | Fresh Frozen Plasma
2026-09-25 05:16:07,708 - INFO - Saved 22 rows.
2026-09-25 05:16:07,708 - INFO - Fetching: Andhra Pradesh - Kurnool | AB+Ve | Platelet Rich Plasma
2026-09-25 05:16:08,622 - INFO - No data found.
2026-09-25 05:16:08,622 - INFO - Fetching: Andhra Pradesh - Kurnool | AB-Ve | Packed Red Blood Cells
2026-09-25 05:16:09,818 - INFO - Saved 22 rows.
2026-09-25 05:16:09,818 - INFO - Fetching: Andhra Pradesh - Kurnool | AB-Ve | Fresh Frozen Plasma
2026-09-25 05:16:10,732 - INFO - Saved 22 rows.
2026-09-25 05:16:10,732 - INFO - Fetching: Andhra Pradesh - Kurnool | AB-Ve | Platelet Rich Plasma
2026-09-25 05:16:11,859 - INFO - No data found.
2026-09-25 05:16:11,859 - INFO - Fetching: Andhra Pradesh - Prakasam | A+Ve | Packed Red Blood Cells
2026-09-25 05:16:12,773 - INFO - Saved 18 rows.
2026-09-25 05:16:12,773 - INFO - Fetching: Andhra Pradesh - Prakasam | A+Ve | Fresh Frozen Plasma
2026-09-25 05:16:13,898 - INFO - Saved 18 rows.
2026-09-25 05:16:13,898 - INFO - Fetching: Andhra Pradesh - Prakasam | A+Ve | Platelet Rich Plasma
2026-09-25 05:16:14,934 - INFO - No data found.
2026-09-25 05:16:14,934 - INFO - Fetching: Andhra Pradesh - Prakasam | A-Ve | Packed Red Blood Cells
2026-09-25 05:16:16,136 - INFO - Saved 18 rows.
2026-09-25 05:16:16,136 - INFO - Fetching: Andhra Pradesh - Prakasam | A-Ve | Fresh Frozen Plasma
2026-09-25 05:16:17,198 - INFO - Saved 18 rows.
2026-09-25 05:16:17,198 - INFO - Fetching: Andhra Pradesh - Prakasam | A-Ve | Platelet Rich Plasma
2026-09-25 05:16:18,156 - INFO - No data found.
2026-09-25 05:16:18,156 - INFO - Fetching: Andhra Pradesh - Prakasam | B+Ve | Packed Red Blood Cells
2026-09-25 05:16:19,099 - INFO - Saved 18 rows.
2026-09-25 05:16:19,099 - INFO - Fetching: Andhra Pradesh - Prakasam | B+Ve | Fresh Frozen Plasma
2026-09-25 05:16:20,158 - INFO - Saved 18 rows.
2026-09-25 05:16:20,158 - INFO - Fetching: Andhra Pradesh - Prakasam | B+Ve | Platelet Rich Plasma
2026-09-25 05:16:21,192 - INFO - No data found.
2026-09-25 05:16:21,192 - INFO - Fetching: Andhra Pradesh - Prakasam | B-Ve | Packed Red Blood Cells
2026-09-25 05:16:22,125 - INFO - Saved 18 rows.
2026-09-25 05:16:22,125 - INFO - Fetching: Andhra Pradesh - Prakasam | B-Ve | Fresh Frozen Plasma
2026-09-25 05:16:23,041 - INFO - Saved 18 rows.
2026-09-25 05:16:23,041 - INFO - Fetching: Andhra Pradesh - Prakasam | B-Ve | Platelet Rich Plasma
2026-09-25 05:16:24,138 - INFO - No data found.
2026-09-25 05:16:24,138 - INFO - Fetching: Andhra Pradesh - Prakasam | O+Ve | Packed Red Blood Cells
2026-09-25 05:16:25,062 - INFO - Saved 18 rows.
2026-09-25 05:16:25,062 - INFO - Fetching: Andhra Pradesh - Prakasam | O+Ve | Fresh Frozen Plasma
2026-09-25 05:16:26,491 - INFO - Saved 18 rows.
2026-09-25 05:16:26,491 - INFO - Fetching: Andhra Pradesh - Prakasam | O+Ve | Platelet Rich Plasma
2026-09-25 05:16:27,673 - INFO - No data found.
2026-09-25 05:16:27,674 - INFO - Fetching: Andhra Pradesh - Prakasam | O-Ve | Packed Red Blood Cells
2026-09-25 05:16:28,897 - INFO - Saved 18 rows.
2026-09-25 05:16:28,897 - INFO - Fetching: Andhra Pradesh - Prakasam | O-Ve | Fresh Frozen Plasma
2026-09-25 05:16:29,805 - INFO - Saved 18 rows.
2026-09-25 05:16:29,805 - INFO - Fetching: Andhra Pradesh - Prakasam | O-Ve | Platelet Rich Plasma
2026-09-25 05:16:30,995 - INFO - No data found.
2026-09-25 05:16:30,995 - INFO - Fetching: Andhra Pradesh - Prakasam | AB+Ve | Packed Red Blood Cells
2026-09-25 05:16:32,055 - INFO - Saved 18 rows.
2026-09-25 05:16:32,055 - INFO - Fetching: Andhra Pradesh - Prakasam | AB+Ve | Fresh Frozen Plasma
2026-09-25 05:16:33,412 - INFO - Saved 18 rows.
2026-09-25 05:16:33,412 - INFO - Fetching: Andhra Pradesh - Prakasam | AB+Ve | Platelet Rich Plasma
2026-09-25 05:16:34,592 - INFO - No data found.
2026-09-25 05:16:34,592 - INFO - Fetching: Andhra Pradesh - Prakasam | AB-Ve | Packed Red Blood Cells
2026-09-25 05:16:35,548 - INFO - Saved 18 rows.
2026-09-25 05:16:35,548 - INFO - Fetching: Andhra Pradesh - Prakasam | AB-Ve | Fresh Frozen Plasma
2026-09-25 05:16:36,726 - INFO - Saved 18 rows.
2026-09-25 05:16:36,726 - INFO - Fetching: Andhra Pradesh - Prakasam | AB-Ve | Platelet Rich Plasma
2026-09-25 05:16:38,175 - INFO - No data found.
2026-09-25 05:16:38,176 - INFO - Fetching: Andhra Pradesh - Srikakulam | A+Ve | Packed Red Blood Cells
2026-09-25 05:16:39,551 - INFO - Saved 19 rows.
2026-09-25 05:16:39,551 - INFO - Fetching: Andhra Pradesh - Srikakulam | A+Ve | Fresh Frozen Plasma
2026-09-25 05:16:40,592 - INFO - Saved 19 rows.
2026-09-25 05:16:40,592 - INFO - Fetching: Andhra Pradesh - Srikakulam | A+Ve | Platelet Rich Plasma
2026-09-25 05:16:41,664 - INFO - No data found.
2026-09-25 05:16:41,664 - INFO - Fetching: Andhra Pradesh - Srikakulam | A-Ve | Packed Red Blood Cells
2026-09-25 05:16:43,096 - INFO - Saved 19 rows.
2026-09-25 05:16:43,097 - INFO - Fetching: Andhra Pradesh - Srikakulam | A-Ve | Fresh Frozen Plasma
2026-09-25 05:16:44,275 - INFO - Saved 19 rows.
2026-09-25 05:16:44,275 - INFO - Fetching: Andhra Pradesh - Srikakulam | A-Ve | Platelet Rich Plasma
2026-09-25 05:16:45,869 - INFO - No data found.
2026-09-25 05:16:45,869 - INFO - Fetching: Andhra Pradesh - Srikakulam | B+Ve | Packed Red Blood Cells
2026-09-25 05:16:47,037 - INFO - Saved 19 rows.
2026-09-25 05:16:47,037 - INFO - Fetching: Andhra Pradesh - Srikakulam | B+Ve | Fresh Frozen Plasma
2026-09-25 05:16:47,968 - INFO - Saved 19 rows.
2026-09-25 05:16:47,968 - INFO - Fetching: Andhra Pradesh - Srikakulam | B+Ve | Platelet Rich Plasma
2026-09-25 05:16:49,382 - INFO - No data found.
2026-09-25 05:16:49,382 - INFO - Fetching: Andhra Pradesh - Srikakulam | B-Ve | Packed Red Blood Cells
2026-09-25 05:16:50,308 - INFO - Saved 19 rows.
2026-09-25 05:16:50,308 - INFO - Fetching: Andhra Pradesh - Srikakulam | B-Ve | Fresh Frozen Plasma
2026-09-25 05:16:51,247 - INFO - Saved 19 rows.
2026-09-25 05:16:51,247 - INFO - Fetching: Andhra Pradesh - Srikakulam | B-Ve | Platelet Rich Plasma
2026-09-25 05:16:52,373 - INFO - No data found.
2026-09-25 05:16:52,373 - INFO - Fetching: Andhra Pradesh - Srikakulam | O+Ve | Packed Red Blood Cells
2026-09-25 05:16:53,576 - INFO - Saved 19 rows.
2026-09-25 05:16:53,576 - INFO - Fetching: Andhra Pradesh - Srikakulam | O+Ve | Fresh Frozen Plasma
2026-09-25 05:16:54,725 - INFO - Saved 19 rows.
2026-09-25 05:16:54,725 - INFO - Fetching: Andhra Pradesh - Srikakulam | O+Ve | Platelet Rich Plasma
2026-09-25 05:16:55,996 - INFO - No data found.
2026-09-25 05:16:55,996 - INFO - Fetching: Andhra Pradesh - Srikakulam | O-Ve | Packed Red Blood Cells
2026-09-25 05:16:57,043 - INFO - Saved 19 rows.
2026-09-25 05:16:57,043 - INFO - Fetching: Andhra Pradesh - Srikakulam | O-Ve | Fresh Frozen Plasma
2026-09-25 05:16:57,965 - INFO - Saved 19 rows.
2026-09-25 05:16:57,965 - INFO - Fetching: Andhra Pradesh - Srikakulam | O-Ve | Platelet Rich Plasma
2026-09-25 05:16:59,074 - INFO - No data found.
2026-09-25 05:16:59,074 - INFO - Fetching: Andhra Pradesh - Srikakulam | AB+Ve | Packed Red Blood Cells
2026-09-25 05:17:00,542 - INFO - Saved 19 rows.
2026-09-25 05:17:00,542 - INFO - Fetching: Andhra Pradesh - Srikakulam | AB+Ve | Fresh Frozen Plasma
2026-09-25 05:17:02,025 - INFO - Saved 19 rows.
2026-09-25 05:17:02,025 - INFO - Fetching: Andhra Pradesh - Srikakulam | AB+Ve | Platelet Rich Plasma
2026-09-25 05:17:02,931 - INFO - No data found.
2026-09-25 05:17:02,931 - INFO - Fetching: Andhra Pradesh - Srikakulam | AB-Ve | Packed Red Blood Cells
2026-09-25 05:17:04,069 - INFO - Saved 19 rows.
2026-09-25 05:17:04,069 - INFO - Fetching: Andhra Pradesh - Srikakulam | AB-Ve | Fresh Frozen Plasma
2026-09-25 05:17:05,007 - INFO - Saved 19 rows.
2026-09-25 05:17:05,007 - INFO - Fetching: Andhra Pradesh - Srikakulam | AB-Ve | Platelet Rich Plasma
2026-09-25 05:17:06,595 - INFO - No data found.
2026-09-25 05:17:06,595 - INFO - Fetching: Andhra Pradesh - Vizianagaram | A+Ve | Packed Red Blood Cells
2026-09-25 05:17:07,871 - INFO - Saved 17 rows.
2026-09-25 05:17:07,871 - INFO - Fetching: Andhra Pradesh - Vizianagaram | A+Ve | Fresh Frozen Plasma
2026-09-25 05:17:08,802 - INFO - Saved 17 rows.
2026-09-25 05:17:08,802 - INFO - Fetching: Andhra Pradesh - Vizianagaram | A+Ve | Platelet Rich Plasma
2026-09-25 05:17:09,935 - INFO - No data found.
2026-09-25 05:17:09,935 - INFO - Fetching: Andhra Pradesh - Vizianagaram | A-Ve | Packed Red Blood Cells
2026-09-25 05:17:11,024 - INFO - Saved 17 rows.
2026-09-25 05:17:11,024 - INFO - Fetching: Andhra Pradesh - Vizianagaram | A-Ve | Fresh Frozen Plasma
2026-09-25 05:17:11,947 - INFO - Saved 17 rows.
2026-09-25 05:17:11,947 - INFO - Fetching: Andhra Pradesh - Vizianagaram | A-Ve | Platelet Rich Plasma
2026-09-25 05:17:12,871 - INFO - No data found.
2026-09-25 05:17:12,872 - INFO - Fetching: Andhra Pradesh - Vizianagaram | B+Ve | Packed Red Blood Cells
2026-09-25 05:17:13,805 - INFO - Saved 17 rows.
2026-09-25 05:17:13,805 - INFO - Fetching: Andhra Pradesh - Vizianagaram | B+Ve | Fresh Frozen Plasma
2026-09-25 05:17:14,741 - INFO - Saved 17 rows.
2026-09-25 05:17:14,741 - INFO - Fetching: Andhra Pradesh - Vizianagaram | B+Ve | Platelet Rich Plasma
2026-09-25 05:17:15,691 - INFO - No data found.
2026-09-25 05:17:15,691 - INFO - Fetching: Andhra Pradesh - Vizianagaram | B-Ve | Packed Red Blood Cells
2026-09-25 05:17:16,598 - INFO - Saved 17 rows.
2026-09-25 05:17:16,598 - INFO - Fetching: Andhra Pradesh - Vizianagaram | B-Ve | Fresh Frozen Plasma
2026-09-25 05:17:17,579 - INFO - Saved 17 rows.
2026-09-25 05:17:17,580 - INFO - Fetching: Andhra Pradesh - Vizianagaram | B-Ve | Platelet Rich Plasma
2026-09-25 05:17:18,498 - INFO - No data found.
2026-09-25 05:17:18,498 - INFO - Fetching: Andhra Pradesh - Vizianagaram | O+Ve | Packed Red Blood Cells
2026-09-25 05:17:19,743 - INFO - Saved 17 rows.
2026-09-25 05:17:19,743 - INFO - Fetching: Andhra Pradesh - Vizianagaram | O+Ve | Fresh Frozen Plasma
2026-09-25 05:17:20,937 - INFO - Saved 17 rows.
2026-09-25 05:17:20,937 - INFO - Fetching: Andhra Pradesh - Vizianagaram | O+Ve | Platelet Rich Plasma
2026-09-25 05:17:22,047 - INFO - No data found.
2026-09-25 05:17:22,047 - INFO - Fetching: Andhra Pradesh - Vizianagaram | O-Ve | Packed Red Blood Cells
2026-09-25 05:17:22,982 - INFO - Saved 17 rows.
2026-09-25 05:17:22,982 - INFO - Fetching: Andhra Pradesh - Vizianagaram | O-Ve | Fresh Frozen Plasma
2026-09-25 05:17:23,933 - INFO - Saved 17 rows.
2026-09-25 05:17:23,933 - INFO - Fetching: Andhra Pradesh - Vizianagaram | O-Ve | Platelet Rich Plasma
2026-09-25 05:17:25,152 - INFO - No data found.
2026-09-25 05:17:25,152 - INFO - Fetching: Andhra Pradesh - Vizianagaram | AB+Ve | Packed Red Blood Cells
2026-09-25 05:17:26,381 - INFO - Saved 17 rows.
2026-09-25 05:17:26,381 - INFO - Fetching: Andhra Pradesh - Vizianagaram | AB+Ve | Fresh Frozen Plasma
2026-09-25 05:17:27,484 - INFO - Saved 17 rows.
2026-09-25 05:17:27,484 - INFO - Fetching: Andhra Pradesh - Vizianagaram | AB+Ve | Platelet Rich Plasma
2026-09-25 05:17:28,395 - INFO - No data found.
2026-09-25 05:17:28,396 - INFO - Fetching: Andhra Pradesh - Vizianagaram | AB-Ve | Packed Red Blood Cells
2026-09-25 05:17:29,339 - INFO - Saved 17 rows.
2026-09-25 05:17:29,340 - INFO - Fetching: Andhra Pradesh - Vizianagaram | AB-Ve | Fresh Frozen Plasma
2026-09-25 05:17:30,297 - INFO - Saved 17 rows.
2026-09-25 05:17:30,297 - INFO - Fetching: Andhra Pradesh - Vizianagaram | AB-Ve | Platelet Rich Plasma
2026-09-25 05:17:31,244 - INFO - No data found.
2026-09-25 05:17:31,245 - INFO - Fetching: Andhra Pradesh - West Godavari | A+Ve | Packed Red Blood Cells
2026-09-25 05:17:32,384 - INFO - Saved 17 rows.
2026-09-25 05:17:32,384 - INFO - Fetching: Andhra Pradesh - West Godavari | A+Ve | Fresh Frozen Plasma
2026-09-25 05:17:33,316 - INFO - Saved 17 rows.
2026-09-25 05:17:33,316 - INFO - Fetching: Andhra Pradesh - West Godavari | A+Ve | Platelet Rich Plasma
2026-09-25 05:17:34,345 - INFO - No data found.
2026-09-25 05:17:34,345 - INFO - Fetching: Andhra Pradesh - West Godavari | A-Ve | Packed Red Blood Cells
2026-09-25 05:17:35,297 - INFO - Saved 17 rows.
2026-09-25 05:17:35,297 - INFO - Fetching: Andhra Pradesh - West Godavari | A-Ve | Fresh Frozen Plasma
2026-09-25 05:17:36,350 - INFO - Saved 17 rows.
2026-09-25 05:17:36,350 - INFO - Fetching: Andhra Pradesh - West Godavari | A-Ve | Platelet Rich Plasma
2026-09-25 05:17:37,256 - INFO - No data found.
2026-09-25 05:17:37,256 - INFO - Fetching: Andhra Pradesh - West Godavari | B+Ve | Packed Red Blood Cells
2026-09-25 05:17:38,612 - INFO - Saved 17 rows.
2026-09-25 05:17:38,612 - INFO - Fetching: Andhra Pradesh - West Godavari | B+Ve | Fresh Frozen Plasma
2026-09-25 05:17:39,552 - INFO - Saved 17 rows.
2026-09-25 05:17:39,552 - INFO - Fetching: Andhra Pradesh - West Godavari | B+Ve | Platelet Rich Plasma
2026-09-25 05:17:40,477 - INFO - No data found.
2026-09-25 05:17:40,477 - INFO - Fetching: Andhra Pradesh - West Godavari | B-Ve | Packed Red Blood Cells
2026-09-25 05:17:41,408 - INFO - Saved 17 rows.
2026-09-25 05:17:41,408 - INFO - Fetching: Andhra Pradesh - West Godavari | B-Ve | Fresh Frozen Plasma
2026-09-25 05:17:42,284 - INFO - Saved 17 rows.
2026-09-25 05:17:42,284 - INFO - Fetching: Andhra Pradesh - West Godavari | B-Ve | Platelet Rich Plasma
2026-09-25 05:17:43,230 - INFO - No data found.
2026-09-25 05:17:43,230 - INFO - Fetching: Andhra Pradesh - West Godavari | O+Ve | Packed Red Blood Cells
2026-09-25 05:17:44,179 - INFO - Saved 17 rows.
2026-09-25 05:17:44,179 - INFO - Fetching: Andhra Pradesh - West Godavari | O+Ve | Fresh Frozen Plasma
2026-09-25 05:17:45,123 - INFO - Saved 17 rows.
2026-09-25 05:17:45,123 - INFO - Fetching: Andhra Pradesh - West Godavari | O+Ve | Platelet Rich Plasma
2026-09-25 05:17:46,063 - INFO - No data found.
2026-09-25 05:17:46,064 - INFO - Fetching: Andhra Pradesh - West Godavari | O-Ve | Packed Red Blood Cells
2026-09-25 05:17:47,112 - INFO - Saved 17 rows.
2026-09-25 05:17:47,112 - INFO - Fetching: Andhra Pradesh - West Godavari | O-Ve | Fresh Frozen Plasma
2026-09-25 05:17:48,031 - INFO - Saved 17 rows.
2026-09-25 05:17:48,031 - INFO - Fetching: Andhra Pradesh - West Godavari | O-Ve | Platelet Rich Plasma
2026-09-25 05:17:49,100 - INFO - No data found.
2026-09-25 05:17:49,100 - INFO - Fetching: Andhra Pradesh - West Godavari | AB+Ve | Packed Red Blood Cells
2026-09-25 05:17:50,053 - INFO - Saved 17 rows.
2026-09-25 05:17:50,053 - INFO - Fetching: Andhra Pradesh - West Godavari | AB+Ve | Fresh Frozen Plasma
2026-09-25 05:17:50,964 - INFO - Saved 17 rows.
2026-09-25 05:17:50,964 - INFO - Fetching: Andhra Pradesh - West Godavari | AB+Ve | Platelet Rich Plasma
2026-09-25 05:17:51,914 - INFO - No data found.
2026-09-25 05:17:51,915 - INFO - Fetching: Andhra Pradesh - West Godavari | AB-Ve | Packed Red Blood Cells
2026-09-25 05:17:52,842 - INFO - Saved 17 rows.
2026-09-25 05:17:52,842 - INFO - Fetching: Andhra Pradesh - West Godavari | AB-Ve | Fresh Frozen Plasma
2026-09-25 05:17:53,974 - INFO - Saved 17 rows.
2026-09-25 05:17:53,974 - INFO - Fetching: Andhra Pradesh - West Godavari | AB-Ve | Platelet Rich Plasma
2026-09-25 05:17:54,930 - INFO - No data found.
2026-09-25 05:17:54,930 - INFO - Collection complete. Fetched 2048 total records to blood_data.csv.
2026-09-26 05:19:13,936 - INFO - Loaded master data from cache.
2026-09-26 05:19:13,936 - INFO - Fetching: Andhra Pradesh - Alluri Sitharama Raju | A+Ve | Packed Red Blood Cells
2026-09-26 05:19:15,135 - INFO - Saved 5 rows.
2026-09-26 05:19:15,135 - INFO - Fetching: Andhra Pradesh - Alluri Sitharama Raju | A+Ve | Fresh Frozen Plasma
2026-09-26 05:19:16,491 - INFO - Saved 5 rows.
2026-09-26 05:19:16,491 - INFO - Fetching: Andhra Pradesh - Alluri Sitharama Raju | A+Ve | Platelet Rich Plasma
2026-09-26 05:19:17,651 - INFO - No data found.
2026-09-26 05:19:17,651 - INFO - Fetching: Andhra Pradesh - Alluri Sitharama Raju | A-Ve | Packed Red Blood Cells
2026-09-26 05:19:18,605 - INFO - Saved 5 rows.
2026-09-26 05:19:18,605 - INFO - Fetching: Andhra Pradesh - Alluri Sitharama Raju | A-Ve | Fresh Frozen Plasma
2026-09-26 05:19:19,942 - INFO - Saved 5 rows.
2026-09-26 05:19:19,943 - INFO - Fetching: Andhra Pradesh - Alluri Sitharama Raju | A-Ve | Platelet Rich Plasma
2026-09-26 05:19:21,072 - INFO - No data found.
2026-09-26 05:19:21,073 - INFO - Fetching: Andhra Pradesh - Alluri Sitharama Raju | B+Ve | Packed Red Blood Cells
2026-09-26 05:19:22,194 - INFO - Saved 5 rows.
2026-09-26 05:19:22,194 - INFO - Fetching: Andhra Pradesh - Alluri Sitharama Raju | B+Ve | Fresh Frozen Plasma
2026-09-26 05:19:23,613 - INFO - Saved 5 rows.
2026-09-26 05:19:23,613 - INFO - Fetching: Andhra Pradesh - Alluri Sitharama Raju | B+Ve | Platelet Rich Plasma
2026-09-26 05:19:25,199 - INFO - No data found.
2026-09-26 05:19:25,199 - INFO - Fetching: Andhra Pradesh - Alluri Sitharama Raju | B-Ve | Packed Red Blood Cells
2026-09-26 05:19:26,335 - INFO - Saved 5 rows.
2026-09-26 05:19:26,335 - INFO - Fetching: Andhra Pradesh - Alluri Sitharama Raju | B-Ve | Fresh Frozen Plasma
2026-09-26 05:19:27,249 - INFO - Saved 5 rows.
2026-09-26 05:19:27,249 - INFO - Fetching: Andhra Pradesh - Alluri Sitharama Raju | B-Ve | Platelet Rich Plasma
2026-09-26 05:19:28,607 - INFO - No data found.
2026-09-26 05:19:28,607 - INFO - Fetching: Andhra Pradesh - Alluri Sitharama Raju | O+Ve | Packed Red Blood Cells
2026-09-26 05:19:29,982 - INFO - Saved 5 rows.
2026-09-26 05:19:29,982 - INFO - Fetching: Andhra Pradesh - Alluri Sitharama Raju | O+Ve | Fresh Frozen Plasma
2026-09-26 05:19:30,913 - INFO - Saved 5 rows.
2026-09-26 05:19:30,914 - INFO - Fetching: Andhra Pradesh - Alluri Sitharama Raju | O+Ve | Platelet Rich Plasma
2026-09-26 05:19:31,801 - INFO - No data found.
2026-09-26 05:19:31,801 - INFO - Fetching: Andhra Pradesh - Alluri Sitharama Raju | O-Ve | Packed Red Blood Cells
2026-09-26 05:19:32,709 - INFO - Saved 5 rows.
2026-09-26 05:19:32,710 - INFO - Fetching: Andhra Pradesh - Alluri Sitharama Raju | O-Ve | Fresh Frozen Plasma
2026-09-26 05:19:33,617 - INFO - Saved 5 rows.
2026-09-26 05:19:33,618 - INFO - Fetching: Andhra Pradesh - Alluri Sitharama Raju | O-Ve | Platelet Rich Plasma
2026-09-26 05:19:34,526 - INFO - No data found.
2026-09-26 05:19:34,526 - INFO - Fetching: Andhra Pradesh - Alluri Sitharama Raju | AB+Ve | Packed Red Blood Cells
2026-09-26 05:19:35,432 - INFO - Saved 5 rows.
2026-09-26 05:19:35,432 - INFO - Fetching: Andhra Pradesh - Alluri Sitharama Raju | AB+Ve | Fresh Frozen Plasma
2026-09-26 05:19:36,782 - INFO - Saved 5 rows.
2026-09-26 05:19:36,782 - INFO - Fetching: Andhra Pradesh - Alluri Sitharama Raju | AB+Ve | Platelet Rich Plasma
2026-09-26 05:19:37,889 - INFO - No data found.
2026-09-26 05:19:37,889 - INFO - Fetching: Andhra Pradesh - Alluri Sitharama Raju | AB-Ve | Packed Red Blood Cells
2026-09-26 05:19:39,281 - INFO - Saved 5 rows.
2026-09-26 05:19:39,282 - INFO - Fetching: Andhra Pradesh - Alluri Sitharama Raju | AB-Ve | Fresh Frozen Plasma
2026-09-26 05:19:40,168 - INFO - Saved 5 rows.
2026-09-26 05:19:40,168 - INFO - Fetching: Andhra Pradesh - Alluri Sitharama Raju | AB-Ve | Platelet Rich Plasma
2026-09-26 05:19:41,275 - INFO - No data found.
2026-09-26 05:19:41,275 - INFO - Fetching: Andhra Pradesh - East Godavari | A+Ve | Packed Red Blood Cells
2026-09-26 05:19:42,171 - INFO - Saved 16 rows.
2026-09-26 05:19:42,172 - INFO - Fetching: Andhra Pradesh - East Godavari | A+Ve | Fresh Frozen Plasma
2026-09-26 05:19:43,284 - INFO - Saved 16 rows.
2026-09-26 05:19:43,284 - INFO - Fetching: Andhra Pradesh - East Godavari | A+Ve | Platelet Rich Plasma
2026-09-26 05:19:44,212 - INFO - No data found.
2026-09-26 05:19:44,212 - INFO - Fetching: Andhra Pradesh - East Godavari | A-Ve | Packed Red Blood Cells
2026-09-26 05:19:45,563 - INFO - Saved 16 rows.
2026-09-26 05:19:45,563 - INFO - Fetching: Andhra Pradesh - East Godavari | A-Ve | Fresh Frozen Plasma
2026-09-26 05:19:46,475 - INFO - Saved 16 rows.
2026-09-26 05:19:46,475 - INFO - Fetching: Andhra Pradesh - East Godavari | A-Ve | Platelet Rich Plasma
2026-09-26 05:19:47,371 - INFO - No data found.
2026-09-26 05:19:47,371 - INFO - Fetching: Andhra Pradesh - East Godavari | B+Ve | Packed Red Blood Cells
2026-09-26 05:19:48,269 - INFO - Saved 16 rows.
2026-09-26 05:19:48,269 - INFO - Fetching: Andhra Pradesh - East Godavari | B+Ve | Fresh Frozen Plasma
2026-09-26 05:19:49,169 - INFO - Saved 16 rows.
2026-09-26 05:19:49,169 - INFO - Fetching: Andhra Pradesh - East Godavari | B+Ve | Platelet Rich Plasma
2026-09-26 05:19:50,050 - INFO - No data found.
2026-09-26 05:19:50,050 - INFO - Fetching: Andhra Pradesh - East Godavari | B-Ve | Packed Red Blood Cells
2026-09-26 05:19:50,950 - INFO - Saved 16 rows.
2026-09-26 05:19:50,950 - INFO - Fetching: Andhra Pradesh - East Godavari | B-Ve | Fresh Frozen Plasma
2026-09-26 05:19:52,337 - INFO - Saved 16 rows.
2026-09-26 05:19:52,337 - INFO - Fetching: Andhra Pradesh - East Godavari | B-Ve | Platelet Rich Plasma
2026-09-26 05:19:53,799 - INFO - No data found.
2026-09-26 05:19:53,799 - INFO - Fetching: Andhra Pradesh - East Godavari | O+Ve | Packed Red Blood Cells
2026-09-26 05:19:54,706 - INFO - Saved 16 rows.
2026-09-26 05:19:54,706 - INFO - Fetching: Andhra Pradesh - East Godavari | O+Ve | Fresh Frozen Plasma
2026-09-26 05:19:55,633 - INFO - Saved 16 rows.
2026-09-26 05:19:55,633 - INFO - Fetching: Andhra Pradesh - East Godavari | O+Ve | Platelet Rich Plasma
2026-09-26 05:19:56,528 - INFO - No data found.
2026-09-26 05:19:56,529 - INFO - Fetching: Andhra Pradesh - East Godavari | O-Ve | Packed Red Blood Cells
2026-09-26 05:19:57,457 - INFO - Saved 16 rows.
2026-09-26 05:19:57,457 - INFO - Fetching: Andhra Pradesh - East Godavari | O-Ve | Fresh Frozen Plasma
2026-09-26 05:19:58,392 - INFO - Saved 16 rows.
2026-09-26 05:19:58,392 - INFO - Fetching: Andhra Pradesh - East Godavari | O-Ve | Platelet Rich Plasma
2026-09-26 05:19:59,296 - INFO - No data found.
2026-09-26 05:19:59,296 - INFO - Fetching: Andhra Pradesh - East Godavari | AB+Ve | Packed Red Blood Cells
2026-09-26 05:20:00,214 - INFO - Saved 16 rows.
2026-09-26 05:20:00,214 - INFO - Fetching: Andhra Pradesh - East Godavari | AB+Ve | Fresh Frozen Plasma
2026-09-26 05:20:01,125 - INFO - Saved 15 rows.
2026-09-26 05:20:01,125 - INFO - Fetching: Andhra Pradesh - East Godavari | AB+Ve | Platelet Rich Plasma
2026-09-26 05:20:02,326 - INFO - No data found.
2026-09-26 05:20:02,326 - INFO - Fetching: Andhra Pradesh - East Godavari | AB-Ve | Packed Red Blood Cells
2026-09-26 05:20:03,454 - INFO - Saved 16 rows.
2026-09-26 05:20:03,454 - INFO - Fetching: Andhra Pradesh - East Godavari | AB-Ve | Fresh Frozen Plasma
2026-09-26 05:20:04,377 - INFO - Saved 15 rows.
2026-09-26 05:20:04,377 - INFO - Fetching: Andhra Pradesh - East Godavari | AB-Ve | Platelet Rich Plasma
2026-09-26 05:20:05,316 - INFO - No data found.
2026-09-26 05:20:05,316 - INFO - Fetching: Andhra Pradesh - Krishna | A+Ve | Packed Red Blood Cells
2026-09-26 05:20:06,276 - INFO - Saved 14 rows.
2026-09-26 05:20:06,276 - INFO - Fetching: Andhra Pradesh - Krishna | A+Ve | Fresh Frozen Plasma
2026-09-26 05:20:07,195 - INFO - Saved 14 rows.
2026-09-26 05:20:07,195 - INFO - Fetching: Andhra Pradesh - Krishna | A+Ve | Platelet Rich Plasma
2026-09-26 05:20:08,102 - INFO - No data found.
2026-09-26 05:20:08,103 - INFO - Fetching: Andhra Pradesh - Krishna | A-Ve | Packed Red Blood Cells
2026-09-26 05:20:09,426 - INFO - Saved 14 rows.
2026-09-26 05:20:09,426 - INFO - Fetching: Andhra Pradesh - Krishna | A-Ve | Fresh Frozen Plasma
2026-09-26 05:20:10,610 - INFO - Saved 14 rows.
2026-09-26 05:20:10,610 - INFO - Fetching: Andhra Pradesh - Krishna | A-Ve | Platelet Rich Plasma
2026-09-26 05:20:11,515 - INFO - No data found.
2026-09-26 05:20:11,515 - INFO - Fetching: Andhra Pradesh - Krishna | B+Ve | Packed Red Blood Cells
2026-09-26 05:20:12,413 - INFO - Saved 14 rows.
2026-09-26 05:20:12,413 - INFO - Fetching: Andhra Pradesh - Krishna | B+Ve | Fresh Frozen Plasma
2026-09-26 05:20:13,310 - INFO - Saved 14 rows.
2026-09-26 05:20:13,310 - INFO - Fetching: Andhra Pradesh - Krishna | B+Ve | Platelet Rich Plasma
2026-09-26 05:20:14,202 - INFO - No data found.
2026-09-26 05:20:14,203 - INFO - Fetching: Andhra Pradesh - Krishna | B-Ve | Packed Red Blood Cells
2026-09-26 05:20:15,111 - INFO - Saved 14 rows.
2026-09-26 05:20:15,111 - INFO - Fetching: Andhra Pradesh - Krishna | B-Ve | Fresh Frozen Plasma
2026-09-26 05:20:16,043 - INFO - Saved 14 rows.
2026-09-26 05:20:16,043 - INFO - Fetching: Andhra Pradesh - Krishna | B-Ve | Platelet Rich Plasma
2026-09-26 05:20:17,219 - INFO - No data found.
2026-09-26 05:20:17,219 - INFO - Fetching: Andhra Pradesh - Krishna | O+Ve | Packed Red Blood Cells
2026-09-26 05:20:18,134 - INFO - Saved 14 rows.
2026-09-26 05:20:18,134 - INFO - Fetching: Andhra Pradesh - Krishna | O+Ve | Fresh Frozen Plasma
2026-09-26 05:20:19,090 - INFO - Saved 14 rows.
2026-09-26 05:20:19,090 - INFO - Fetching: Andhra Pradesh - Krishna | O+Ve | Platelet Rich Plasma
2026-09-26 05:20:19,982 - INFO - No data found.
2026-09-26 05:20:19,982 - INFO - Fetching: Andhra Pradesh - Krishna | O-Ve | Packed Red Blood Cells
2026-09-26 05:20:20,918 - INFO - Saved 14 rows.
2026-09-26 05:20:20,918 - INFO - Fetching: Andhra Pradesh - Krishna | O-Ve | Fresh Frozen Plasma
2026-09-26 05:20:21,844 - INFO - Saved 14 rows.
2026-09-26 05:20:21,844 - INFO - Fetching: Andhra Pradesh - Krishna | O-Ve | Platelet Rich Plasma
2026-09-26 05:20:22,766 - INFO - No data found.
2026-09-26 05:20:22,766 - INFO - Fetching: Andhra Pradesh - Krishna | AB+Ve | Packed Red Blood Cells
2026-09-26 05:20:23,728 - INFO - Saved 14 rows.
2026-09-26 05:20:23,728 - INFO - Fetching: Andhra Pradesh - Krishna | AB+Ve | Fresh Frozen Plasma
2026-09-26 05:20:24,633 - INFO - Saved 14 rows.
2026-09-26 05:20:24,633 - INFO - Fetching: Andhra Pradesh - Krishna | AB+Ve | Platelet Rich Plasma
2026-09-26 05:20:25,613 - INFO - No data found.
2026-09-26 05:20:25,613 - INFO - Fetching: Andhra Pradesh - Krishna | AB-Ve | Packed Red Blood Cells
2026-09-26 05:20:26,528 - INFO - Saved 14 rows.
2026-09-26 05:20:26,528 - INFO - Fetching: Andhra Pradesh - Krishna | AB-Ve | Fresh Frozen Plasma
2026-09-26 05:20:27,420 - INFO - Saved 14 rows.
2026-09-26 05:20:27,420 - INFO - Fetching: Andhra Pradesh - Krishna | AB-Ve | Platelet Rich Plasma
2026-09-26 05:20:28,336 - INFO - No data found.
2026-09-26 05:20:28,336 - INFO - Fetching: Andhra Pradesh - Kurnool | A+Ve | Packed Red Blood Cells
2026-09-26 05:20:29,236 - INFO - Saved 22 rows.
2026-09-26 05:20:29,236 - INFO - Fetching: Andhra Pradesh - Kurnool | A+Ve | Fresh Frozen Plasma
2026-09-26 05:20:30,136 - INFO - Saved 22 rows.
2026-09-26 05:20:30,136 - INFO - Fetching: Andhra Pradesh - Kurnool | A+Ve | Platelet Rich Plasma
2026-09-26 05:20:31,045 - INFO - No data found.
2026-09-26 05:20:31,045 - INFO - Fetching: Andhra Pradesh - Kurnool | A-Ve | Packed Red Blood Cells
2026-09-26 05:20:31,991 - INFO - Saved 22 rows.
2026-09-26 05:20:31,991 - INFO - Fetching: Andhra Pradesh - Kurnool | A-Ve | Fresh Frozen Plasma
2026-09-26 05:20:32,901 - INFO - Saved 22 rows.
2026-09-26 05:20:32,901 - INFO - Fetching: Andhra Pradesh - Kurnool | A-Ve | Platelet Rich Plasma
2026-09-26 05:20:33,822 - INFO - No data found.
2026-09-26 05:20:33,822 - INFO - Fetching: Andhra Pradesh - Kurnool | B+Ve | Packed Red Blood Cells
2026-09-26 05:20:34,743 - INFO - Saved 22 rows.
2026-09-26 05:20:34,743 - INFO - Fetching: Andhra Pradesh - Kurnool | B+Ve | Fresh Frozen Plasma
2026-09-26 05:20:35,665 - INFO - Saved 22 rows.
2026-09-26 05:20:35,665 - INFO - Fetching: Andhra Pradesh - Kurnool | B+Ve | Platelet Rich Plasma
2026-09-26 05:20:36,566 - INFO - No data found.
2026-09-26 05:20:36,566 - INFO - Fetching: Andhra Pradesh - Kurnool | B-Ve | Packed Red Blood Cells
2026-09-26 05:20:37,482 - INFO - Saved 22 rows.
2026-09-26 05:20:37,483 - INFO - Fetching: Andhra Pradesh - Kurnool | B-Ve | Fresh Frozen Plasma
2026-09-26 05:20:38,402 - INFO - Saved 22 rows.
2026-09-26 05:20:38,403 - INFO - Fetching: Andhra Pradesh - Kurnool | B-Ve | Platelet Rich Plasma
2026-09-26 05:20:39,307 - INFO - No data found.
2026-09-26 05:20:39,307 - INFO - Fetching: Andhra Pradesh - Kurnool | O+Ve | Packed Red Blood Cells
2026-09-26 05:20:40,207 - INFO - Saved 22 rows.
2026-09-26 05:20:40,207 - INFO - Fetching: Andhra Pradesh - Kurnool | O+Ve | Fresh Frozen Plasma
2026-09-26 05:20:41,112 - INFO - Saved 22 rows.
2026-09-26 05:20:41,112 - INFO - Fetching: Andhra Pradesh - Kurnool | O+Ve | Platelet Rich Plasma
2026-09-26 05:20:41,998 - INFO - No data found.
2026-09-26 05:20:41,999 - INFO - Fetching: Andhra Pradesh - Kurnool | O-Ve | Packed Red Blood Cells
2026-09-26 05:20:42,902 - INFO - Saved 22 rows.
2026-09-26 05:20:42,902 - INFO - Fetching: Andhra Pradesh - Kurnool | O-Ve | Fresh Frozen Plasma
2026-09-26 05:20:43,830 - INFO - Saved 22 rows.
2026-09-26 05:20:43,830 - INFO - Fetching: Andhra Pradesh - Kurnool | O-Ve | Platelet Rich Plasma
2026-09-26 05:20:44,735 - INFO - No data found.
2026-09-26 05:20:44,735 - INFO - Fetching: Andhra Pradesh - Kurnool | AB+Ve | Packed Red Blood Cells
2026-09-26 05:20:45,661 - INFO - Saved 22 rows.
2026-09-26 05:20:45,661 - INFO - Fetching: Andhra Pradesh - Kurnool | AB+Ve | Fresh Frozen Plasma
2026-09-26 05:20:46,662 - INFO - Saved 22 rows.
2026-09-26 05:20:46,663 - INFO - Fetching: Andhra Pradesh - Kurnool | AB+Ve | Platelet Rich Plasma
2026-09-26 05:20:47,578 - INFO - No data found.
2026-09-26 05:20:47,578 - INFO - Fetching: Andhra Pradesh - Kurnool | AB-Ve | Packed Red Blood Cells
2026-09-26 05:20:48,476 - INFO - Saved 22 rows.
2026-09-26 05:20:48,476 - INFO - Fetching: Andhra Pradesh - Kurnool | AB-Ve | Fresh Frozen Plasma
2026-09-26 05:20:49,384 - INFO - Saved 22 rows.
2026-09-26 05:20:49,384 - INFO - Fetching: Andhra Pradesh - Kurnool | AB-Ve | Platelet Rich Plasma
2026-09-26 05:20:50,277 - INFO - No data found.
2026-09-26 05:20:50,277 - INFO - Fetching: Andhra Pradesh - Prakasam | A+Ve | Packed Red Blood Cells
2026-09-26 05:20:51,213 - INFO - Saved 18 rows.
2026-09-26 05:20:51,213 - INFO - Fetching: Andhra Pradesh - Prakasam | A+Ve | Fresh Frozen Plasma
2026-09-26 05:20:52,316 - INFO - Saved 18 rows.
2026-09-26 05:20:52,316 - INFO - Fetching: Andhra Pradesh - Prakasam | A+Ve | Platelet Rich Plasma
2026-09-26 05:20:53,222 - INFO - No data found.
2026-09-26 05:20:53,222 - INFO - Fetching: Andhra Pradesh - Prakasam | A-Ve | Packed Red Blood Cells
2026-09-26 05:20:54,132 - INFO - Saved 18 rows.
2026-09-26 05:20:54,132 - INFO - Fetching: Andhra Pradesh - Prakasam | A-Ve | Fresh Frozen Plasma
2026-09-26 05:20:55,058 - INFO - Saved 18 rows.
2026-09-26 05:20:55,058 - INFO - Fetching: Andhra Pradesh - Prakasam | A-Ve | Platelet Rich Plasma
2026-09-26 05:20:55,980 - INFO - No data found.
2026-09-26 05:20:55,980 - INFO - Fetching: Andhra Pradesh - Prakasam | B+Ve | Packed Red Blood Cells
2026-09-26 05:20:56,905 - INFO - Saved 18 rows.
2026-09-26 05:20:56,906 - INFO - Fetching: Andhra Pradesh - Prakasam | B+Ve | Fresh Frozen Plasma
2026-09-26 05:20:57,846 - INFO - Saved 18 rows.
2026-09-26 05:20:57,846 - INFO - Fetching: Andhra Pradesh - Prakasam | B+Ve | Platelet Rich Plasma
2026-09-26 05:20:58,759 - INFO - No data found.
2026-09-26 05:20:58,759 - INFO - Fetching: Andhra Pradesh - Prakasam | B-Ve | Packed Red Blood Cells
2026-09-26 05:20:59,690 - INFO - Saved 18 rows.
2026-09-26 05:20:59,691 - INFO - Fetching: Andhra Pradesh - Prakasam | B-Ve | Fresh Frozen Plasma
2026-09-26 05:21:00,836 - INFO - Saved 18 rows.
2026-09-26 05:21:00,836 - INFO - Fetching: Andhra Pradesh - Prakasam | B-Ve | Platelet Rich Plasma
2026-09-26 05:21:01,754 - INFO - No data found.
2026-09-26 05:21:01,754 - INFO - Fetching: Andhra Pradesh - Prakasam | O+Ve | Packed Red Blood Cells
2026-09-26 05:21:02,683 - INFO - Saved 18 rows.
2026-09-26 05:21:02,683 - INFO - Fetching: Andhra Pradesh - Prakasam | O+Ve | Fresh Frozen Plasma
2026-09-26 05:21:03,584 - INFO - Saved 18 rows.
2026-09-26 05:21:03,584 - INFO - Fetching: Andhra Pradesh - Prakasam | O+Ve | Platelet Rich Plasma
2026-09-26 05:21:04,709 - INFO - No data found.
2026-09-26 05:21:04,709 - INFO - Fetching: Andhra Pradesh - Prakasam | O-Ve | Packed Red Blood Cells
2026-09-26 05:21:05,606 - INFO - Saved 18 rows.
2026-09-26 05:21:05,606 - INFO - Fetching: Andhra Pradesh - Prakasam | O-Ve | Fresh Frozen Plasma
2026-09-26 05:21:06,525 - INFO - Saved 18 rows.
2026-09-26 05:21:06,525 - INFO - Fetching: Andhra Pradesh - Prakasam | O-Ve | Platelet Rich Plasma
2026-09-26 05:21:07,457 - INFO - No data found.
2026-09-26 05:21:07,457 - INFO - Fetching: Andhra Pradesh - Prakasam | AB+Ve | Packed Red Blood Cells
2026-09-26 05:21:08,393 - INFO - Saved 18 rows.
2026-09-26 05:21:08,393 - INFO - Fetching: Andhra Pradesh - Prakasam | AB+Ve | Fresh Frozen Plasma
2026-09-26 05:21:09,334 - INFO - Saved 18 rows.
2026-09-26 05:21:09,334 - INFO - Fetching: Andhra Pradesh - Prakasam | AB+Ve | Platelet Rich Plasma
2026-09-26 05:21:10,233 - INFO - No data found.
2026-09-26 05:21:10,234 - INFO - Fetching: Andhra Pradesh - Prakasam | AB-Ve | Packed Red Blood Cells
2026-09-26 05:21:11,157 - INFO - Saved 18 rows.
2026-09-26 05:21:11,157 - INFO - Fetching: Andhra Pradesh - Prakasam | AB-Ve | Fresh Frozen Plasma
2026-09-26 05:21:12,076 - INFO - Saved 18 rows.
2026-09-26 05:21:12,076 - INFO - Fetching: Andhra Pradesh - Prakasam | AB-Ve | Platelet Rich Plasma
2026-09-26 05:21:12,985 - INFO - No data found.
2026-09-26 05:21:12,985 - INFO - Fetching: Andhra Pradesh - Srikakulam | A+Ve | Packed Red Blood Cells
2026-09-26 05:21:13,885 - INFO - Saved 19 rows.
2026-09-26 05:21:13,885 - INFO - Fetching: Andhra Pradesh - Srikakulam | A+Ve | Fresh Frozen Plasma
2026-09-26 05:21:14,814 - INFO - Saved 19 rows.
2026-09-26 05:21:14,814 - INFO - Fetching: Andhra Pradesh - Srikakulam | A+Ve | Platelet Rich Plasma
2026-09-26 05:21:15,699 - INFO - No data found.
2026-09-26 05:21:15,699 - INFO - Fetching: Andhra Pradesh - Srikakulam | A-Ve | Packed Red Blood Cells
2026-09-26 05:21:16,613 - INFO - Saved 19 rows.
2026-09-26 05:21:16,613 - INFO - Fetching: Andhra Pradesh - Srikakulam | A-Ve | Fresh Frozen Plasma
2026-09-26 05:21:17,540 - INFO - Saved 19 rows.
2026-09-26 05:21:17,540 - INFO - Fetching: Andhra Pradesh - Srikakulam | A-Ve | Platelet Rich Plasma
2026-09-26 05:21:18,464 - INFO - No data found.
2026-09-26 05:21:18,464 - INFO - Fetching: Andhra Pradesh - Srikakulam | B+Ve | Packed Red Blood Cells
2026-09-26 05:21:19,378 - INFO - Saved 19 rows.
2026-09-26 05:21:19,378 - INFO - Fetching: Andhra Pradesh - Srikakulam | B+Ve | Fresh Frozen Plasma
2026-09-26 05:21:20,296 - INFO - Saved 19 rows.
2026-09-26 05:21:20,297 - INFO - Fetching: Andhra Pradesh - Srikakulam | B+Ve | Platelet Rich Plasma
2026-09-26 05:21:21,199 - INFO - No data found.
2026-09-26 05:21:21,199 - INFO - Fetching: Andhra Pradesh - Srikakulam | B-Ve | Packed Red Blood Cells
2026-09-26 05:21:22,097 - INFO - Saved 19 rows.
2026-09-26 05:21:22,097 - INFO - Fetching: Andhra Pradesh - Srikakulam | B-Ve | Fresh Frozen Plasma
2026-09-26 05:21:23,009 - INFO - Saved 19 rows.
2026-09-26 05:21:23,009 - INFO - Fetching: Andhra Pradesh - Srikakulam | B-Ve | Platelet Rich Plasma
2026-09-26 05:21:23,913 - INFO - No data found.
2026-09-26 05:21:23,913 - INFO - Fetching: Andhra Pradesh - Srikakulam | O+Ve | Packed Red Blood Cells
2026-09-26 05:21:24,842 - INFO - Saved 19 rows.
2026-09-26 05:21:24,842 - INFO - Fetching: Andhra Pradesh - Srikakulam | O+Ve | Fresh Frozen Plasma
2026-09-26 05:21:25,731 - INFO - Saved 19 rows.
2026-09-26 05:21:25,731 - INFO - Fetching: Andhra Pradesh - Srikakulam | O+Ve | Platelet Rich Plasma
2026-09-26 05:21:26,629 - INFO - No data found.
2026-09-26 05:21:26,629 - INFO - Fetching: Andhra Pradesh - Srikakulam | O-Ve | Packed Red Blood Cells
2026-09-26 05:21:27,547 - INFO - Saved 19 rows.
2026-09-26 05:21:27,547 - INFO - Fetching: Andhra Pradesh - Srikakulam | O-Ve | Fresh Frozen Plasma
2026-09-26 05:21:28,696 - INFO - Saved 19 rows.
2026-09-26 05:21:28,696 - INFO - Fetching: Andhra Pradesh - Srikakulam | O-Ve | Platelet Rich Plasma
2026-09-26 05:21:30,150 - INFO - No data found.
2026-09-26 05:21:30,150 - INFO - Fetching: Andhra Pradesh - Srikakulam | AB+Ve | Packed Red Blood Cells
2026-09-26 05:21:31,368 - INFO - Saved 19 rows.
2026-09-26 05:21:31,368 - INFO - Fetching: Andhra Pradesh - Srikakulam | AB+Ve | Fresh Frozen Plasma
2026-09-26 05:21:32,284 - INFO - Saved 19 rows.
2026-09-26 05:21:32,284 - INFO - Fetching: Andhra Pradesh - Srikakulam | AB+Ve | Platelet Rich Plasma
2026-09-26 05:21:33,707 - INFO - No data found.
2026-09-26 05:21:33,707 - INFO - Fetching: Andhra Pradesh - Srikakulam | AB-Ve | Packed Red Blood Cells
2026-09-26 05:21:34,861 - INFO - Saved 19 rows.
2026-09-26 05:21:34,861 - INFO - Fetching: Andhra Pradesh - Srikakulam | AB-Ve | Fresh Frozen Plasma
2026-09-26 05:21:36,011 - INFO - Saved 19 rows.
2026-09-26 05:21:36,011 - INFO - Fetching: Andhra Pradesh - Srikakulam | AB-Ve | Platelet Rich Plasma
2026-09-26 05:21:37,181 - INFO - No data found.
2026-09-26 05:21:37,181 - INFO - Fetching: Andhra Pradesh - Vizianagaram | A+Ve | Packed Red Blood Cells
2026-09-26 05:21:38,324 - INFO - Saved 17 rows.
2026-09-26 05:21:38,324 - INFO - Fetching: Andhra Pradesh - Vizianagaram | A+Ve | Fresh Frozen Plasma
2026-09-26 05:21:39,546 - INFO - Saved 17 rows.
2026-09-26 05:21:39,546 - INFO - Fetching: Andhra Pradesh - Vizianagaram | A+Ve | Platelet Rich Plasma
2026-09-26 05:21:40,689 - INFO - No data found.
2026-09-26 05:21:40,689 - INFO - Fetching: Andhra Pradesh - Vizianagaram | A-Ve | Packed Red Blood Cells
2026-09-26 05:21:41,576 - INFO - Saved 17 rows.
2026-09-26 05:21:41,577 - INFO - Fetching: Andhra Pradesh - Vizianagaram | A-Ve | Fresh Frozen Plasma
2026-09-26 05:21:42,807 - INFO - Saved 17 rows.
2026-09-26 05:21:42,807 - INFO - Fetching: Andhra Pradesh - Vizianagaram | A-Ve | Platelet Rich Plasma
2026-09-26 05:21:43,713 - INFO - No data found.
2026-09-26 05:21:43,713 - INFO - Fetching: Andhra Pradesh - Vizianagaram | B+Ve | Packed Red Blood Cells
2026-09-26 05:21:44,659 - INFO - Saved 17 rows.
2026-09-26 05:21:44,659 - INFO - Fetching: Andhra Pradesh - Vizianagaram | B+Ve | Fresh Frozen Plasma
2026-09-26 05:21:46,132 - INFO - Saved 17 rows.
2026-09-26 05:21:46,132 - INFO - Fetching: Andhra Pradesh - Vizianagaram | B+Ve | Platelet Rich Plasma
2026-09-26 05:21:47,021 - INFO - No data found.
2026-09-26 05:21:47,021 - INFO - Fetching: Andhra Pradesh - Vizianagaram | B-Ve | Packed Red Blood Cells
2026-09-26 05:21:48,158 - INFO - Saved 17 rows.
2026-09-26 05:21:48,158 - INFO - Fetching: Andhra Pradesh - Vizianagaram | B-Ve | Fresh Frozen Plasma
2026-09-26 05:21:49,102 - INFO - Saved 17 rows.
2026-09-26 05:21:49,102 - INFO - Fetching: Andhra Pradesh - Vizianagaram | B-Ve | Platelet Rich Plasma
2026-09-26 05:21:50,264 - INFO - No data found.
2026-09-26 05:21:50,264 - INFO - Fetching: Andhra Pradesh - Vizianagaram | O+Ve | Packed Red Blood Cells
2026-09-26 05:21:51,421 - INFO - Saved 17 rows.
2026-09-26 05:21:51,421 - INFO - Fetching: Andhra Pradesh - Vizianagaram | O+Ve | Fresh Frozen Plasma
2026-09-26 05:21:52,329 - INFO - Saved 17 rows.
2026-09-26 05:21:52,329 - INFO - Fetching: Andhra Pradesh - Vizianagaram | O+Ve | Platelet Rich Plasma
2026-09-26 05:21:53,798 - INFO - No data found.
2026-09-26 05:21:53,798 - INFO - Fetching: Andhra Pradesh - Vizianagaram | O-Ve | Packed Red Blood Cells
2026-09-26 05:21:55,078 - INFO - Saved 17 rows.
2026-09-26 05:21:55,078 - INFO - Fetching: Andhra Pradesh - Vizianagaram | O-Ve | Fresh Frozen Plasma
2026-09-26 05:21:56,494 - INFO - Saved 17 rows.
2026-09-26 05:21:56,494 - INFO - Fetching: Andhra Pradesh - Vizianagaram | O-Ve | Platelet Rich Plasma
2026-09-26 05:21:57,410 - INFO - No data found.
2026-09-26 05:21:57,410 - INFO - Fetching: Andhra Pradesh - Vizianagaram | AB+Ve | Packed Red Blood Cells
2026-09-26 05:21:58,331 - INFO - Saved 17 rows.
2026-09-26 05:21:58,331 - INFO - Fetching: Andhra Pradesh - Vizianagaram | AB+Ve | Fresh Frozen Plasma
2026-09-26 05:21:59,472 - INFO - Saved 17 rows.
2026-09-26 05:21:59,472 - INFO - Fetching: Andhra Pradesh - Vizianagaram | AB+Ve | Platelet Rich Plasma
2026-09-26 05:22:00,609 - INFO - No data found.
2026-09-26 05:22:00,610 - INFO - Fetching: Andhra Pradesh - Vizianagaram | AB-Ve | Packed Red Blood Cells
2026-09-26 05:22:01,510 - INFO - Saved 17 rows.
2026-09-26 05:22:01,511 - INFO - Fetching: Andhra Pradesh - Vizianagaram | AB-Ve | Fresh Frozen Plasma
2026-09-26 05:22:02,942 - INFO - Saved 17 rows.
2026-09-26 05:22:02,942 - INFO - Fetching: Andhra Pradesh - Vizianagaram | AB-Ve | Platelet Rich Plasma
2026-09-26 05:22:04,079 - INFO - No data found.
2026-09-26 05:22:04,079 - INFO - Fetching: Andhra Pradesh - West Godavari | A+Ve | Packed Red Blood Cells
2026-09-26 05:22:04,981 - INFO - Saved 17 rows.
2026-09-26 05:22:04,981 - INFO - Fetching: Andhra Pradesh - West Godavari | A+Ve | Fresh Frozen Plasma
2026-09-26 05:22:05,881 - INFO - Saved 17 rows.
2026-09-26 05:22:05,881 - INFO - Fetching: Andhra Pradesh - West Godavari | A+Ve | Platelet Rich Plasma
2026-09-26 05:22:06,793 - INFO - No data found.
2026-09-26 05:22:06,793 - INFO - Fetching: Andhra Pradesh - West Godavari | A-Ve | Packed Red Blood Cells
2026-09-26 05:22:07,706 - INFO - Saved 17 rows.
2026-09-26 05:22:07,706 - INFO - Fetching: Andhra Pradesh - West Godavari | A-Ve | Fresh Frozen Plasma
2026-09-26 05:22:08,611 - INFO - Saved 17 rows.
2026-09-26 05:22:08,612 - INFO - Fetching: Andhra Pradesh - West Godavari | A-Ve | Platelet Rich Plasma
2026-09-26 05:22:09,990 - INFO - No data found.
2026-09-26 05:22:09,991 - INFO - Fetching: Andhra Pradesh - West Godavari | B+Ve | Packed Red Blood Cells
2026-09-26 05:22:11,120 - INFO - Saved 17 rows.
2026-09-26 05:22:11,120 - INFO - Fetching: Andhra Pradesh - West Godavari | B+Ve | Fresh Frozen Plasma
2026-09-26 05:22:12,035 - INFO - Saved 17 rows.
2026-09-26 05:22:12,035 - INFO - Fetching: Andhra Pradesh - West Godavari | B+Ve | Platelet Rich Plasma
2026-09-26 05:22:12,936 - INFO - No data found.
2026-09-26 05:22:12,937 - INFO - Fetching: Andhra Pradesh - West Godavari | B-Ve | Packed Red Blood Cells
2026-09-26 05:22:13,858 - INFO - Saved 17 rows.
2026-09-26 05:22:13,858 - INFO - Fetching: Andhra Pradesh - West Godavari | B-Ve | Fresh Frozen Plasma
2026-09-26 05:22:14,775 - INFO - Saved 17 rows.
2026-09-26 05:22:14,775 - INFO - Fetching: Andhra Pradesh - West Godavari | B-Ve | Platelet Rich Plasma
2026-09-26 05:22:15,693 - INFO - No data found.
2026-09-26 05:22:15,694 - INFO - Fetching: Andhra Pradesh - West Godavari | O+Ve | Packed Red Blood Cells
2026-09-26 05:22:16,606 - INFO - Saved 17 rows.
2026-09-26 05:22:16,607 - INFO - Fetching: Andhra Pradesh - West Godavari | O+Ve | Fresh Frozen Plasma
2026-09-26 05:22:17,511 - INFO - Saved 17 rows.
2026-09-26 05:22:17,511 - INFO - Fetching: Andhra Pradesh - West Godavari | O+Ve | Platelet Rich Plasma
2026-09-26 05:22:18,408 - INFO - No data found.
2026-09-26 05:22:18,408 - INFO - Fetching: Andhra Pradesh - West Godavari | O-Ve | Packed Red Blood Cells
2026-09-26 05:22:19,333 - INFO - Saved 17 rows.
2026-09-26 05:22:19,333 - INFO - Fetching: Andhra Pradesh - West Godavari | O-Ve | Fresh Frozen Plasma
2026-09-26 05:22:20,261 - INFO - Saved 17 rows.
2026-09-26 05:22:20,261 - INFO - Fetching: Andhra Pradesh - West Godavari | O-Ve | Platelet Rich Plasma
2026-09-26 05:22:21,147 - INFO - No data found.
2026-09-26 05:22:21,147 - INFO - Fetching: Andhra Pradesh - West Godavari | AB+Ve | Packed Red Blood Cells
2026-09-26 05:22:22,061 - INFO - Saved 17 rows.
2026-09-26 05:22:22,061 - INFO - Fetching: Andhra Pradesh - West Godavari | AB+Ve | Fresh Frozen Plasma
2026-09-26 05:22:22,970 - INFO - Saved 17 rows.
2026-09-26 05:22:22,970 - INFO - Fetching: Andhra Pradesh - West Godavari | AB+Ve | Platelet Rich Plasma
2026-09-26 05:22:23,855 - INFO - No data found.
2026-09-26 05:22:23,856 - INFO - Fetching: Andhra Pradesh - West Godavari | AB-Ve | Packed Red Blood Cells
2026-09-26 05:22:24,797 - INFO - Saved 17 rows.
2026-09-26 05:22:24,797 - INFO - Fetching: Andhra Pradesh - West Godavari | AB-Ve | Fresh Frozen Plasma
2026-09-26 05:22:25,698 - INFO - Saved 17 rows.
2026-09-26 05:22:25,698 - INFO - Fetching: Andhra Pradesh - West Godavari | AB-Ve | Platelet Rich Plasma
2026-09-26 05:22:26,598 - INFO - No data found.
2026-09-26 05:22:26,598 - INFO - Collection complete. Fetched 2046 total records to blood_data.csv.
2026-09-27 05:36:21,840 - INFO - Loaded master data from cache.
2026-09-27 05:36:21,840 - INFO - Fetching: Andhra Pradesh - Alluri Sitharama Raju | A+Ve | Packed Red Blood Cells
2026-09-27 05:36:22,981 - INFO - Saved 5 rows.
2026-09-27 05:36:22,981 - INFO - Fetching: Andhra Pradesh - Alluri Sitharama Raju | A+Ve | Fresh Frozen Plasma
2026-09-27 05:36:24,232 - INFO - Saved 5 rows.
2026-09-27 05:36:24,232 - INFO - Fetching: Andhra Pradesh - Alluri Sitharama Raju | A+Ve | Platelet Rich Plasma
2026-09-27 05:36:25,133 - INFO - No data found.
2026-09-27 05:36:25,134 - INFO - Fetching: Andhra Pradesh - Alluri Sitharama Raju | A-Ve | Packed Red Blood Cells
2026-09-27 05:36:26,312 - INFO - Saved 5 rows.
2026-09-27 05:36:26,312 - INFO - Fetching: Andhra Pradesh - Alluri Sitharama Raju | A-Ve | Fresh Frozen Plasma
2026-09-27 05:36:27,739 - INFO - Saved 5 rows.
2026-09-27 05:36:27,739 - INFO - Fetching: Andhra Pradesh - Alluri Sitharama Raju | A-Ve | Platelet Rich Plasma
2026-09-27 05:36:29,042 - INFO - No data found.
2026-09-27 05:36:29,043 - INFO - Fetching: Andhra Pradesh - Alluri Sitharama Raju | B+Ve | Packed Red Blood Cells
2026-09-27 05:36:30,417 - INFO - Saved 5 rows.
2026-09-27 05:36:30,417 - INFO - Fetching: Andhra Pradesh - Alluri Sitharama Raju | B+Ve | Fresh Frozen Plasma
2026-09-27 05:36:31,771 - INFO - Saved 5 rows.
2026-09-27 05:36:31,772 - INFO - Fetching: Andhra Pradesh - Alluri Sitharama Raju | B+Ve | Platelet Rich Plasma
2026-09-27 05:36:32,977 - INFO - No data found.
2026-09-27 05:36:32,978 - INFO - Fetching: Andhra Pradesh - Alluri Sitharama Raju | B-Ve | Packed Red Blood Cells
2026-09-27 05:36:33,943 - INFO - Saved 5 rows.
2026-09-27 05:36:33,943 - INFO - Fetching: Andhra Pradesh - Alluri Sitharama Raju | B-Ve | Fresh Frozen Plasma
2026-09-27 05:36:34,904 - INFO - Saved 5 rows.
2026-09-27 05:36:34,904 - INFO - Fetching: Andhra Pradesh - Alluri Sitharama Raju | B-Ve | Platelet Rich Plasma
2026-09-27 05:36:35,914 - INFO - No data found.
2026-09-27 05:36:35,914 - INFO - Fetching: Andhra Pradesh - Alluri Sitharama Raju | O+Ve | Packed Red Blood Cells
2026-09-27 05:36:37,052 - INFO - Saved 5 rows.
2026-09-27 05:36:37,052 - INFO - Fetching: Andhra Pradesh - Alluri Sitharama Raju | O+Ve | Fresh Frozen Plasma
2026-09-27 05:36:38,243 - INFO - Saved 5 rows.
2026-09-27 05:36:38,243 - INFO - Fetching: Andhra Pradesh - Alluri Sitharama Raju | O+Ve | Platelet Rich Plasma
2026-09-27 05:36:39,422 - INFO - No data found.
2026-09-27 05:36:39,422 - INFO - Fetching: Andhra Pradesh - Alluri Sitharama Raju | O-Ve | Packed Red Blood Cells
2026-09-27 05:36:40,493 - INFO - Saved 5 rows.
2026-09-27 05:36:40,493 - INFO - Fetching: Andhra Pradesh - Alluri Sitharama Raju | O-Ve | Fresh Frozen Plasma
2026-09-27 05:36:41,880 - INFO - Saved 5 rows.
2026-09-27 05:36:41,881 - INFO - Fetching: Andhra Pradesh - Alluri Sitharama Raju | O-Ve | Platelet Rich Plasma
2026-09-27 05:36:42,786 - INFO - No data found.
2026-09-27 05:36:42,786 - INFO - Fetching: Andhra Pradesh - Alluri Sitharama Raju | AB+Ve | Packed Red Blood Cells
2026-09-27 05:36:43,742 - INFO - Saved 5 rows.
2026-09-27 05:36:43,742 - INFO - Fetching: Andhra Pradesh - Alluri Sitharama Raju | AB+Ve | Fresh Frozen Plasma
2026-09-27 05:36:44,765 - INFO - Saved 5 rows.
2026-09-27 05:36:44,765 - INFO - Fetching: Andhra Pradesh - Alluri Sitharama Raju | AB+Ve | Platelet Rich Plasma
2026-09-27 05:36:45,736 - INFO - No data found.
2026-09-27 05:36:45,736 - INFO - Fetching: Andhra Pradesh - Alluri Sitharama Raju | AB-Ve | Packed Red Blood Cells
2026-09-27 05:36:46,653 - INFO - Saved 5 rows.
2026-09-27 05:36:46,653 - INFO - Fetching: Andhra Pradesh - Alluri Sitharama Raju | AB-Ve | Fresh Frozen Plasma
2026-09-27 05:36:47,579 - INFO - Saved 5 rows.
2026-09-27 05:36:47,579 - INFO - Fetching: Andhra Pradesh - Alluri Sitharama Raju | AB-Ve | Platelet Rich Plasma
2026-09-27 05:36:48,492 - INFO - No data found.
2026-09-27 05:36:48,492 - INFO - Fetching: Andhra Pradesh - East Godavari | A+Ve | Packed Red Blood Cells
2026-09-27 05:36:49,419 - INFO - Saved 16 rows.
2026-09-27 05:36:49,419 - INFO - Fetching: Andhra Pradesh - East Godavari | A+Ve | Fresh Frozen Plasma
2026-09-27 05:36:50,630 - INFO - Saved 16 rows.
2026-09-27 05:36:50,630 - INFO - Fetching: Andhra Pradesh - East Godavari | A+Ve | Platelet Rich Plasma
2026-09-27 05:36:51,602 - INFO - No data found.
2026-09-27 05:36:51,602 - INFO - Fetching: Andhra Pradesh - East Godavari | A-Ve | Packed Red Blood Cells
2026-09-27 05:36:52,670 - INFO - Saved 16 rows.
2026-09-27 05:36:52,672 - INFO - Fetching: Andhra Pradesh - East Godavari | A-Ve | Fresh Frozen Plasma
2026-09-27 05:36:53,578 - INFO - Saved 16 rows.
2026-09-27 05:36:53,578 - INFO - Fetching: Andhra Pradesh - East Godavari | A-Ve | Platelet Rich Plasma
2026-09-27 05:36:54,468 - INFO - No data found.
2026-09-27 05:36:54,468 - INFO - Fetching: Andhra Pradesh - East Godavari | B+Ve | Packed Red Blood Cells
2026-09-27 05:36:55,487 - INFO - Saved 16 rows.
2026-09-27 05:36:55,487 - INFO - Fetching: Andhra Pradesh - East Godavari | B+Ve | Fresh Frozen Plasma
2026-09-27 05:36:56,512 - INFO - Saved 16 rows.
2026-09-27 05:36:56,512 - INFO - Fetching: Andhra Pradesh - East Godavari | B+Ve | Platelet Rich Plasma
2026-09-27 05:36:57,462 - INFO - No data found.
2026-09-27 05:36:57,462 - INFO - Fetching: Andhra Pradesh - East Godavari | B-Ve | Packed Red Blood Cells
2026-09-27 05:36:58,363 - INFO - Saved 16 rows.
2026-09-27 05:36:58,363 - INFO - Fetching: Andhra Pradesh - East Godavari | B-Ve | Fresh Frozen Plasma
2026-09-27 05:36:59,288 - INFO - Saved 16 rows.
2026-09-27 05:36:59,288 - INFO - Fetching: Andhra Pradesh - East Godavari | B-Ve | Platelet Rich Plasma
2026-09-27 05:37:00,246 - INFO - No data found.
2026-09-27 05:37:00,246 - INFO - Fetching: Andhra Pradesh - East Godavari | O+Ve | Packed Red Blood Cells
2026-09-27 05:37:01,258 - INFO - Saved 16 rows.
2026-09-27 05:37:01,258 - INFO - Fetching: Andhra Pradesh - East Godavari | O+Ve | Fresh Frozen Plasma
2026-09-27 05:37:02,164 - INFO - Saved 16 rows.
2026-09-27 05:37:02,164 - INFO - Fetching: Andhra Pradesh - East Godavari | O+Ve | Platelet Rich Plasma
2026-09-27 05:37:03,132 - INFO - No data found.
2026-09-27 05:37:03,133 - INFO - Fetching: Andhra Pradesh - East Godavari | O-Ve | Packed Red Blood Cells
2026-09-27 05:37:04,050 - INFO - Saved 16 rows.
2026-09-27 05:37:04,050 - INFO - Fetching: Andhra Pradesh - East Godavari | O-Ve | Fresh Frozen Plasma
2026-09-27 05:37:05,017 - INFO - Saved 16 rows.
2026-09-27 05:37:05,017 - INFO - Fetching: Andhra Pradesh - East Godavari | O-Ve | Platelet Rich Plasma
2026-09-27 05:37:05,973 - INFO - No data found.
2026-09-27 05:37:05,973 - INFO - Fetching: Andhra Pradesh - East Godavari | AB+Ve | Packed Red Blood Cells
2026-09-27 05:37:06,949 - INFO - Saved 16 rows.
2026-09-27 05:37:06,949 - INFO - Fetching: Andhra Pradesh - East Godavari | AB+Ve | Fresh Frozen Plasma
2026-09-27 05:37:07,875 - INFO - Saved 15 rows.
2026-09-27 05:37:07,875 - INFO - Fetching: Andhra Pradesh - East Godavari | AB+Ve | Platelet Rich Plasma
2026-09-27 05:37:08,828 - INFO - No data found.
2026-09-27 05:37:08,828 - INFO - Fetching: Andhra Pradesh - East Godavari | AB-Ve | Packed Red Blood Cells
2026-09-27 05:37:09,746 - INFO - Saved 16 rows.
2026-09-27 05:37:09,746 - INFO - Fetching: Andhra Pradesh - East Godavari | AB-Ve | Fresh Frozen Plasma
2026-09-27 05:37:10,782 - INFO - Saved 15 rows.
2026-09-27 05:37:10,782 - INFO - Fetching: Andhra Pradesh - East Godavari | AB-Ve | Platelet Rich Plasma
2026-09-27 05:37:11,688 - INFO - No data found.
2026-09-27 05:37:11,689 - INFO - Fetching: Andhra Pradesh - Krishna | A+Ve | Packed Red Blood Cells
2026-09-27 05:37:12,614 - INFO - Saved 14 rows.
2026-09-27 05:37:12,614 - INFO - Fetching: Andhra Pradesh - Krishna | A+Ve | Fresh Frozen Plasma
2026-09-27 05:37:13,573 - INFO - Saved 14 rows.
2026-09-27 05:37:13,573 - INFO - Fetching: Andhra Pradesh - Krishna | A+Ve | Platelet Rich Plasma
2026-09-27 05:37:14,470 - INFO - No data found.
2026-09-27 05:37:14,470 - INFO - Fetching: Andhra Pradesh - Krishna | A-Ve | Packed Red Blood Cells
2026-09-27 05:37:15,463 - INFO - Saved 14 rows.
2026-09-27 05:37:15,463 - INFO - Fetching: Andhra Pradesh - Krishna | A-Ve | Fresh Frozen Plasma
2026-09-27 05:37:16,362 - INFO - Saved 14 rows.
2026-09-27 05:37:16,362 - INFO - Fetching: Andhra Pradesh - Krishna | A-Ve | Platelet Rich Plasma
2026-09-27 05:37:17,271 - INFO - No data found.
2026-09-27 05:37:17,271 - INFO - Fetching: Andhra Pradesh - Krishna | B+Ve | Packed Red Blood Cells
2026-09-27 05:37:18,289 - INFO - Saved 14 rows.
2026-09-27 05:37:18,289 - INFO - Fetching: Andhra Pradesh - Krishna | B+Ve | Fresh Frozen Plasma
2026-09-27 05:37:19,254 - INFO - Saved 14 rows.
2026-09-27 05:37:19,254 - INFO - Fetching: Andhra Pradesh - Krishna | B+Ve | Platelet Rich Plasma
2026-09-27 05:37:20,206 - INFO - No data found.
2026-09-27 05:37:20,207 - INFO - Fetching: Andhra Pradesh - Krishna | B-Ve | Packed Red Blood Cells
2026-09-27 05:37:21,274 - INFO - Saved 14 rows.
2026-09-27 05:37:21,274 - INFO - Fetching: Andhra Pradesh - Krishna | B-Ve | Fresh Frozen Plasma
2026-09-27 05:37:22,344 - INFO - Saved 14 rows.
2026-09-27 05:37:22,344 - INFO - Fetching: Andhra Pradesh - Krishna | B-Ve | Platelet Rich Plasma
2026-09-27 05:37:23,304 - INFO - No data found.
2026-09-27 05:37:23,305 - INFO - Fetching: Andhra Pradesh - Krishna | O+Ve | Packed Red Blood Cells
2026-09-27 05:37:24,256 - INFO - Saved 14 rows.
2026-09-27 05:37:24,256 - INFO - Fetching: Andhra Pradesh - Krishna | O+Ve | Fresh Frozen Plasma
2026-09-27 05:37:25,232 - INFO - Saved 14 rows.
2026-09-27 05:37:25,232 - INFO - Fetching: Andhra Pradesh - Krishna | O+Ve | Platelet Rich Plasma
2026-09-27 05:37:26,155 - INFO - No data found.
2026-09-27 05:37:26,156 - INFO - Fetching: Andhra Pradesh - Krishna | O-Ve | Packed Red Blood Cells
2026-09-27 05:37:27,182 - INFO - Saved 14 rows.
2026-09-27 05:37:27,182 - INFO - Fetching: Andhra Pradesh - Krishna | O-Ve | Fresh Frozen Plasma
2026-09-27 05:37:28,135 - INFO - Saved 14 rows.
2026-09-27 05:37:28,135 - INFO - Fetching: Andhra Pradesh - Krishna | O-Ve | Platelet Rich Plasma
2026-09-27 05:37:29,085 - INFO - No data found.
2026-09-27 05:37:29,086 - INFO - Fetching: Andhra Pradesh - Krishna | AB+Ve | Packed Red Blood Cells
2026-09-27 05:37:30,055 - INFO - Saved 14 rows.
2026-09-27 05:37:30,055 - INFO - Fetching: Andhra Pradesh - Krishna | AB+Ve | Fresh Frozen Plasma
2026-09-27 05:37:31,039 - INFO - Saved 14 rows.
2026-09-27 05:37:31,039 - INFO - Fetching: Andhra Pradesh - Krishna | AB+Ve | Platelet Rich Plasma
2026-09-27 05:37:31,984 - INFO - No data found.
2026-09-27 05:37:31,985 - INFO - Fetching: Andhra Pradesh - Krishna | AB-Ve | Packed Red Blood Cells
2026-09-27 05:37:32,894 - INFO - Saved 14 rows.
2026-09-27 05:37:32,894 - INFO - Fetching: Andhra Pradesh - Krishna | AB-Ve | Fresh Frozen Plasma
2026-09-27 05:37:33,912 - INFO - Saved 14 rows.
2026-09-27 05:37:33,912 - INFO - Fetching: Andhra Pradesh - Krishna | AB-Ve | Platelet Rich Plasma
2026-09-27 05:37:34,812 - INFO - No data found.
2026-09-27 05:37:34,812 - INFO - Fetching: Andhra Pradesh - Kurnool | A+Ve | Packed Red Blood Cells
2026-09-27 05:37:35,770 - INFO - Saved 22 rows.
2026-09-27 05:37:35,770 - INFO - Fetching: Andhra Pradesh - Kurnool | A+Ve | Fresh Frozen Plasma
2026-09-27 05:37:36,673 - INFO - Saved 22 rows.
2026-09-27 05:37:36,673 - INFO - Fetching: Andhra Pradesh - Kurnool | A+Ve | Platelet Rich Plasma
2026-09-27 05:37:37,713 - INFO - No data found.
2026-09-27 05:37:37,714 - INFO - Fetching: Andhra Pradesh - Kurnool | A-Ve | Packed Red Blood Cells
2026-09-27 05:37:38,681 - INFO - Saved 22 rows.
2026-09-27 05:37:38,681 - INFO - Fetching: Andhra Pradesh - Kurnool | A-Ve | Fresh Frozen Plasma
2026-09-27 05:37:39,638 - INFO - Saved 22 rows.
2026-09-27 05:37:39,638 - INFO - Fetching: Andhra Pradesh - Kurnool | A-Ve | Platelet Rich Plasma
2026-09-27 05:37:40,536 - INFO - No data found.
2026-09-27 05:37:40,536 - INFO - Fetching: Andhra Pradesh - Kurnool | B+Ve | Packed Red Blood Cells
2026-09-27 05:37:41,438 - INFO - Saved 22 rows.
2026-09-27 05:37:41,438 - INFO - Fetching: Andhra Pradesh - Kurnool | B+Ve | Fresh Frozen Plasma
2026-09-27 05:37:42,341 - INFO - Saved 22 rows.
2026-09-27 05:37:42,341 - INFO - Fetching: Andhra Pradesh - Kurnool | B+Ve | Platelet Rich Plasma
2026-09-27 05:37:43,344 - INFO - No data found.
2026-09-27 05:37:43,344 - INFO - Fetching: Andhra Pradesh - Kurnool | B-Ve | Packed Red Blood Cells
2026-09-27 05:37:44,315 - INFO - Saved 22 rows.
2026-09-27 05:37:44,315 - INFO - Fetching: Andhra Pradesh - Kurnool | B-Ve | Fresh Frozen Plasma
2026-09-27 05:37:45,274 - INFO - Saved 22 rows.
2026-09-27 05:37:45,274 - INFO - Fetching: Andhra Pradesh - Kurnool | B-Ve | Platelet Rich Plasma
2026-09-27 05:37:46,198 - INFO - No data found.
2026-09-27 05:37:46,198 - INFO - Fetching: Andhra Pradesh - Kurnool | O+Ve | Packed Red Blood Cells
2026-09-27 05:37:47,123 - INFO - Saved 22 rows.
2026-09-27 05:37:47,124 - INFO - Fetching: Andhra Pradesh - Kurnool | O+Ve | Fresh Frozen Plasma
2026-09-27 05:37:48,145 - INFO - Saved 22 rows.
2026-09-27 05:37:48,145 - INFO - Fetching: Andhra Pradesh - Kurnool | O+Ve | Platelet Rich Plasma
2026-09-27 05:37:49,153 - INFO - No data found.
2026-09-27 05:37:49,153 - INFO - Fetching: Andhra Pradesh - Kurnool | O-Ve | Packed Red Blood Cells
2026-09-27 05:37:50,062 - INFO - Saved 22 rows.
2026-09-27 05:37:50,062 - INFO - Fetching: Andhra Pradesh - Kurnool | O-Ve | Fresh Frozen Plasma
2026-09-27 05:37:51,025 - INFO - Saved 22 rows.
2026-09-27 05:37:51,025 - INFO - Fetching: Andhra Pradesh - Kurnool | O-Ve | Platelet Rich Plasma
2026-09-27 05:37:52,018 - INFO - No data found.
2026-09-27 05:37:52,018 - INFO - Fetching: Andhra Pradesh - Kurnool | AB+Ve | Packed Red Blood Cells
2026-09-27 05:37:52,927 - INFO - Saved 22 rows.
2026-09-27 05:37:52,927 - INFO - Fetching: Andhra Pradesh - Kurnool | AB+Ve | Fresh Frozen Plasma
2026-09-27 05:37:53,834 - INFO - Saved 22 rows.
2026-09-27 05:37:53,834 - INFO - Fetching: Andhra Pradesh - Kurnool | AB+Ve | Platelet Rich Plasma
2026-09-27 05:37:54,795 - INFO - No data found.
2026-09-27 05:37:54,795 - INFO - Fetching: Andhra Pradesh - Kurnool | AB-Ve | Packed Red Blood Cells
2026-09-27 05:37:55,882 - INFO - Saved 22 rows.
2026-09-27 05:37:55,882 - INFO - Fetching: Andhra Pradesh - Kurnool | AB-Ve | Fresh Frozen Plasma
2026-09-27 05:37:56,862 - INFO - Saved 22 rows.
2026-09-27 05:37:56,863 - INFO - Fetching: Andhra Pradesh - Kurnool | AB-Ve | Platelet Rich Plasma
2026-09-27 05:37:57,955 - INFO - No data found.
2026-09-27 05:37:57,955 - INFO - Fetching: Andhra Pradesh - Prakasam | A+Ve | Packed Red Blood Cells
2026-09-27 05:37:58,882 - INFO - Saved 18 rows.
2026-09-27 05:37:58,882 - INFO - Fetching: Andhra Pradesh - Prakasam | A+Ve | Fresh Frozen Plasma
2026-09-27 05:37:59,860 - INFO - Saved 18 rows.
2026-09-27 05:37:59,860 - INFO - Fetching: Andhra Pradesh - Prakasam | A+Ve | Platelet Rich Plasma
2026-09-27 05:38:00,768 - INFO - No data found.
2026-09-27 05:38:00,768 - INFO - Fetching: Andhra Pradesh - Prakasam | A-Ve | Packed Red Blood Cells
2026-09-27 05:38:01,726 - INFO - Saved 18 rows.
2026-09-27 05:38:01,726 - INFO - Fetching: Andhra Pradesh - Prakasam | A-Ve | Fresh Frozen Plasma
2026-09-27 05:38:02,679 - INFO - Saved 18 rows.
2026-09-27 05:38:02,679 - INFO - Fetching: Andhra Pradesh - Prakasam | A-Ve | Platelet Rich Plasma
2026-09-27 05:38:03,593 - INFO - No data found.
2026-09-27 05:38:03,594 - INFO - Fetching: Andhra Pradesh - Prakasam | B+Ve | Packed Red Blood Cells
2026-09-27 05:38:04,544 - INFO - Saved 18 rows.
2026-09-27 05:38:04,544 - INFO - Fetching: Andhra Pradesh - Prakasam | B+Ve | Fresh Frozen Plasma
2026-09-27 05:38:05,446 - INFO - Saved 18 rows.
2026-09-27 05:38:05,446 - INFO - Fetching: Andhra Pradesh - Prakasam | B+Ve | Platelet Rich Plasma
2026-09-27 05:38:06,394 - INFO - No data found.
2026-09-27 05:38:06,395 - INFO - Fetching: Andhra Pradesh - Prakasam | B-Ve | Packed Red Blood Cells
2026-09-27 05:38:07,361 - INFO - Saved 18 rows.
2026-09-27 05:38:07,361 - INFO - Fetching: Andhra Pradesh - Prakasam | B-Ve | Fresh Frozen Plasma
2026-09-27 05:38:08,332 - INFO - Saved 18 rows.
2026-09-27 05:38:08,332 - INFO - Fetching: Andhra Pradesh - Prakasam | B-Ve | Platelet Rich Plasma
2026-09-27 05:38:09,276 - INFO - No data found.
2026-09-27 05:38:09,276 - INFO - Fetching: Andhra Pradesh - Prakasam | O+Ve | Packed Red Blood Cells
2026-09-27 05:38:10,237 - INFO - Saved 18 rows.
2026-09-27 05:38:10,237 - INFO - Fetching: Andhra Pradesh - Prakasam | O+Ve | Fresh Frozen Plasma
2026-09-27 05:38:11,160 - INFO - Saved 18 rows.
2026-09-27 05:38:11,160 - INFO - Fetching: Andhra Pradesh - Prakasam | O+Ve | Platelet Rich Plasma
2026-09-27 05:38:12,104 - INFO - No data found.
2026-09-27 05:38:12,104 - INFO - Fetching: Andhra Pradesh - Prakasam | O-Ve | Packed Red Blood Cells
2026-09-27 05:38:13,039 - INFO - Saved 18 rows.
2026-09-27 05:38:13,039 - INFO - Fetching: Andhra Pradesh - Prakasam | O-Ve | Fresh Frozen Plasma
2026-09-27 05:38:13,939 - INFO - Saved 18 rows.
2026-09-27 05:38:13,939 - INFO - Fetching: Andhra Pradesh - Prakasam | O-Ve | Platelet Rich Plasma
2026-09-27 05:38:14,863 - INFO - No data found.
2026-09-27 05:38:14,863 - INFO - Fetching: Andhra Pradesh - Prakasam | AB+Ve | Packed Red Blood Cells
2026-09-27 05:38:15,819 - INFO - Saved 18 rows.
2026-09-27 05:38:15,819 - INFO - Fetching: Andhra Pradesh - Prakasam | AB+Ve | Fresh Frozen Plasma
2026-09-27 05:38:16,735 - INFO - Saved 18 rows.
2026-09-27 05:38:16,735 - INFO - Fetching: Andhra Pradesh - Prakasam | AB+Ve | Platelet Rich Plasma
2026-09-27 05:38:17,646 - INFO - No data found.
2026-09-27 05:38:17,646 - INFO - Fetching: Andhra Pradesh - Prakasam | AB-Ve | Packed Red Blood Cells
2026-09-27 05:38:18,608 - INFO - Saved 18 rows.
2026-09-27 05:38:18,608 - INFO - Fetching: Andhra Pradesh - Prakasam | AB-Ve | Fresh Frozen Plasma
2026-09-27 05:38:19,525 - INFO - Saved 18 rows.
2026-09-27 05:38:19,525 - INFO - Fetching: Andhra Pradesh - Prakasam | AB-Ve | Platelet Rich Plasma
2026-09-27 05:38:20,493 - INFO - No data found.
2026-09-27 05:38:20,494 - INFO - Fetching: Andhra Pradesh - Srikakulam | A+Ve | Packed Red Blood Cells
2026-09-27 05:38:21,655 - INFO - Saved 19 rows.
2026-09-27 05:38:21,655 - INFO - Fetching: Andhra Pradesh - Srikakulam | A+Ve | Fresh Frozen Plasma
2026-09-27 05:38:22,634 - INFO - Saved 18 rows.
2026-09-27 05:38:22,634 - INFO - Fetching: Andhra Pradesh - Srikakulam | A+Ve | Platelet Rich Plasma
2026-09-27 05:38:23,580 - INFO - No data found.
2026-09-27 05:38:23,580 - INFO - Fetching: Andhra Pradesh - Srikakulam | A-Ve | Packed Red Blood Cells
2026-09-27 05:38:24,538 - INFO - Saved 19 rows.
2026-09-27 05:38:24,538 - INFO - Fetching: Andhra Pradesh - Srikakulam | A-Ve | Fresh Frozen Plasma
2026-09-27 05:38:25,606 - INFO - Saved 18 rows.
2026-09-27 05:38:25,606 - INFO - Fetching: Andhra Pradesh - Srikakulam | A-Ve | Platelet Rich Plasma
2026-09-27 05:38:26,667 - INFO - No data found.
2026-09-27 05:38:26,667 - INFO - Fetching: Andhra Pradesh - Srikakulam | B+Ve | Packed Red Blood Cells
2026-09-27 05:38:27,741 - INFO - Saved 18 rows.
2026-09-27 05:38:27,741 - INFO - Fetching: Andhra Pradesh - Srikakulam | B+Ve | Fresh Frozen Plasma
2026-09-27 05:38:28,700 - INFO - Saved 18 rows.
2026-09-27 05:38:28,700 - INFO - Fetching: Andhra Pradesh - Srikakulam | B+Ve | Platelet Rich Plasma
2026-09-27 05:38:29,606 - INFO - No data found.
2026-09-27 05:38:29,606 - INFO - Fetching: Andhra Pradesh - Srikakulam | B-Ve | Packed Red Blood Cells
2026-09-27 05:38:30,530 - INFO - Saved 18 rows.
2026-09-27 05:38:30,530 - INFO - Fetching: Andhra Pradesh - Srikakulam | B-Ve | Fresh Frozen Plasma
2026-09-27 05:38:31,440 - INFO - Saved 18 rows.
2026-09-27 05:38:31,440 - INFO - Fetching: Andhra Pradesh - Srikakulam | B-Ve | Platelet Rich Plasma
2026-09-27 05:38:32,430 - INFO - No data found.
2026-09-27 05:38:32,431 - INFO - Fetching: Andhra Pradesh - Srikakulam | O+Ve | Packed Red Blood Cells
2026-09-27 05:38:33,346 - INFO - Saved 19 rows.
2026-09-27 05:38:33,347 - INFO - Fetching: Andhra Pradesh - Srikakulam | O+Ve | Fresh Frozen Plasma
2026-09-27 05:38:34,281 - INFO - Saved 18 rows.
2026-09-27 05:38:34,281 - INFO - Fetching: Andhra Pradesh - Srikakulam | O+Ve | Platelet Rich Plasma
2026-09-27 05:38:35,502 - INFO - No data found.
2026-09-27 05:38:35,502 - INFO - Fetching: Andhra Pradesh - Srikakulam | O-Ve | Packed Red Blood Cells
2026-09-27 05:38:36,911 - INFO - Saved 19 rows.
2026-09-27 05:38:36,911 - INFO - Fetching: Andhra Pradesh - Srikakulam | O-Ve | Fresh Frozen Plasma
2026-09-27 05:38:38,092 - INFO - Saved 18 rows.
2026-09-27 05:38:38,092 - INFO - Fetching: Andhra Pradesh - Srikakulam | O-Ve | Platelet Rich Plasma
2026-09-27 05:38:39,572 - INFO - No data found.
2026-09-27 05:38:39,572 - INFO - Fetching: Andhra Pradesh - Srikakulam | AB+Ve | Packed Red Blood Cells
2026-09-27 05:38:40,969 - INFO - Saved 18 rows.
2026-09-27 05:38:40,969 - INFO - Fetching: Andhra Pradesh - Srikakulam | AB+Ve | Fresh Frozen Plasma
2026-09-27 05:38:42,262 - INFO - Saved 18 rows.
2026-09-27 05:38:42,262 - INFO - Fetching: Andhra Pradesh - Srikakulam | AB+Ve | Platelet Rich Plasma
2026-09-27 05:38:43,222 - INFO - No data found.
2026-09-27 05:38:43,222 - INFO - Fetching: Andhra Pradesh - Srikakulam | AB-Ve | Packed Red Blood Cells
2026-09-27 05:38:44,205 - INFO - Saved 18 rows.
2026-09-27 05:38:44,205 - INFO - Fetching: Andhra Pradesh - Srikakulam | AB-Ve | Fresh Frozen Plasma
2026-09-27 05:38:45,167 - INFO - Saved 18 rows.
2026-09-27 05:38:45,167 - INFO - Fetching: Andhra Pradesh - Srikakulam | AB-Ve | Platelet Rich Plasma
2026-09-27 05:38:46,283 - INFO - No data found.
2026-09-27 05:38:46,283 - INFO - Fetching: Andhra Pradesh - Vizianagaram | A+Ve | Packed Red Blood Cells
2026-09-27 05:38:47,212 - INFO - Saved 17 rows.
2026-09-27 05:38:47,212 - INFO - Fetching: Andhra Pradesh - Vizianagaram | A+Ve | Fresh Frozen Plasma
2026-09-27 05:38:48,116 - INFO - Saved 17 rows.
2026-09-27 05:38:48,117 - INFO - Fetching: Andhra Pradesh - Vizianagaram | A+Ve | Platelet Rich Plasma
2026-09-27 05:38:49,626 - INFO - No data found.
2026-09-27 05:38:49,626 - INFO - Fetching: Andhra Pradesh - Vizianagaram | A-Ve | Packed Red Blood Cells
2026-09-27 05:38:51,061 - INFO - Saved 17 rows.
2026-09-27 05:38:51,061 - INFO - Fetching: Andhra Pradesh - Vizianagaram | A-Ve | Fresh Frozen Plasma
2026-09-27 05:38:51,957 - INFO - Saved 17 rows.
2026-09-27 05:38:51,958 - INFO - Fetching: Andhra Pradesh - Vizianagaram | A-Ve | Platelet Rich Plasma
2026-09-27 05:38:52,881 - INFO - No data found.
2026-09-27 05:38:52,881 - INFO - Fetching: Andhra Pradesh - Vizianagaram | B+Ve | Packed Red Blood Cells
2026-09-27 05:38:53,844 - INFO - Saved 17 rows.
2026-09-27 05:38:53,844 - INFO - Fetching: Andhra Pradesh - Vizianagaram | B+Ve | Fresh Frozen Plasma
2026-09-27 05:38:54,863 - INFO - Saved 17 rows.
2026-09-27 05:38:54,863 - INFO - Fetching: Andhra Pradesh - Vizianagaram | B+Ve | Platelet Rich Plasma
2026-09-27 05:38:56,271 - INFO - No data found.
2026-09-27 05:38:56,272 - INFO - Fetching: Andhra Pradesh - Vizianagaram | B-Ve | Packed Red Blood Cells
2026-09-27 05:38:57,221 - INFO - Saved 17 rows.
2026-09-27 05:38:57,221 - INFO - Fetching: Andhra Pradesh - Vizianagaram | B-Ve | Fresh Frozen Plasma
2026-09-27 05:38:58,143 - INFO - Saved 17 rows.
2026-09-27 05:38:58,143 - INFO - Fetching: Andhra Pradesh - Vizianagaram | B-Ve | Platelet Rich Plasma
2026-09-27 05:38:59,087 - INFO - No data found.
2026-09-27 05:38:59,087 - INFO - Fetching: Andhra Pradesh - Vizianagaram | O+Ve | Packed Red Blood Cells
2026-09-27 05:39:00,060 - INFO - Saved 17 rows.
2026-09-27 05:39:00,060 - INFO - Fetching: Andhra Pradesh - Vizianagaram | O+Ve | Fresh Frozen Plasma
2026-09-27 05:39:00,961 - INFO - Saved 17 rows.
2026-09-27 05:39:00,962 - INFO - Fetching: Andhra Pradesh - Vizianagaram | O+Ve | Platelet Rich Plasma
2026-09-27 05:39:01,916 - INFO - No data found.
2026-09-27 05:39:01,916 - INFO - Fetching: Andhra Pradesh - Vizianagaram | O-Ve | Packed Red Blood Cells
2026-09-27 05:39:02,876 - INFO - Saved 17 rows.
2026-09-27 05:39:02,876 - INFO - Fetching: Andhra Pradesh - Vizianagaram | O-Ve | Fresh Frozen Plasma
2026-09-27 05:39:03,898 - INFO - Saved 17 rows.
2026-09-27 05:39:03,898 - INFO - Fetching: Andhra Pradesh - Vizianagaram | O-Ve | Platelet Rich Plasma
2026-09-27 05:39:04,836 - INFO - No data found.
2026-09-27 05:39:04,836 - INFO - Fetching: Andhra Pradesh - Vizianagaram | AB+Ve | Packed Red Blood Cells
2026-09-27 05:39:05,904 - INFO - Saved 17 rows.
2026-09-27 05:39:05,904 - INFO - Fetching: Andhra Pradesh - Vizianagaram | AB+Ve | Fresh Frozen Plasma
2026-09-27 05:39:06,861 - INFO - Saved 17 rows.
2026-09-27 05:39:06,861 - INFO - Fetching: Andhra Pradesh - Vizianagaram | AB+Ve | Platelet Rich Plasma
2026-09-27 05:39:08,329 - INFO - No data found.
2026-09-27 05:39:08,329 - INFO - Fetching: Andhra Pradesh - Vizianagaram | AB-Ve | Packed Red Blood Cells
2026-09-27 05:39:09,768 - INFO - Saved 17 rows.
2026-09-27 05:39:09,768 - INFO - Fetching: Andhra Pradesh - Vizianagaram | AB-Ve | Fresh Frozen Plasma
2026-09-27 05:39:10,724 - INFO - Saved 17 rows.
2026-09-27 05:39:10,724 - INFO - Fetching: Andhra Pradesh - Vizianagaram | AB-Ve | Platelet Rich Plasma
2026-09-27 05:39:11,671 - INFO - No data found.
2026-09-27 05:39:11,671 - INFO - Fetching: Andhra Pradesh - West Godavari | A+Ve | Packed Red Blood Cells
2026-09-27 05:39:12,577 - INFO - Saved 17 rows.
2026-09-27 05:39:12,578 - INFO - Fetching: Andhra Pradesh - West Godavari | A+Ve | Fresh Frozen Plasma
2026-09-27 05:39:13,965 - INFO - Saved 17 rows.
2026-09-27 05:39:13,965 - INFO - Fetching: Andhra Pradesh - West Godavari | A+Ve | Platelet Rich Plasma
2026-09-27 05:39:14,889 - INFO - No data found.
2026-09-27 05:39:14,889 - INFO - Fetching: Andhra Pradesh - West Godavari | A-Ve | Packed Red Blood Cells
2026-09-27 05:39:15,792 - INFO - Saved 17 rows.
2026-09-27 05:39:15,792 - INFO - Fetching: Andhra Pradesh - West Godavari | A-Ve | Fresh Frozen Plasma
2026-09-27 05:39:16,698 - INFO - Saved 17 rows.
2026-09-27 05:39:16,698 - INFO - Fetching: Andhra Pradesh - West Godavari | A-Ve | Platelet Rich Plasma
2026-09-27 05:39:17,663 - INFO - No data found.
2026-09-27 05:39:17,664 - INFO - Fetching: Andhra Pradesh - West Godavari | B+Ve | Packed Red Blood Cells
2026-09-27 05:39:18,644 - INFO - Saved 17 rows.
2026-09-27 05:39:18,644 - INFO - Fetching: Andhra Pradesh - West Godavari | B+Ve | Fresh Frozen Plasma
2026-09-27 05:39:19,596 - INFO - Saved 17 rows.
2026-09-27 05:39:19,596 - INFO - Fetching: Andhra Pradesh - West Godavari | B+Ve | Platelet Rich Plasma
2026-09-27 05:39:20,493 - INFO - No data found.
2026-09-27 05:39:20,494 - INFO - Fetching: Andhra Pradesh - West Godavari | B-Ve | Packed Red Blood Cells
2026-09-27 05:39:21,516 - INFO - Saved 17 rows.
2026-09-27 05:39:21,516 - INFO - Fetching: Andhra Pradesh - West Godavari | B-Ve | Fresh Frozen Plasma
2026-09-27 05:39:22,422 - INFO - Saved 17 rows.
2026-09-27 05:39:22,422 - INFO - Fetching: Andhra Pradesh - West Godavari | B-Ve | Platelet Rich Plasma
2026-09-27 05:39:23,356 - INFO - No data found.
2026-09-27 05:39:23,356 - INFO - Fetching: Andhra Pradesh - West Godavari | O+Ve | Packed Red Blood Cells
2026-09-27 05:39:24,318 - INFO - Saved 17 rows.
2026-09-27 05:39:24,318 - INFO - Fetching: Andhra Pradesh - West Godavari | O+Ve | Fresh Frozen Plasma
2026-09-27 05:39:25,290 - INFO - Saved 17 rows.
2026-09-27 05:39:25,290 - INFO - Fetching: Andhra Pradesh - West Godavari | O+Ve | Platelet Rich Plasma
2026-09-27 05:39:26,238 - INFO - No data found.
2026-09-27 05:39:26,238 - INFO - Fetching: Andhra Pradesh - West Godavari | O-Ve | Packed Red Blood Cells
2026-09-27 05:39:27,144 - INFO - Saved 17 rows.
2026-09-27 05:39:27,144 - INFO - Fetching: Andhra Pradesh - West Godavari | O-Ve | Fresh Frozen Plasma
2026-09-27 05:39:28,093 - INFO - Saved 17 rows.
2026-09-27 05:39:28,093 - INFO - Fetching: Andhra Pradesh - West Godavari | O-Ve | Platelet Rich Plasma
2026-09-27 05:39:29,018 - INFO - No data found.
2026-09-27 05:39:29,019 - INFO - Fetching: Andhra Pradesh - West Godavari | AB+Ve | Packed Red Blood Cells
2026-09-27 05:39:29,946 - INFO - Saved 17 rows.
2026-09-27 05:39:29,946 - INFO - Fetching: Andhra Pradesh - West Godavari | AB+Ve | Fresh Frozen Plasma
2026-09-27 05:39:30,930 - INFO - Saved 17 rows.
2026-09-27 05:39:30,931 - INFO - Fetching: Andhra Pradesh - West Godavari | AB+Ve | Platelet Rich Plasma
2026-09-27 05:39:32,059 - INFO - No data found.
2026-09-27 05:39:32,059 - INFO - Fetching: Andhra Pradesh - West Godavari | AB-Ve | Packed Red Blood Cells
2026-09-27 05:39:33,022 - INFO - Saved 17 rows.
2026-09-27 05:39:33,022 - INFO - Fetching: Andhra Pradesh - West Godavari | AB-Ve | Fresh Frozen Plasma
2026-09-27 05:39:33,936 - INFO - Saved 17 rows.
2026-09-27 05:39:33,936 - INFO - Fetching: Andhra Pradesh - West Godavari | AB-Ve | Platelet Rich Plasma
2026-09-27 05:39:34,839 - INFO - No data found.
2026-09-27 05:39:34,840 - INFO - Collection complete. Fetched 2034 total records to blood_data.csv.
2026-09-28 05:44:11,076 - INFO - Loaded master data from cache.
2026-09-28 05:44:11,076 - INFO - Fetching: Andhra Pradesh - Alluri Sitharama Raju | A+Ve | Packed Red Blood Cells
2026-09-28 05:44:12,620 - INFO - Saved 5 rows.
2026-09-28 05:44:12,620 - INFO - Fetching: Andhra Pradesh - Alluri Sitharama Raju | A+Ve | Fresh Frozen Plasma
2026-09-28 05:44:14,148 - INFO - Saved 5 rows.
2026-09-28 05:44:14,148 - INFO - Fetching: Andhra Pradesh - Alluri Sitharama Raju | A+Ve | Platelet Rich Plasma
2026-09-28 05:44:15,176 - INFO - No data found.
2026-09-28 05:44:15,176 - INFO - Fetching: Andhra Pradesh - Alluri Sitharama Raju | A-Ve | Packed Red Blood Cells
2026-09-28 05:44:16,708 - INFO - Saved 5 rows.
2026-09-28 05:44:16,708 - INFO - Fetching: Andhra Pradesh - Alluri Sitharama Raju | A-Ve | Fresh Frozen Plasma
2026-09-28 05:44:17,991 - INFO - Saved 5 rows.
2026-09-28 05:44:17,991 - INFO - Fetching: Andhra Pradesh - Alluri Sitharama Raju | A-Ve | Platelet Rich Plasma
2026-09-28 05:44:19,228 - INFO - No data found.
2026-09-28 05:44:19,228 - INFO - Fetching: Andhra Pradesh - Alluri Sitharama Raju | B+Ve | Packed Red Blood Cells
2026-09-28 05:44:20,264 - INFO - Saved 5 rows.
2026-09-28 05:44:20,264 - INFO - Fetching: Andhra Pradesh - Alluri Sitharama Raju | B+Ve | Fresh Frozen Plasma
2026-09-28 05:44:21,826 - INFO - Saved 5 rows.
2026-09-28 05:44:21,826 - INFO - Fetching: Andhra Pradesh - Alluri Sitharama Raju | B+Ve | Platelet Rich Plasma
2026-09-28 05:44:22,847 - INFO - No data found.
2026-09-28 05:44:22,847 - INFO - Fetching: Andhra Pradesh - Alluri Sitharama Raju | B-Ve | Packed Red Blood Cells
2026-09-28 05:44:24,156 - INFO - Saved 5 rows.
2026-09-28 05:44:24,156 - INFO - Fetching: Andhra Pradesh - Alluri Sitharama Raju | B-Ve | Fresh Frozen Plasma
2026-09-28 05:44:25,712 - INFO - Saved 5 rows.
2026-09-28 05:44:25,713 - INFO - Fetching: Andhra Pradesh - Alluri Sitharama Raju | B-Ve | Platelet Rich Plasma
2026-09-28 05:44:26,755 - INFO - No data found.
2026-09-28 05:44:26,756 - INFO - Fetching: Andhra Pradesh - Alluri Sitharama Raju | O+Ve | Packed Red Blood Cells
2026-09-28 05:44:27,786 - INFO - Saved 5 rows.
2026-09-28 05:44:27,786 - INFO - Fetching: Andhra Pradesh - Alluri Sitharama Raju | O+Ve | Fresh Frozen Plasma
2026-09-28 05:44:28,832 - INFO - Saved 5 rows.
2026-09-28 05:44:28,832 - INFO - Fetching: Andhra Pradesh - Alluri Sitharama Raju | O+Ve | Platelet Rich Plasma
2026-09-28 05:44:30,346 - INFO - No data found.
2026-09-28 05:44:30,346 - INFO - Fetching: Andhra Pradesh - Alluri Sitharama Raju | O-Ve | Packed Red Blood Cells
2026-09-28 05:44:31,406 - INFO - Saved 5 rows.
2026-09-28 05:44:31,406 - INFO - Fetching: Andhra Pradesh - Alluri Sitharama Raju | O-Ve | Fresh Frozen Plasma
2026-09-28 05:44:33,059 - INFO - Saved 5 rows.
2026-09-28 05:44:33,059 - INFO - Fetching: Andhra Pradesh - Alluri Sitharama Raju | O-Ve | Platelet Rich Plasma
2026-09-28 05:44:34,794 - INFO - No data found.
2026-09-28 05:44:34,794 - INFO - Fetching: Andhra Pradesh - Alluri Sitharama Raju | AB+Ve | Packed Red Blood Cells
2026-09-28 05:44:35,862 - INFO - Saved 5 rows.
2026-09-28 05:44:35,862 - INFO - Fetching: Andhra Pradesh - Alluri Sitharama Raju | AB+Ve | Fresh Frozen Plasma
2026-09-28 05:44:37,179 - INFO - Saved 5 rows.
2026-09-28 05:44:37,179 - INFO - Fetching: Andhra Pradesh - Alluri Sitharama Raju | AB+Ve | Platelet Rich Plasma
2026-09-28 05:44:38,192 - INFO - No data found.
2026-09-28 05:44:38,192 - INFO - Fetching: Andhra Pradesh - Alluri Sitharama Raju | AB-Ve | Packed Red Blood Cells
2026-09-28 05:44:39,212 - INFO - Saved 5 rows.
2026-09-28 05:44:39,212 - INFO - Fetching: Andhra Pradesh - Alluri Sitharama Raju | AB-Ve | Fresh Frozen Plasma
2026-09-28 05:44:40,249 - INFO - Saved 5 rows.
2026-09-28 05:44:40,249 - INFO - Fetching: Andhra Pradesh - Alluri Sitharama Raju | AB-Ve | Platelet Rich Plasma
2026-09-28 05:44:41,304 - INFO - No data found.
2026-09-28 05:44:41,304 - INFO - Fetching: Andhra Pradesh - East Godavari | A+Ve | Packed Red Blood Cells
2026-09-28 05:44:42,378 - INFO - Saved 16 rows.
2026-09-28 05:44:42,378 - INFO - Fetching: Andhra Pradesh - East Godavari | A+Ve | Fresh Frozen Plasma
2026-09-28 05:44:43,426 - INFO - Saved 16 rows.
2026-09-28 05:44:43,426 - INFO - Fetching: Andhra Pradesh - East Godavari | A+Ve | Platelet Rich Plasma
2026-09-28 05:44:44,473 - INFO - No data found.
2026-09-28 05:44:44,473 - INFO - Fetching: Andhra Pradesh - East Godavari | A-Ve | Packed Red Blood Cells
2026-09-28 05:44:45,513 - INFO - Saved 16 rows.
2026-09-28 05:44:45,513 - INFO - Fetching: Andhra Pradesh - East Godavari | A-Ve | Fresh Frozen Plasma
2026-09-28 05:44:46,556 - INFO - Saved 16 rows.
2026-09-28 05:44:46,556 - INFO - Fetching: Andhra Pradesh - East Godavari | A-Ve | Platelet Rich Plasma
2026-09-28 05:44:47,595 - INFO - No data found.
2026-09-28 05:44:47,595 - INFO - Fetching: Andhra Pradesh - East Godavari | B+Ve | Packed Red Blood Cells
2026-09-28 05:44:48,631 - INFO - Saved 16 rows.
2026-09-28 05:44:48,631 - INFO - Fetching: Andhra Pradesh - East Godavari | B+Ve | Fresh Frozen Plasma
2026-09-28 05:44:49,669 - INFO - Saved 16 rows.
2026-09-28 05:44:49,669 - INFO - Fetching: Andhra Pradesh - East Godavari | B+Ve | Platelet Rich Plasma
2026-09-28 05:44:50,692 - INFO - No data found.
2026-09-28 05:44:50,693 - INFO - Fetching: Andhra Pradesh - East Godavari | B-Ve | Packed Red Blood Cells
2026-09-28 05:44:51,796 - INFO - Saved 16 rows.
2026-09-28 05:44:51,796 - INFO - Fetching: Andhra Pradesh - East Godavari | B-Ve | Fresh Frozen Plasma
2026-09-28 05:44:52,837 - INFO - Saved 16 rows.
2026-09-28 05:44:52,837 - INFO - Fetching: Andhra Pradesh - East Godavari | B-Ve | Platelet Rich Plasma
2026-09-28 05:44:53,854 - INFO - No data found.
2026-09-28 05:44:53,855 - INFO - Fetching: Andhra Pradesh - East Godavari | O+Ve | Packed Red Blood Cells
2026-09-28 05:44:54,890 - INFO - Saved 16 rows.
2026-09-28 05:44:54,890 - INFO - Fetching: Andhra Pradesh - East Godavari | O+Ve | Fresh Frozen Plasma
2026-09-28 05:44:55,951 - INFO - Saved 16 rows.
2026-09-28 05:44:55,951 - INFO - Fetching: Andhra Pradesh - East Godavari | O+Ve | Platelet Rich Plasma
2026-09-28 05:44:57,009 - INFO - No data found.
2026-09-28 05:44:57,009 - INFO - Fetching: Andhra Pradesh - East Godavari | O-Ve | Packed Red Blood Cells
2026-09-28 05:44:58,026 - INFO - Saved 16 rows.
2026-09-28 05:44:58,026 - INFO - Fetching: Andhra Pradesh - East Godavari | O-Ve | Fresh Frozen Plasma
2026-09-28 05:44:59,324 - INFO - Saved 16 rows.
2026-09-28 05:44:59,324 - INFO - Fetching: Andhra Pradesh - East Godavari | O-Ve | Platelet Rich Plasma
2026-09-28 05:45:00,369 - INFO - No data found.
2026-09-28 05:45:00,370 - INFO - Fetching: Andhra Pradesh - East Godavari | AB+Ve | Packed Red Blood Cells
2026-09-28 05:45:01,394 - INFO - Saved 16 rows.
2026-09-28 05:45:01,395 - INFO - Fetching: Andhra Pradesh - East Godavari | AB+Ve | Fresh Frozen Plasma
2026-09-28 05:45:02,419 - INFO - Saved 16 rows.
2026-09-28 05:45:02,419 - INFO - Fetching: Andhra Pradesh - East Godavari | AB+Ve | Platelet Rich Plasma
2026-09-28 05:45:03,458 - INFO - No data found.
2026-09-28 05:45:03,458 - INFO - Fetching: Andhra Pradesh - East Godavari | AB-Ve | Packed Red Blood Cells
2026-09-28 05:45:04,485 - INFO - Saved 16 rows.
2026-09-28 05:45:04,485 - INFO - Fetching: Andhra Pradesh - East Godavari | AB-Ve | Fresh Frozen Plasma
2026-09-28 05:45:05,518 - INFO - Saved 16 rows.
2026-09-28 05:45:05,518 - INFO - Fetching: Andhra Pradesh - East Godavari | AB-Ve | Platelet Rich Plasma
2026-09-28 05:45:06,551 - INFO - No data found.
2026-09-28 05:45:06,551 - INFO - Fetching: Andhra Pradesh - Krishna | A+Ve | Packed Red Blood Cells
2026-09-28 05:45:07,587 - INFO - Saved 14 rows.
2026-09-28 05:45:07,587 - INFO - Fetching: Andhra Pradesh - Krishna | A+Ve | Fresh Frozen Plasma
2026-09-28 05:45:08,863 - INFO - Saved 14 rows.
2026-09-28 05:45:08,863 - INFO - Fetching: Andhra Pradesh - Krishna | A+Ve | Platelet Rich Plasma
2026-09-28 05:45:09,913 - INFO - No data found.
2026-09-28 05:45:09,914 - INFO - Fetching: Andhra Pradesh - Krishna | A-Ve | Packed Red Blood Cells
2026-09-28 05:45:11,100 - INFO - Saved 14 rows.
2026-09-28 05:45:11,100 - INFO - Fetching: Andhra Pradesh - Krishna | A-Ve | Fresh Frozen Plasma
2026-09-28 05:45:12,231 - INFO - Saved 14 rows.
2026-09-28 05:45:12,231 - INFO - Fetching: Andhra Pradesh - Krishna | A-Ve | Platelet Rich Plasma
2026-09-28 05:45:13,250 - INFO - No data found.
2026-09-28 05:45:13,250 - INFO - Fetching: Andhra Pradesh - Krishna | B+Ve | Packed Red Blood Cells
2026-09-28 05:45:14,290 - INFO - Saved 14 rows.
2026-09-28 05:45:14,290 - INFO - Fetching: Andhra Pradesh - Krishna | B+Ve | Fresh Frozen Plasma
2026-09-28 05:45:15,355 - INFO - Saved 14 rows.
2026-09-28 05:45:15,355 - INFO - Fetching: Andhra Pradesh - Krishna | B+Ve | Platelet Rich Plasma
2026-09-28 05:45:16,423 - INFO - No data found.
2026-09-28 05:45:16,423 - INFO - Fetching: Andhra Pradesh - Krishna | B-Ve | Packed Red Blood Cells
2026-09-28 05:45:17,492 - INFO - Saved 14 rows.
2026-09-28 05:45:17,492 - INFO - Fetching: Andhra Pradesh - Krishna | B-Ve | Fresh Frozen Plasma
2026-09-28 05:45:18,556 - INFO - Saved 14 rows.
2026-09-28 05:45:18,556 - INFO - Fetching: Andhra Pradesh - Krishna | B-Ve | Platelet Rich Plasma
2026-09-28 05:45:19,588 - INFO - No data found.
2026-09-28 05:45:19,588 - INFO - Fetching: Andhra Pradesh - Krishna | O+Ve | Packed Red Blood Cells
2026-09-28 05:45:20,606 - INFO - Saved 14 rows.
2026-09-28 05:45:20,606 - INFO - Fetching: Andhra Pradesh - Krishna | O+Ve | Fresh Frozen Plasma
2026-09-28 05:45:21,638 - INFO - Saved 14 rows.
2026-09-28 05:45:21,638 - INFO - Fetching: Andhra Pradesh - Krishna | O+Ve | Platelet Rich Plasma
2026-09-28 05:45:22,658 - INFO - No data found.
2026-09-28 05:45:22,658 - INFO - Fetching: Andhra Pradesh - Krishna | O-Ve | Packed Red Blood Cells
2026-09-28 05:45:23,738 - INFO - Saved 14 rows.
2026-09-28 05:45:23,738 - INFO - Fetching: Andhra Pradesh - Krishna | O-Ve | Fresh Frozen Plasma
2026-09-28 05:45:24,767 - INFO - Saved 14 rows.
2026-09-28 05:45:24,767 - INFO - Fetching: Andhra Pradesh - Krishna | O-Ve | Platelet Rich Plasma
2026-09-28 05:45:25,785 - INFO - No data found.
2026-09-28 05:45:25,785 - INFO - Fetching: Andhra Pradesh - Krishna | AB+Ve | Packed Red Blood Cells
2026-09-28 05:45:26,841 - INFO - Saved 14 rows.
2026-09-28 05:45:26,841 - INFO - Fetching: Andhra Pradesh - Krishna | AB+Ve | Fresh Frozen Plasma
2026-09-28 05:45:27,868 - INFO - Saved 14 rows.
2026-09-28 05:45:27,868 - INFO - Fetching: Andhra Pradesh - Krishna | AB+Ve | Platelet Rich Plasma
2026-09-28 05:45:28,950 - INFO - No data found.
2026-09-28 05:45:28,950 - INFO - Fetching: Andhra Pradesh - Krishna | AB-Ve | Packed Red Blood Cells
2026-09-28 05:45:29,999 - INFO - Saved 14 rows.
2026-09-28 05:45:29,999 - INFO - Fetching: Andhra Pradesh - Krishna | AB-Ve | Fresh Frozen Plasma
2026-09-28 05:45:31,039 - INFO - Saved 14 rows.
2026-09-28 05:45:31,039 - INFO - Fetching: Andhra Pradesh - Krishna | AB-Ve | Platelet Rich Plasma
2026-09-28 05:45:32,078 - INFO - No data found.
2026-09-28 05:45:32,078 - INFO - Fetching: Andhra Pradesh - Kurnool | A+Ve | Packed Red Blood Cells
2026-09-28 05:45:33,101 - INFO - Saved 22 rows.
2026-09-28 05:45:33,101 - INFO - Fetching: Andhra Pradesh - Kurnool | A+Ve | Fresh Frozen Plasma
2026-09-28 05:45:34,170 - INFO - Saved 22 rows.
2026-09-28 05:45:34,170 - INFO - Fetching: Andhra Pradesh - Kurnool | A+Ve | Platelet Rich Plasma
2026-09-28 05:45:35,196 - INFO - No data found.
2026-09-28 05:45:35,196 - INFO - Fetching: Andhra Pradesh - Kurnool | A-Ve | Packed Red Blood Cells
2026-09-28 05:45:36,316 - INFO - Saved 22 rows.
2026-09-28 05:45:36,316 - INFO - Fetching: Andhra Pradesh - Kurnool | A-Ve | Fresh Frozen Plasma
2026-09-28 05:45:37,331 - INFO - Saved 22 rows.
2026-09-28 05:45:37,331 - INFO - Fetching: Andhra Pradesh - Kurnool | A-Ve | Platelet Rich Plasma
2026-09-28 05:45:38,365 - INFO - No data found.
2026-09-28 05:45:38,365 - INFO - Fetching: Andhra Pradesh - Kurnool | B+Ve | Packed Red Blood Cells
2026-09-28 05:45:39,440 - INFO - Saved 22 rows.
2026-09-28 05:45:39,440 - INFO - Fetching: Andhra Pradesh - Kurnool | B+Ve | Fresh Frozen Plasma
2026-09-28 05:45:40,473 - INFO - Saved 22 rows.
2026-09-28 05:45:40,473 - INFO - Fetching: Andhra Pradesh - Kurnool | B+Ve | Platelet Rich Plasma
2026-09-28 05:45:41,667 - INFO - No data found.
2026-09-28 05:45:41,667 - INFO - Fetching: Andhra Pradesh - Kurnool | B-Ve | Packed Red Blood Cells
2026-09-28 05:45:42,720 - INFO - Saved 22 rows.
2026-09-28 05:45:42,720 - INFO - Fetching: Andhra Pradesh - Kurnool | B-Ve | Fresh Frozen Plasma
2026-09-28 05:45:43,764 - INFO - Saved 22 rows.
2026-09-28 05:45:43,764 - INFO - Fetching: Andhra Pradesh - Kurnool | B-Ve | Platelet Rich Plasma
2026-09-28 05:45:44,795 - INFO - No data found.
2026-09-28 05:45:44,795 - INFO - Fetching: Andhra Pradesh - Kurnool | O+Ve | Packed Red Blood Cells
2026-09-28 05:45:45,848 - INFO - Saved 22 rows.
2026-09-28 05:45:45,848 - INFO - Fetching: Andhra Pradesh - Kurnool | O+Ve | Fresh Frozen Plasma
2026-09-28 05:45:46,892 - INFO - Saved 22 rows.
2026-09-28 05:45:46,892 - INFO - Fetching: Andhra Pradesh - Kurnool | O+Ve | Platelet Rich Plasma
2026-09-28 05:45:48,037 - INFO - No data found.
2026-09-28 05:45:48,037 - INFO - Fetching: Andhra Pradesh - Kurnool | O-Ve | Packed Red Blood Cells
2026-09-28 05:45:49,067 - INFO - Saved 22 rows.
2026-09-28 05:45:49,067 - INFO - Fetching: Andhra Pradesh - Kurnool | O-Ve | Fresh Frozen Plasma
2026-09-28 05:45:50,109 - INFO - Saved 22 rows.
2026-09-28 05:45:50,109 - INFO - Fetching: Andhra Pradesh - Kurnool | O-Ve | Platelet Rich Plasma
2026-09-28 05:45:51,140 - INFO - No data found.
2026-09-28 05:45:51,140 - INFO - Fetching: Andhra Pradesh - Kurnool | AB+Ve | Packed Red Blood Cells
2026-09-28 05:45:52,165 - INFO - Saved 22 rows.
2026-09-28 05:45:52,165 - INFO - Fetching: Andhra Pradesh - Kurnool | AB+Ve | Fresh Frozen Plasma
2026-09-28 05:45:53,211 - INFO - Saved 22 rows.
2026-09-28 05:45:53,211 - INFO - Fetching: Andhra Pradesh - Kurnool | AB+Ve | Platelet Rich Plasma
2026-09-28 05:45:54,227 - INFO - No data found.
2026-09-28 05:45:54,227 - INFO - Fetching: Andhra Pradesh - Kurnool | AB-Ve | Packed Red Blood Cells
2026-09-28 05:45:55,252 - INFO - Saved 22 rows.
2026-09-28 05:45:55,252 - INFO - Fetching: Andhra Pradesh - Kurnool | AB-Ve | Fresh Frozen Plasma
2026-09-28 05:45:56,325 - INFO - Saved 22 rows.
2026-09-28 05:45:56,325 - INFO - Fetching: Andhra Pradesh - Kurnool | AB-Ve | Platelet Rich Plasma
2026-09-28 05:45:57,372 - INFO - No data found.
2026-09-28 05:45:57,372 - INFO - Fetching: Andhra Pradesh - Prakasam | A+Ve | Packed Red Blood Cells
2026-09-28 05:45:58,416 - INFO - Saved 18 rows.
2026-09-28 05:45:58,416 - INFO - Fetching: Andhra Pradesh - Prakasam | A+Ve | Fresh Frozen Plasma
2026-09-28 05:45:59,588 - INFO - Saved 18 rows.
2026-09-28 05:45:59,588 - INFO - Fetching: Andhra Pradesh - Prakasam | A+Ve | Platelet Rich Plasma
2026-09-28 05:46:00,601 - INFO - No data found.
2026-09-28 05:46:00,601 - INFO - Fetching: Andhra Pradesh - Prakasam | A-Ve | Packed Red Blood Cells
2026-09-28 05:46:01,637 - INFO - Saved 18 rows.
2026-09-28 05:46:01,637 - INFO - Fetching: Andhra Pradesh - Prakasam | A-Ve | Fresh Frozen Plasma
2026-09-28 05:46:02,679 - INFO - Saved 18 rows.
2026-09-28 05:46:02,679 - INFO - Fetching: Andhra Pradesh - Prakasam | A-Ve | Platelet Rich Plasma
2026-09-28 05:46:03,717 - INFO - No data found.
2026-09-28 05:46:03,717 - INFO - Fetching: Andhra Pradesh - Prakasam | B+Ve | Packed Red Blood Cells
2026-09-28 05:46:05,010 - INFO - Saved 18 rows.
2026-09-28 05:46:05,010 - INFO - Fetching: Andhra Pradesh - Prakasam | B+Ve | Fresh Frozen Plasma
2026-09-28 05:46:06,294 - INFO - Saved 18 rows.
2026-09-28 05:46:06,294 - INFO - Fetching: Andhra Pradesh - Prakasam | B+Ve | Platelet Rich Plasma
2026-09-28 05:46:07,592 - INFO - No data found.
2026-09-28 05:46:07,592 - INFO - Fetching: Andhra Pradesh - Prakasam | B-Ve | Packed Red Blood Cells
2026-09-28 05:46:08,874 - INFO - Saved 18 rows.
2026-09-28 05:46:08,874 - INFO - Fetching: Andhra Pradesh - Prakasam | B-Ve | Fresh Frozen Plasma
2026-09-28 05:46:09,906 - INFO - Saved 18 rows.
2026-09-28 05:46:09,906 - INFO - Fetching: Andhra Pradesh - Prakasam | B-Ve | Platelet Rich Plasma
2026-09-28 05:46:11,457 - INFO - No data found.
2026-09-28 05:46:11,457 - INFO - Fetching: Andhra Pradesh - Prakasam | O+Ve | Packed Red Blood Cells
2026-09-28 05:46:12,494 - INFO - Saved 18 rows.
2026-09-28 05:46:12,495 - INFO - Fetching: Andhra Pradesh - Prakasam | O+Ve | Fresh Frozen Plasma
2026-09-28 05:46:14,051 - INFO - Saved 18 rows.
2026-09-28 05:46:14,051 - INFO - Fetching: Andhra Pradesh - Prakasam | O+Ve | Platelet Rich Plasma
2026-09-28 05:46:15,631 - INFO - No data found.
2026-09-28 05:46:15,631 - INFO - Fetching: Andhra Pradesh - Prakasam | O-Ve | Packed Red Blood Cells
2026-09-28 05:46:16,687 - INFO - Saved 18 rows.
2026-09-28 05:46:16,687 - INFO - Fetching: Andhra Pradesh - Prakasam | O-Ve | Fresh Frozen Plasma
2026-09-28 05:46:18,228 - INFO - Saved 18 rows.
2026-09-28 05:46:18,228 - INFO - Fetching: Andhra Pradesh - Prakasam | O-Ve | Platelet Rich Plasma
2026-09-28 05:46:19,257 - INFO - No data found.
2026-09-28 05:46:19,257 - INFO - Fetching: Andhra Pradesh - Prakasam | AB+Ve | Packed Red Blood Cells
2026-09-28 05:46:20,275 - INFO - Saved 18 rows.
2026-09-28 05:46:20,276 - INFO - Fetching: Andhra Pradesh - Prakasam | AB+Ve | Fresh Frozen Plasma
2026-09-28 05:46:21,314 - INFO - Saved 18 rows.
2026-09-28 05:46:21,314 - INFO - Fetching: Andhra Pradesh - Prakasam | AB+Ve | Platelet Rich Plasma
2026-09-28 05:46:22,336 - INFO - No data found.
2026-09-28 05:46:22,336 - INFO - Fetching: Andhra Pradesh - Prakasam | AB-Ve | Packed Red Blood Cells
2026-09-28 05:46:23,928 - INFO - Saved 18 rows.
2026-09-28 05:46:23,928 - INFO - Fetching: Andhra Pradesh - Prakasam | AB-Ve | Fresh Frozen Plasma
2026-09-28 05:46:24,946 - INFO - Saved 18 rows.
2026-09-28 05:46:24,946 - INFO - Fetching: Andhra Pradesh - Prakasam | AB-Ve | Platelet Rich Plasma
2026-09-28 05:46:26,237 - INFO - No data found.
2026-09-28 05:46:26,237 - INFO - Fetching: Andhra Pradesh - Srikakulam | A+Ve | Packed Red Blood Cells
2026-09-28 05:46:27,285 - INFO - Saved 19 rows.
2026-09-28 05:46:27,285 - INFO - Fetching: Andhra Pradesh - Srikakulam | A+Ve | Fresh Frozen Plasma
2026-09-28 05:46:28,325 - INFO - Saved 18 rows.
2026-09-28 05:46:28,325 - INFO - Fetching: Andhra Pradesh - Srikakulam | A+Ve | Platelet Rich Plasma
2026-09-28 05:46:29,361 - INFO - No data found.
2026-09-28 05:46:29,361 - INFO - Fetching: Andhra Pradesh - Srikakulam | A-Ve | Packed Red Blood Cells
2026-09-28 05:46:30,406 - INFO - Saved 19 rows.
2026-09-28 05:46:30,406 - INFO - Fetching: Andhra Pradesh - Srikakulam | A-Ve | Fresh Frozen Plasma
2026-09-28 05:46:31,472 - INFO - Saved 18 rows.
2026-09-28 05:46:31,472 - INFO - Fetching: Andhra Pradesh - Srikakulam | A-Ve | Platelet Rich Plasma
2026-09-28 05:46:32,488 - INFO - No data found.
2026-09-28 05:46:32,489 - INFO - Fetching: Andhra Pradesh - Srikakulam | B+Ve | Packed Red Blood Cells
2026-09-28 05:46:33,514 - INFO - Saved 18 rows.
2026-09-28 05:46:33,514 - INFO - Fetching: Andhra Pradesh - Srikakulam | B+Ve | Fresh Frozen Plasma
2026-09-28 05:46:34,544 - INFO - Saved 19 rows.
2026-09-28 05:46:34,544 - INFO - Fetching: Andhra Pradesh - Srikakulam | B+Ve | Platelet Rich Plasma
2026-09-28 05:46:35,574 - INFO - No data found.
2026-09-28 05:46:35,574 - INFO - Fetching: Andhra Pradesh - Srikakulam | B-Ve | Packed Red Blood Cells
2026-09-28 05:46:36,611 - INFO - Saved 19 rows.
2026-09-28 05:46:36,611 - INFO - Fetching: Andhra Pradesh - Srikakulam | B-Ve | Fresh Frozen Plasma
2026-09-28 05:46:37,911 - INFO - Saved 19 rows.
2026-09-28 05:46:37,911 - INFO - Fetching: Andhra Pradesh - Srikakulam | B-Ve | Platelet Rich Plasma
2026-09-28 05:46:38,940 - INFO - No data found.
2026-09-28 05:46:38,940 - INFO - Fetching: Andhra Pradesh - Srikakulam | O+Ve | Packed Red Blood Cells
2026-09-28 05:46:39,983 - INFO - Saved 19 rows.
2026-09-28 05:46:39,983 - INFO - Fetching: Andhra Pradesh - Srikakulam | O+Ve | Fresh Frozen Plasma
2026-09-28 05:46:41,011 - INFO - Saved 19 rows.
2026-09-28 05:46:41,011 - INFO - Fetching: Andhra Pradesh - Srikakulam | O+Ve | Platelet Rich Plasma
2026-09-28 05:46:42,039 - INFO - No data found.
2026-09-28 05:46:42,039 - INFO - Fetching: Andhra Pradesh - Srikakulam | O-Ve | Packed Red Blood Cells
2026-09-28 05:46:43,122 - INFO - Saved 19 rows.
2026-09-28 05:46:43,122 - INFO - Fetching: Andhra Pradesh - Srikakulam | O-Ve | Fresh Frozen Plasma
2026-09-28 05:46:44,153 - INFO - Saved 19 rows.
2026-09-28 05:46:44,153 - INFO - Fetching: Andhra Pradesh - Srikakulam | O-Ve | Platelet Rich Plasma
2026-09-28 05:46:45,178 - INFO - No data found.
2026-09-28 05:46:45,178 - INFO - Fetching: Andhra Pradesh - Srikakulam | AB+Ve | Packed Red Blood Cells
2026-09-28 05:46:46,296 - INFO - Saved 19 rows.
2026-09-28 05:46:46,296 - INFO - Fetching: Andhra Pradesh - Srikakulam | AB+Ve | Fresh Frozen Plasma
2026-09-28 05:46:47,381 - INFO - Saved 19 rows.
2026-09-28 05:46:47,381 - INFO - Fetching: Andhra Pradesh - Srikakulam | AB+Ve | Platelet Rich Plasma
2026-09-28 05:46:48,411 - INFO - No data found.
2026-09-28 05:46:48,412 - INFO - Fetching: Andhra Pradesh - Srikakulam | AB-Ve | Packed Red Blood Cells
2026-09-28 05:46:49,626 - INFO - Saved 19 rows.
2026-09-28 05:46:49,626 - INFO - Fetching: Andhra Pradesh - Srikakulam | AB-Ve | Fresh Frozen Plasma
2026-09-28 05:46:50,680 - INFO - Saved 19 rows.
2026-09-28 05:46:50,680 - INFO - Fetching: Andhra Pradesh - Srikakulam | AB-Ve | Platelet Rich Plasma
2026-09-28 05:46:51,710 - INFO - No data found.
2026-09-28 05:46:51,710 - INFO - Fetching: Andhra Pradesh - Vizianagaram | A+Ve | Packed Red Blood Cells
2026-09-28 05:46:52,868 - INFO - Saved 17 rows.
2026-09-28 05:46:52,868 - INFO - Fetching: Andhra Pradesh - Vizianagaram | A+Ve | Fresh Frozen Plasma
2026-09-28 05:46:53,905 - INFO - Saved 17 rows.
2026-09-28 05:46:53,905 - INFO - Fetching: Andhra Pradesh - Vizianagaram | A+Ve | Platelet Rich Plasma
2026-09-28 05:46:54,944 - INFO - No data found.
2026-09-28 05:46:54,944 - INFO - Fetching: Andhra Pradesh - Vizianagaram | A-Ve | Packed Red Blood Cells
2026-09-28 05:46:55,969 - INFO - Saved 17 rows.
2026-09-28 05:46:55,969 - INFO - Fetching: Andhra Pradesh - Vizianagaram | A-Ve | Fresh Frozen Plasma
2026-09-28 05:46:57,051 - INFO - Saved 17 rows.
2026-09-28 05:46:57,052 - INFO - Fetching: Andhra Pradesh - Vizianagaram | A-Ve | Platelet Rich Plasma
2026-09-28 05:46:58,071 - INFO - No data found.
2026-09-28 05:46:58,071 - INFO - Fetching: Andhra Pradesh - Vizianagaram | B+Ve | Packed Red Blood Cells
2026-09-28 05:46:59,213 - INFO - Saved 17 rows.
2026-09-28 05:46:59,213 - INFO - Fetching: Andhra Pradesh - Vizianagaram | B+Ve | Fresh Frozen Plasma
2026-09-28 05:47:00,233 - INFO - Saved 17 rows.
2026-09-28 05:47:00,233 - INFO - Fetching: Andhra Pradesh - Vizianagaram | B+Ve | Platelet Rich Plasma
2026-09-28 05:47:01,257 - INFO - No data found.
2026-09-28 05:47:01,257 - INFO - Fetching: Andhra Pradesh - Vizianagaram | B-Ve | Packed Red Blood Cells
2026-09-28 05:47:02,298 - INFO - Saved 17 rows.
2026-09-28 05:47:02,298 - INFO - Fetching: Andhra Pradesh - Vizianagaram | B-Ve | Fresh Frozen Plasma
2026-09-28 05:47:03,356 - INFO - Saved 17 rows.
2026-09-28 05:47:03,356 - INFO - Fetching: Andhra Pradesh - Vizianagaram | B-Ve | Platelet Rich Plasma
2026-09-28 05:47:04,386 - INFO - No data found.
2026-09-28 05:47:04,386 - INFO - Fetching: Andhra Pradesh - Vizianagaram | O+Ve | Packed Red Blood Cells
2026-09-28 05:47:05,425 - INFO - Saved 17 rows.
2026-09-28 05:47:05,425 - INFO - Fetching: Andhra Pradesh - Vizianagaram | O+Ve | Fresh Frozen Plasma
2026-09-28 05:47:06,502 - INFO - Saved 17 rows.
2026-09-28 05:47:06,502 - INFO - Fetching: Andhra Pradesh - Vizianagaram | O+Ve | Platelet Rich Plasma
2026-09-28 05:47:07,537 - INFO - No data found.
2026-09-28 05:47:07,537 - INFO - Fetching: Andhra Pradesh - Vizianagaram | O-Ve | Packed Red Blood Cells
2026-09-28 05:47:08,574 - INFO - Saved 17 rows.
2026-09-28 05:47:08,575 - INFO - Fetching: Andhra Pradesh - Vizianagaram | O-Ve | Fresh Frozen Plasma
2026-09-28 05:47:09,632 - INFO - Saved 17 rows.
2026-09-28 05:47:09,632 - INFO - Fetching: Andhra Pradesh - Vizianagaram | O-Ve | Platelet Rich Plasma
2026-09-28 05:47:10,652 - INFO - No data found.
2026-09-28 05:47:10,653 - INFO - Fetching: Andhra Pradesh - Vizianagaram | AB+Ve | Packed Red Blood Cells
2026-09-28 05:47:11,690 - INFO - Saved 17 rows.
2026-09-28 05:47:11,690 - INFO - Fetching: Andhra Pradesh - Vizianagaram | AB+Ve | Fresh Frozen Plasma
2026-09-28 05:47:12,731 - INFO - Saved 17 rows.
2026-09-28 05:47:12,731 - INFO - Fetching: Andhra Pradesh - Vizianagaram | AB+Ve | Platelet Rich Plasma
2026-09-28 05:47:13,824 - INFO - No data found.
2026-09-28 05:47:13,824 - INFO - Fetching: Andhra Pradesh - Vizianagaram | AB-Ve | Packed Red Blood Cells
2026-09-28 05:47:14,864 - INFO - Saved 17 rows.
2026-09-28 05:47:14,864 - INFO - Fetching: Andhra Pradesh - Vizianagaram | AB-Ve | Fresh Frozen Plasma
2026-09-28 05:47:15,889 - INFO - Saved 17 rows.
2026-09-28 05:47:15,889 - INFO - Fetching: Andhra Pradesh - Vizianagaram | AB-Ve | Platelet Rich Plasma
2026-09-28 05:47:16,912 - INFO - No data found.
2026-09-28 05:47:16,912 - INFO - Fetching: Andhra Pradesh - West Godavari | A+Ve | Packed Red Blood Cells
2026-09-28 05:47:17,964 - INFO - Saved 17 rows.
2026-09-28 05:47:17,964 - INFO - Fetching: Andhra Pradesh - West Godavari | A+Ve | Fresh Frozen Plasma
2026-09-28 05:47:19,233 - INFO - Saved 17 rows.
2026-09-28 05:47:19,233 - INFO - Fetching: Andhra Pradesh - West Godavari | A+Ve | Platelet Rich Plasma
2026-09-28 05:47:20,273 - INFO - No data found.
2026-09-28 05:47:20,273 - INFO - Fetching: Andhra Pradesh - West Godavari | A-Ve | Packed Red Blood Cells
2026-09-28 05:47:21,325 - INFO - Saved 17 rows.
2026-09-28 05:47:21,325 - INFO - Fetching: Andhra Pradesh - West Godavari | A-Ve | Fresh Frozen Plasma
2026-09-28 05:47:22,377 - INFO - Saved 17 rows.
2026-09-28 05:47:22,377 - INFO - Fetching: Andhra Pradesh - West Godavari | A-Ve | Platelet Rich Plasma
2026-09-28 05:47:23,409 - INFO - No data found.
2026-09-28 05:47:23,409 - INFO - Fetching: Andhra Pradesh - West Godavari | B+Ve | Packed Red Blood Cells
2026-09-28 05:47:24,435 - INFO - Saved 17 rows.
2026-09-28 05:47:24,435 - INFO - Fetching: Andhra Pradesh - West Godavari | B+Ve | Fresh Frozen Plasma
2026-09-28 05:47:25,474 - INFO - Saved 17 rows.
2026-09-28 05:47:25,474 - INFO - Fetching: Andhra Pradesh - West Godavari | B+Ve | Platelet Rich Plasma
2026-09-28 05:47:26,496 - INFO - No data found.
2026-09-28 05:47:26,497 - INFO - Fetching: Andhra Pradesh - West Godavari | B-Ve | Packed Red Blood Cells
2026-09-28 05:47:27,532 - INFO - Saved 17 rows.
2026-09-28 05:47:27,532 - INFO - Fetching: Andhra Pradesh - West Godavari | B-Ve | Fresh Frozen Plasma
2026-09-28 05:47:28,571 - INFO - Saved 17 rows.
2026-09-28 05:47:28,571 - INFO - Fetching: Andhra Pradesh - West Godavari | B-Ve | Platelet Rich Plasma
2026-09-28 05:47:29,582 - INFO - No data found.
2026-09-28 05:47:29,582 - INFO - Fetching: Andhra Pradesh - West Godavari | O+Ve | Packed Red Blood Cells
2026-09-28 05:47:30,648 - INFO - Saved 17 rows.
2026-09-28 05:47:30,648 - INFO - Fetching: Andhra Pradesh - West Godavari | O+Ve | Fresh Frozen Plasma
2026-09-28 05:47:31,748 - INFO - Saved 17 rows.
2026-09-28 05:47:31,748 - INFO - Fetching: Andhra Pradesh - West Godavari | O+Ve | Platelet Rich Plasma
2026-09-28 05:47:32,764 - INFO - No data found.
2026-09-28 05:47:32,764 - INFO - Fetching: Andhra Pradesh - West Godavari | O-Ve | Packed Red Blood Cells
2026-09-28 05:47:33,788 - INFO - Saved 17 rows.
2026-09-28 05:47:33,788 - INFO - Fetching: Andhra Pradesh - West Godavari | O-Ve | Fresh Frozen Plasma
2026-09-28 05:47:34,814 - INFO - Saved 17 rows.
2026-09-28 05:47:34,814 - INFO - Fetching: Andhra Pradesh - West Godavari | O-Ve | Platelet Rich Plasma
2026-09-28 05:47:35,850 - INFO - No data found.
2026-09-28 05:47:35,850 - INFO - Fetching: Andhra Pradesh - West Godavari | AB+Ve | Packed Red Blood Cells
2026-09-28 05:47:36,911 - INFO - Saved 17 rows.
2026-09-28 05:47:36,911 - INFO - Fetching: Andhra Pradesh - West Godavari | AB+Ve | Fresh Frozen Plasma
2026-09-28 05:47:37,951 - INFO - Saved 17 rows.
2026-09-28 05:47:37,951 - INFO - Fetching: Andhra Pradesh - West Godavari | AB+Ve | Platelet Rich Plasma
2026-09-28 05:47:38,985 - INFO - No data found.
2026-09-28 05:47:38,986 - INFO - Fetching: Andhra Pradesh - West Godavari | AB-Ve | Packed Red Blood Cells
2026-09-28 05:47:40,025 - INFO - Saved 17 rows.
2026-09-28 05:47:40,025 - INFO - Fetching: Andhra Pradesh - West Godavari | AB-Ve | Fresh Frozen Plasma
2026-09-28 05:47:41,070 - INFO - Saved 17 rows.
2026-09-28 05:47:41,070 - INFO - Fetching: Andhra Pradesh - West Godavari | AB-Ve | Platelet Rich Plasma
2026-09-28 05:47:42,101 - INFO - No data found.
2026-09-28 05:47:42,101 - INFO - Collection complete. Fetched 2045 total records to blood_data.csv.
2026-09-29 06:01:46,183 - INFO - Loaded master data from cache.
2026-09-29 06:01:46,183 - INFO - Fetching: Andhra Pradesh - Alluri Sitharama Raju | A+Ve | Packed Red Blood Cells
2026-09-29 06:01:47,307 - INFO - Saved 5 rows.
2026-09-29 06:01:47,307 - INFO - Fetching: Andhra Pradesh - Alluri Sitharama Raju | A+Ve | Fresh Frozen Plasma
2026-09-29 06:01:48,487 - INFO - Saved 5 rows.
2026-09-29 06:01:48,487 - INFO - Fetching: Andhra Pradesh - Alluri Sitharama Raju | A+Ve | Platelet Rich Plasma
2026-09-29 06:01:49,627 - INFO - No data found.
2026-09-29 06:01:49,627 - INFO - Fetching: Andhra Pradesh - Alluri Sitharama Raju | A-Ve | Packed Red Blood Cells
2026-09-29 06:01:50,718 - INFO - Saved 5 rows.
2026-09-29 06:01:50,718 - INFO - Fetching: Andhra Pradesh - Alluri Sitharama Raju | A-Ve | Fresh Frozen Plasma
2026-09-29 06:01:52,267 - INFO - Saved 5 rows.
2026-09-29 06:01:52,267 - INFO - Fetching: Andhra Pradesh - Alluri Sitharama Raju | A-Ve | Platelet Rich Plasma
2026-09-29 06:01:53,378 - INFO - No data found.
2026-09-29 06:01:53,378 - INFO - Fetching: Andhra Pradesh - Alluri Sitharama Raju | B+Ve | Packed Red Blood Cells
2026-09-29 06:01:54,429 - INFO - Saved 5 rows.
2026-09-29 06:01:54,429 - INFO - Fetching: Andhra Pradesh - Alluri Sitharama Raju | B+Ve | Fresh Frozen Plasma
2026-09-29 06:01:55,363 - INFO - Saved 5 rows.
2026-09-29 06:01:55,363 - INFO - Fetching: Andhra Pradesh - Alluri Sitharama Raju | B+Ve | Platelet Rich Plasma
2026-09-29 06:01:56,947 - INFO - No data found.
2026-09-29 06:01:56,947 - INFO - Fetching: Andhra Pradesh - Alluri Sitharama Raju | B-Ve | Packed Red Blood Cells
2026-09-29 06:01:58,078 - INFO - Saved 5 rows.
2026-09-29 06:01:58,078 - INFO - Fetching: Andhra Pradesh - Alluri Sitharama Raju | B-Ve | Fresh Frozen Plasma
2026-09-29 06:01:59,488 - INFO - Saved 5 rows.
2026-09-29 06:01:59,488 - INFO - Fetching: Andhra Pradesh - Alluri Sitharama Raju | B-Ve | Platelet Rich Plasma
2026-09-29 06:02:00,381 - INFO - No data found.
2026-09-29 06:02:00,381 - INFO - Fetching: Andhra Pradesh - Alluri Sitharama Raju | O+Ve | Packed Red Blood Cells
2026-09-29 06:02:01,843 - INFO - Saved 5 rows.
2026-09-29 06:02:01,843 - INFO - Fetching: Andhra Pradesh - Alluri Sitharama Raju | O+Ve | Fresh Frozen Plasma
2026-09-29 06:02:02,782 - INFO - Saved 5 rows.
2026-09-29 06:02:02,783 - INFO - Fetching: Andhra Pradesh - Alluri Sitharama Raju | O+Ve | Platelet Rich Plasma
2026-09-29 06:02:03,824 - INFO - No data found.
2026-09-29 06:02:03,824 - INFO - Fetching: Andhra Pradesh - Alluri Sitharama Raju | O-Ve | Packed Red Blood Cells
2026-09-29 06:02:04,886 - INFO - Saved 5 rows.
2026-09-29 06:02:04,886 - INFO - Fetching: Andhra Pradesh - Alluri Sitharama Raju | O-Ve | Fresh Frozen Plasma
2026-09-29 06:02:06,143 - INFO - Saved 5 rows.
2026-09-29 06:02:06,143 - INFO - Fetching: Andhra Pradesh - Alluri Sitharama Raju | O-Ve | Platelet Rich Plasma
2026-09-29 06:02:07,204 - INFO - No data found.
2026-09-29 06:02:07,205 - INFO - Fetching: Andhra Pradesh - Alluri Sitharama Raju | AB+Ve | Packed Red Blood Cells
2026-09-29 06:02:08,117 - INFO - Saved 5 rows.
2026-09-29 06:02:08,117 - INFO - Fetching: Andhra Pradesh - Alluri Sitharama Raju | AB+Ve | Fresh Frozen Plasma
2026-09-29 06:02:09,025 - INFO - Saved 5 rows.
2026-09-29 06:02:09,025 - INFO - Fetching: Andhra Pradesh - Alluri Sitharama Raju | AB+Ve | Platelet Rich Plasma
2026-09-29 06:02:10,311 - INFO - No data found.
2026-09-29 06:02:10,311 - INFO - Fetching: Andhra Pradesh - Alluri Sitharama Raju | AB-Ve | Packed Red Blood Cells
2026-09-29 06:02:11,484 - INFO - Saved 5 rows.
2026-09-29 06:02:11,485 - INFO - Fetching: Andhra Pradesh - Alluri Sitharama Raju | AB-Ve | Fresh Frozen Plasma
2026-09-29 06:02:12,881 - INFO - Saved 5 rows.
2026-09-29 06:02:12,882 - INFO - Fetching: Andhra Pradesh - Alluri Sitharama Raju | AB-Ve | Platelet Rich Plasma
2026-09-29 06:02:14,042 - INFO - No data found.
2026-09-29 06:02:14,042 - INFO - Fetching: Andhra Pradesh - East Godavari | A+Ve | Packed Red Blood Cells
2026-09-29 06:02:15,693 - INFO - Saved 16 rows.
2026-09-29 06:02:15,693 - INFO - Fetching: Andhra Pradesh - East Godavari | A+Ve | Fresh Frozen Plasma
2026-09-29 06:02:17,409 - INFO - Saved 16 rows.
2026-09-29 06:02:17,409 - INFO - Fetching: Andhra Pradesh - East Godavari | A+Ve | Platelet Rich Plasma
2026-09-29 06:02:18,267 - INFO - No data found.
2026-09-29 06:02:18,267 - INFO - Fetching: Andhra Pradesh - East Godavari | A-Ve | Packed Red Blood Cells
2026-09-29 06:02:19,374 - INFO - Saved 16 rows.
2026-09-29 06:02:19,374 - INFO - Fetching: Andhra Pradesh - East Godavari | A-Ve | Fresh Frozen Plasma
2026-09-29 06:02:20,683 - INFO - Saved 16 rows.
2026-09-29 06:02:20,683 - INFO - Fetching: Andhra Pradesh - East Godavari | A-Ve | Platelet Rich Plasma
2026-09-29 06:02:21,647 - INFO - No data found.
2026-09-29 06:02:21,647 - INFO - Fetching: Andhra Pradesh - East Godavari | B+Ve | Packed Red Blood Cells
2026-09-29 06:02:22,586 - INFO - Saved 16 rows.
2026-09-29 06:02:22,586 - INFO - Fetching: Andhra Pradesh - East Godavari | B+Ve | Fresh Frozen Plasma
2026-09-29 06:02:24,016 - INFO - Saved 16 rows.
2026-09-29 06:02:24,016 - INFO - Fetching: Andhra Pradesh - East Godavari | B+Ve | Platelet Rich Plasma
2026-09-29 06:02:25,061 - INFO - No data found.
2026-09-29 06:02:25,061 - INFO - Fetching: Andhra Pradesh - East Godavari | B-Ve | Packed Red Blood Cells
2026-09-29 06:02:26,673 - INFO - Saved 16 rows.
2026-09-29 06:02:26,673 - INFO - Fetching: Andhra Pradesh - East Godavari | B-Ve | Fresh Frozen Plasma
2026-09-29 06:02:27,711 - INFO - Saved 16 rows.
2026-09-29 06:02:27,711 - INFO - Fetching: Andhra Pradesh - East Godavari | B-Ve | Platelet Rich Plasma
2026-09-29 06:02:28,785 - INFO - No data found.
2026-09-29 06:02:28,785 - INFO - Fetching: Andhra Pradesh - East Godavari | O+Ve | Packed Red Blood Cells
2026-09-29 06:02:29,923 - INFO - Saved 16 rows.
2026-09-29 06:02:29,923 - INFO - Fetching: Andhra Pradesh - East Godavari | O+Ve | Fresh Frozen Plasma
2026-09-29 06:02:31,306 - INFO - Saved 16 rows.
2026-09-29 06:02:31,306 - INFO - Fetching: Andhra Pradesh - East Godavari | O+Ve | Platelet Rich Plasma
2026-09-29 06:02:32,350 - INFO - No data found.
2026-09-29 06:02:32,350 - INFO - Fetching: Andhra Pradesh - East Godavari | O-Ve | Packed Red Blood Cells
2026-09-29 06:02:33,293 - INFO - Saved 16 rows.
2026-09-29 06:02:33,293 - INFO - Fetching: Andhra Pradesh - East Godavari | O-Ve | Fresh Frozen Plasma
2026-09-29 06:02:34,433 - INFO - Saved 16 rows.
2026-09-29 06:02:34,433 - INFO - Fetching: Andhra Pradesh - East Godavari | O-Ve | Platelet Rich Plasma
2026-09-29 06:02:35,721 - INFO - No data found.
2026-09-29 06:02:35,721 - INFO - Fetching: Andhra Pradesh - East Godavari | AB+Ve | Packed Red Blood Cells
2026-09-29 06:02:36,858 - INFO - Saved 16 rows.
2026-09-29 06:02:36,858 - INFO - Fetching: Andhra Pradesh - East Godavari | AB+Ve | Fresh Frozen Plasma
2026-09-29 06:02:37,747 - INFO - Saved 16 rows.
2026-09-29 06:02:37,747 - INFO - Fetching: Andhra Pradesh - East Godavari | AB+Ve | Platelet Rich Plasma
2026-09-29 06:02:38,871 - INFO - No data found.
2026-09-29 06:02:38,872 - INFO - Fetching: Andhra Pradesh - East Godavari | AB-Ve | Packed Red Blood Cells
2026-09-29 06:02:39,775 - INFO - Saved 16 rows.
2026-09-29 06:02:39,775 - INFO - Fetching: Andhra Pradesh - East Godavari | AB-Ve | Fresh Frozen Plasma
2026-09-29 06:02:41,048 - INFO - Saved 16 rows.
2026-09-29 06:02:41,048 - INFO - Fetching: Andhra Pradesh - East Godavari | AB-Ve | Platelet Rich Plasma
2026-09-29 06:02:42,323 - INFO - No data found.
2026-09-29 06:02:42,323 - INFO - Fetching: Andhra Pradesh - Krishna | A+Ve | Packed Red Blood Cells
2026-09-29 06:02:43,456 - INFO - Saved 14 rows.
2026-09-29 06:02:43,456 - INFO - Fetching: Andhra Pradesh - Krishna | A+Ve | Fresh Frozen Plasma
2026-09-29 06:02:44,522 - INFO - Saved 14 rows.
2026-09-29 06:02:44,523 - INFO - Fetching: Andhra Pradesh - Krishna | A+Ve | Platelet Rich Plasma
2026-09-29 06:02:45,397 - INFO - No data found.
2026-09-29 06:02:45,397 - INFO - Fetching: Andhra Pradesh - Krishna | A-Ve | Packed Red Blood Cells
2026-09-29 06:02:46,284 - INFO - Saved 14 rows.
2026-09-29 06:02:46,284 - INFO - Fetching: Andhra Pradesh - Krishna | A-Ve | Fresh Frozen Plasma
2026-09-29 06:02:47,143 - INFO - Saved 14 rows.
2026-09-29 06:02:47,143 - INFO - Fetching: Andhra Pradesh - Krishna | A-Ve | Platelet Rich Plasma
2026-09-29 06:02:48,210 - INFO - No data found.
2026-09-29 06:02:48,210 - INFO - Fetching: Andhra Pradesh - Krishna | B+Ve | Packed Red Blood Cells
2026-09-29 06:02:49,068 - INFO - Saved 14 rows.
2026-09-29 06:02:49,069 - INFO - Fetching: Andhra Pradesh - Krishna | B+Ve | Fresh Frozen Plasma
2026-09-29 06:02:49,952 - INFO - Saved 14 rows.
2026-09-29 06:02:49,952 - INFO - Fetching: Andhra Pradesh - Krishna | B+Ve | Platelet Rich Plasma
2026-09-29 06:02:51,017 - INFO - No data found.
2026-09-29 06:02:51,017 - INFO - Fetching: Andhra Pradesh - Krishna | B-Ve | Packed Red Blood Cells
2026-09-29 06:02:52,090 - INFO - Saved 14 rows.
2026-09-29 06:02:52,090 - INFO - Fetching: Andhra Pradesh - Krishna | B-Ve | Fresh Frozen Plasma
2026-09-29 06:02:53,035 - INFO - Saved 14 rows.
2026-09-29 06:02:53,036 - INFO - Fetching: Andhra Pradesh - Krishna | B-Ve | Platelet Rich Plasma
2026-09-29 06:02:53,914 - INFO - No data found.
2026-09-29 06:02:53,914 - INFO - Fetching: Andhra Pradesh - Krishna | O+Ve | Packed Red Blood Cells
2026-09-29 06:02:55,267 - INFO - Saved 14 rows.
2026-09-29 06:02:55,267 - INFO - Fetching: Andhra Pradesh - Krishna | O+Ve | Fresh Frozen Plasma
2026-09-29 06:02:56,565 - INFO - Saved 14 rows.
2026-09-29 06:02:56,565 - INFO - Fetching: Andhra Pradesh - Krishna | O+Ve | Platelet Rich Plasma
2026-09-29 06:02:57,470 - INFO - No data found.
2026-09-29 06:02:57,470 - INFO - Fetching: Andhra Pradesh - Krishna | O-Ve | Packed Red Blood Cells
2026-09-29 06:02:58,958 - INFO - Saved 14 rows.
2026-09-29 06:02:58,958 - INFO - Fetching: Andhra Pradesh - Krishna | O-Ve | Fresh Frozen Plasma
2026-09-29 06:02:59,897 - INFO - Saved 14 rows.
2026-09-29 06:02:59,897 - INFO - Fetching: Andhra Pradesh - Krishna | O-Ve | Platelet Rich Plasma
2026-09-29 06:03:01,013 - INFO - No data found.
2026-09-29 06:03:01,013 - INFO - Fetching: Andhra Pradesh - Krishna | AB+Ve | Packed Red Blood Cells
2026-09-29 06:03:02,171 - INFO - Saved 14 rows.
2026-09-29 06:03:02,171 - INFO - Fetching: Andhra Pradesh - Krishna | AB+Ve | Fresh Frozen Plasma
2026-09-29 06:03:03,264 - INFO - Saved 14 rows.
2026-09-29 06:03:03,264 - INFO - Fetching: Andhra Pradesh - Krishna | AB+Ve | Platelet Rich Plasma
2026-09-29 06:03:04,315 - INFO - No data found.
2026-09-29 06:03:04,316 - INFO - Fetching: Andhra Pradesh - Krishna | AB-Ve | Packed Red Blood Cells
2026-09-29 06:03:05,201 - INFO - Saved 14 rows.
2026-09-29 06:03:05,201 - INFO - Fetching: Andhra Pradesh - Krishna | AB-Ve | Fresh Frozen Plasma
2026-09-29 06:03:06,080 - INFO - Saved 14 rows.
2026-09-29 06:03:06,080 - INFO - Fetching: Andhra Pradesh - Krishna | AB-Ve | Platelet Rich Plasma
2026-09-29 06:03:07,115 - INFO - No data found.
2026-09-29 06:03:07,116 - INFO - Fetching: Andhra Pradesh - Kurnool | A+Ve | Packed Red Blood Cells
2026-09-29 06:03:08,050 - INFO - Saved 22 rows.
2026-09-29 06:03:08,050 - INFO - Fetching: Andhra Pradesh - Kurnool | A+Ve | Fresh Frozen Plasma
2026-09-29 06:03:08,933 - INFO - Saved 22 rows.
2026-09-29 06:03:08,933 - INFO - Fetching: Andhra Pradesh - Kurnool | A+Ve | Platelet Rich Plasma
2026-09-29 06:03:09,861 - INFO - No data found.
2026-09-29 06:03:09,861 - INFO - Fetching: Andhra Pradesh - Kurnool | A-Ve | Packed Red Blood Cells
2026-09-29 06:03:10,796 - INFO - Saved 22 rows.
2026-09-29 06:03:10,797 - INFO - Fetching: Andhra Pradesh - Kurnool | A-Ve | Fresh Frozen Plasma
2026-09-29 06:03:11,678 - INFO - Saved 22 rows.
2026-09-29 06:03:11,678 - INFO - Fetching: Andhra Pradesh - Kurnool | A-Ve | Platelet Rich Plasma
2026-09-29 06:03:12,753 - INFO - No data found.
2026-09-29 06:03:12,753 - INFO - Fetching: Andhra Pradesh - Kurnool | B+Ve | Packed Red Blood Cells
2026-09-29 06:03:13,795 - INFO - Saved 22 rows.
2026-09-29 06:03:13,795 - INFO - Fetching: Andhra Pradesh - Kurnool | B+Ve | Fresh Frozen Plasma
2026-09-29 06:03:14,679 - INFO - Saved 22 rows.
2026-09-29 06:03:14,679 - INFO - Fetching: Andhra Pradesh - Kurnool | B+Ve | Platelet Rich Plasma
2026-09-29 06:03:15,900 - INFO - No data found.
2026-09-29 06:03:15,900 - INFO - Fetching: Andhra Pradesh - Kurnool | B-Ve | Packed Red Blood Cells
2026-09-29 06:03:17,060 - INFO - Saved 22 rows.
2026-09-29 06:03:17,060 - INFO - Fetching: Andhra Pradesh - Kurnool | B-Ve | Fresh Frozen Plasma
2026-09-29 06:03:18,182 - INFO - Saved 22 rows.
2026-09-29 06:03:18,182 - INFO - Fetching: Andhra Pradesh - Kurnool | B-Ve | Platelet Rich Plasma
2026-09-29 06:03:19,336 - INFO - No data found.
2026-09-29 06:03:19,336 - INFO - Fetching: Andhra Pradesh - Kurnool | O+Ve | Packed Red Blood Cells
2026-09-29 06:03:20,490 - INFO - Saved 22 rows.
2026-09-29 06:03:20,490 - INFO - Fetching: Andhra Pradesh - Kurnool | O+Ve | Fresh Frozen Plasma
2026-09-29 06:03:21,806 - INFO - Saved 22 rows.
2026-09-29 06:03:21,806 - INFO - Fetching: Andhra Pradesh - Kurnool | O+Ve | Platelet Rich Plasma
2026-09-29 06:03:23,088 - INFO - No data found.
2026-09-29 06:03:23,088 - INFO - Fetching: Andhra Pradesh - Kurnool | O-Ve | Packed Red Blood Cells
2026-09-29 06:03:24,184 - INFO - Saved 22 rows.
2026-09-29 06:03:24,184 - INFO - Fetching: Andhra Pradesh - Kurnool | O-Ve | Fresh Frozen Plasma
2026-09-29 06:03:25,124 - INFO - Saved 22 rows.
2026-09-29 06:03:25,124 - INFO - Fetching: Andhra Pradesh - Kurnool | O-Ve | Platelet Rich Plasma
2026-09-29 06:03:26,341 - INFO - No data found.
2026-09-29 06:03:26,341 - INFO - Fetching: Andhra Pradesh - Kurnool | AB+Ve | Packed Red Blood Cells
2026-09-29 06:03:27,456 - INFO - Saved 22 rows.
2026-09-29 06:03:27,456 - INFO - Fetching: Andhra Pradesh - Kurnool | AB+Ve | Fresh Frozen Plasma
2026-09-29 06:03:28,396 - INFO - Saved 22 rows.
2026-09-29 06:03:28,396 - INFO - Fetching: Andhra Pradesh - Kurnool | AB+Ve | Platelet Rich Plasma
2026-09-29 06:03:29,689 - INFO - No data found.
2026-09-29 06:03:29,689 - INFO - Fetching: Andhra Pradesh - Kurnool | AB-Ve | Packed Red Blood Cells
2026-09-29 06:03:30,729 - INFO - Saved 22 rows.
2026-09-29 06:03:30,729 - INFO - Fetching: Andhra Pradesh - Kurnool | AB-Ve | Fresh Frozen Plasma
2026-09-29 06:03:31,803 - INFO - Saved 22 rows.
2026-09-29 06:03:31,803 - INFO - Fetching: Andhra Pradesh - Kurnool | AB-Ve | Platelet Rich Plasma
2026-09-29 06:03:32,677 - INFO - No data found.
2026-09-29 06:03:32,678 - INFO - Fetching: Andhra Pradesh - Prakasam | A+Ve | Packed Red Blood Cells
2026-09-29 06:03:33,833 - INFO - Saved 18 rows.
2026-09-29 06:03:33,833 - INFO - Fetching: Andhra Pradesh - Prakasam | A+Ve | Fresh Frozen Plasma
2026-09-29 06:03:34,874 - INFO - Saved 18 rows.
2026-09-29 06:03:34,874 - INFO - Fetching: Andhra Pradesh - Prakasam | A+Ve | Platelet Rich Plasma
2026-09-29 06:03:36,078 - INFO - No data found.
2026-09-29 06:03:36,078 - INFO - Fetching: Andhra Pradesh - Prakasam | A-Ve | Packed Red Blood Cells
2026-09-29 06:03:36,979 - INFO - Saved 18 rows.
2026-09-29 06:03:36,980 - INFO - Fetching: Andhra Pradesh - Prakasam | A-Ve | Fresh Frozen Plasma
2026-09-29 06:03:37,859 - INFO - Saved 18 rows.
2026-09-29 06:03:37,859 - INFO - Fetching: Andhra Pradesh - Prakasam | A-Ve | Platelet Rich Plasma
2026-09-29 06:03:38,753 - INFO - No data found.
2026-09-29 06:03:38,753 - INFO - Fetching: Andhra Pradesh - Prakasam | B+Ve | Packed Red Blood Cells
2026-09-29 06:03:39,644 - INFO - Saved 18 rows.
2026-09-29 06:03:39,644 - INFO - Fetching: Andhra Pradesh - Prakasam | B+Ve | Fresh Frozen Plasma
2026-09-29 06:03:40,503 - INFO - Saved 18 rows.
2026-09-29 06:03:40,503 - INFO - Fetching: Andhra Pradesh - Prakasam | B+Ve | Platelet Rich Plasma
2026-09-29 06:03:41,721 - INFO - No data found.
2026-09-29 06:03:41,721 - INFO - Fetching: Andhra Pradesh - Prakasam | B-Ve | Packed Red Blood Cells
2026-09-29 06:03:43,059 - INFO - Saved 18 rows.
2026-09-29 06:03:43,059 - INFO - Fetching: Andhra Pradesh - Prakasam | B-Ve | Fresh Frozen Plasma
2026-09-29 06:03:44,003 - INFO - Saved 18 rows.
2026-09-29 06:03:44,003 - INFO - Fetching: Andhra Pradesh - Prakasam | B-Ve | Platelet Rich Plasma
2026-09-29 06:03:44,884 - INFO - No data found.
2026-09-29 06:03:44,884 - INFO - Fetching: Andhra Pradesh - Prakasam | O+Ve | Packed Red Blood Cells
2026-09-29 06:03:45,743 - INFO - Saved 18 rows.
2026-09-29 06:03:45,743 - INFO - Fetching: Andhra Pradesh - Prakasam | O+Ve | Fresh Frozen Plasma
2026-09-29 06:03:46,603 - INFO - Saved 18 rows.
2026-09-29 06:03:46,603 - INFO - Fetching: Andhra Pradesh - Prakasam | O+Ve | Platelet Rich Plasma
2026-09-29 06:03:47,935 - INFO - No data found.
2026-09-29 06:03:47,935 - INFO - Fetching: Andhra Pradesh - Prakasam | O-Ve | Packed Red Blood Cells
2026-09-29 06:03:49,029 - INFO - Saved 18 rows.
2026-09-29 06:03:49,029 - INFO - Fetching: Andhra Pradesh - Prakasam | O-Ve | Fresh Frozen Plasma
2026-09-29 06:03:49,912 - INFO - Saved 18 rows.
2026-09-29 06:03:49,912 - INFO - Fetching: Andhra Pradesh - Prakasam | O-Ve | Platelet Rich Plasma
2026-09-29 06:03:50,959 - INFO - No data found.
2026-09-29 06:03:50,959 - INFO - Fetching: Andhra Pradesh - Prakasam | AB+Ve | Packed Red Blood Cells
2026-09-29 06:03:51,845 - INFO - Saved 18 rows.
2026-09-29 06:03:51,845 - INFO - Fetching: Andhra Pradesh - Prakasam | AB+Ve | Fresh Frozen Plasma
2026-09-29 06:03:52,966 - INFO - Saved 18 rows.
2026-09-29 06:03:52,966 - INFO - Fetching: Andhra Pradesh - Prakasam | AB+Ve | Platelet Rich Plasma
2026-09-29 06:03:54,109 - INFO - No data found.
2026-09-29 06:03:54,109 - INFO - Fetching: Andhra Pradesh - Prakasam | AB-Ve | Packed Red Blood Cells
2026-09-29 06:03:55,206 - INFO - Saved 18 rows.
2026-09-29 06:03:55,206 - INFO - Fetching: Andhra Pradesh - Prakasam | AB-Ve | Fresh Frozen Plasma
2026-09-29 06:03:56,113 - INFO - Saved 18 rows.
2026-09-29 06:03:56,113 - INFO - Fetching: Andhra Pradesh - Prakasam | AB-Ve | Platelet Rich Plasma
2026-09-29 06:03:57,207 - INFO - No data found.
2026-09-29 06:03:57,207 - INFO - Fetching: Andhra Pradesh - Srikakulam | A+Ve | Packed Red Blood Cells
2026-09-29 06:03:58,290 - INFO - Saved 18 rows.
2026-09-29 06:03:58,291 - INFO - Fetching: Andhra Pradesh - Srikakulam | A+Ve | Fresh Frozen Plasma
2026-09-29 06:03:59,653 - INFO - Saved 17 rows.
2026-09-29 06:03:59,653 - INFO - Fetching: Andhra Pradesh - Srikakulam | A+Ve | Platelet Rich Plasma
2026-09-29 06:04:00,765 - INFO - No data found.
2026-09-29 06:04:00,765 - INFO - Fetching: Andhra Pradesh - Srikakulam | A-Ve | Packed Red Blood Cells
2026-09-29 06:04:01,644 - INFO - Saved 18 rows.
2026-09-29 06:04:01,644 - INFO - Fetching: Andhra Pradesh - Srikakulam | A-Ve | Fresh Frozen Plasma
2026-09-29 06:04:02,745 - INFO - Saved 17 rows.
2026-09-29 06:04:02,745 - INFO - Fetching: Andhra Pradesh - Srikakulam | A-Ve | Platelet Rich Plasma
2026-09-29 06:04:03,777 - INFO - No data found.
2026-09-29 06:04:03,778 - INFO - Fetching: Andhra Pradesh - Srikakulam | B+Ve | Packed Red Blood Cells
2026-09-29 06:04:05,177 - INFO - Saved 18 rows.
2026-09-29 06:04:05,177 - INFO - Fetching: Andhra Pradesh - Srikakulam | B+Ve | Fresh Frozen Plasma
2026-09-29 06:04:06,215 - INFO - Saved 17 rows.
2026-09-29 06:04:06,215 - INFO - Fetching: Andhra Pradesh - Srikakulam | B+Ve | Platelet Rich Plasma
2026-09-29 06:04:07,901 - INFO - No data found.
2026-09-29 06:04:07,901 - INFO - Fetching: Andhra Pradesh - Srikakulam | B-Ve | Packed Red Blood Cells
2026-09-29 06:04:09,032 - INFO - Saved 18 rows.
2026-09-29 06:04:09,032 - INFO - Fetching: Andhra Pradesh - Srikakulam | B-Ve | Fresh Frozen Plasma
2026-09-29 06:04:10,206 - INFO - Saved 17 rows.
2026-09-29 06:04:10,207 - INFO - Fetching: Andhra Pradesh - Srikakulam | B-Ve | Platelet Rich Plasma
2026-09-29 06:04:11,142 - INFO - No data found.
2026-09-29 06:04:11,143 - INFO - Fetching: Andhra Pradesh - Srikakulam | O+Ve | Packed Red Blood Cells
2026-09-29 06:04:12,681 - INFO - Saved 18 rows.
2026-09-29 06:04:12,681 - INFO - Fetching: Andhra Pradesh - Srikakulam | O+Ve | Fresh Frozen Plasma
2026-09-29 06:04:13,589 - INFO - Saved 17 rows.
2026-09-29 06:04:13,589 - INFO - Fetching: Andhra Pradesh - Srikakulam | O+Ve | Platelet Rich Plasma
2026-09-29 06:04:14,841 - INFO - No data found.
2026-09-29 06:04:14,841 - INFO - Fetching: Andhra Pradesh - Srikakulam | O-Ve | Packed Red Blood Cells
2026-09-29 06:04:15,882 - INFO - Saved 18 rows.
2026-09-29 06:04:15,882 - INFO - Fetching: Andhra Pradesh - Srikakulam | O-Ve | Fresh Frozen Plasma
2026-09-29 06:04:16,743 - INFO - Saved 17 rows.
2026-09-29 06:04:16,743 - INFO - Fetching: Andhra Pradesh - Srikakulam | O-Ve | Platelet Rich Plasma
2026-09-29 06:04:17,620 - INFO - No data found.
2026-09-29 06:04:17,620 - INFO - Fetching: Andhra Pradesh - Srikakulam | AB+Ve | Packed Red Blood Cells
2026-09-29 06:04:18,507 - INFO - Saved 17 rows.
2026-09-29 06:04:18,507 - INFO - Fetching: Andhra Pradesh - Srikakulam | AB+Ve | Fresh Frozen Plasma
2026-09-29 06:04:19,398 - INFO - Saved 17 rows.
2026-09-29 06:04:19,398 - INFO - Fetching: Andhra Pradesh - Srikakulam | AB+Ve | Platelet Rich Plasma
2026-09-29 06:04:20,335 - INFO - No data found.
2026-09-29 06:04:20,335 - INFO - Fetching: Andhra Pradesh - Srikakulam | AB-Ve | Packed Red Blood Cells
2026-09-29 06:04:21,457 - INFO - Saved 17 rows.
2026-09-29 06:04:21,457 - INFO - Fetching: Andhra Pradesh - Srikakulam | AB-Ve | Fresh Frozen Plasma
2026-09-29 06:04:22,532 - INFO - Saved 17 rows.
2026-09-29 06:04:22,533 - INFO - Fetching: Andhra Pradesh - Srikakulam | AB-Ve | Platelet Rich Plasma
2026-09-29 06:04:23,417 - INFO - No data found.
2026-09-29 06:04:23,417 - INFO - Fetching: Andhra Pradesh - Vizianagaram | A+Ve | Packed Red Blood Cells
2026-09-29 06:04:24,464 - INFO - Saved 17 rows.
2026-09-29 06:04:24,464 - INFO - Fetching: Andhra Pradesh - Vizianagaram | A+Ve | Fresh Frozen Plasma
2026-09-29 06:04:25,355 - INFO - Saved 17 rows.
2026-09-29 06:04:25,355 - INFO - Fetching: Andhra Pradesh - Vizianagaram | A+Ve | Platelet Rich Plasma
2026-09-29 06:04:26,419 - INFO - No data found.
2026-09-29 06:04:26,419 - INFO - Fetching: Andhra Pradesh - Vizianagaram | A-Ve | Packed Red Blood Cells
2026-09-29 06:04:27,307 - INFO - Saved 17 rows.
2026-09-29 06:04:27,307 - INFO - Fetching: Andhra Pradesh - Vizianagaram | A-Ve | Fresh Frozen Plasma
2026-09-29 06:04:28,188 - INFO - Saved 17 rows.
2026-09-29 06:04:28,188 - INFO - Fetching: Andhra Pradesh - Vizianagaram | A-Ve | Platelet Rich Plasma
2026-09-29 06:04:29,094 - INFO - No data found.
2026-09-29 06:04:29,094 - INFO - Fetching: Andhra Pradesh - Vizianagaram | B+Ve | Packed Red Blood Cells
2026-09-29 06:04:30,190 - INFO - Saved 17 rows.
2026-09-29 06:04:30,190 - INFO - Fetching: Andhra Pradesh - Vizianagaram | B+Ve | Fresh Frozen Plasma
2026-09-29 06:04:31,076 - INFO - Saved 17 rows.
2026-09-29 06:04:31,076 - INFO - Fetching: Andhra Pradesh - Vizianagaram | B+Ve | Platelet Rich Plasma
2026-09-29 06:04:31,939 - INFO - No data found.
2026-09-29 06:04:31,939 - INFO - Fetching: Andhra Pradesh - Vizianagaram | B-Ve | Packed Red Blood Cells
2026-09-29 06:04:32,823 - INFO - Saved 17 rows.
2026-09-29 06:04:32,823 - INFO - Fetching: Andhra Pradesh - Vizianagaram | B-Ve | Fresh Frozen Plasma
2026-09-29 06:04:33,844 - INFO - Saved 17 rows.
2026-09-29 06:04:33,844 - INFO - Fetching: Andhra Pradesh - Vizianagaram | B-Ve | Platelet Rich Plasma
2026-09-29 06:04:34,942 - INFO - No data found.
2026-09-29 06:04:34,942 - INFO - Fetching: Andhra Pradesh - Vizianagaram | O+Ve | Packed Red Blood Cells
2026-09-29 06:04:35,830 - INFO - Saved 17 rows.
2026-09-29 06:04:35,830 - INFO - Fetching: Andhra Pradesh - Vizianagaram | O+Ve | Fresh Frozen Plasma
2026-09-29 06:04:37,024 - INFO - Saved 17 rows.
2026-09-29 06:04:37,024 - INFO - Fetching: Andhra Pradesh - Vizianagaram | O+Ve | Platelet Rich Plasma
2026-09-29 06:04:37,968 - INFO - No data found.
2026-09-29 06:04:37,969 - INFO - Fetching: Andhra Pradesh - Vizianagaram | O-Ve | Packed Red Blood Cells
2026-09-29 06:04:39,013 - INFO - Saved 17 rows.
2026-09-29 06:04:39,013 - INFO - Fetching: Andhra Pradesh - Vizianagaram | O-Ve | Fresh Frozen Plasma
2026-09-29 06:04:39,902 - INFO - Saved 17 rows.
2026-09-29 06:04:39,902 - INFO - Fetching: Andhra Pradesh - Vizianagaram | O-Ve | Platelet Rich Plasma
2026-09-29 06:04:40,778 - INFO - No data found.
2026-09-29 06:04:40,778 - INFO - Fetching: Andhra Pradesh - Vizianagaram | AB+Ve | Packed Red Blood Cells
2026-09-29 06:04:42,001 - INFO - Saved 17 rows.
2026-09-29 06:04:42,001 - INFO - Fetching: Andhra Pradesh - Vizianagaram | AB+Ve | Fresh Frozen Plasma
2026-09-29 06:04:42,944 - INFO - Saved 17 rows.
2026-09-29 06:04:42,944 - INFO - Fetching: Andhra Pradesh - Vizianagaram | AB+Ve | Platelet Rich Plasma
2026-09-29 06:04:43,824 - INFO - No data found.
2026-09-29 06:04:43,824 - INFO - Fetching: Andhra Pradesh - Vizianagaram | AB-Ve | Packed Red Blood Cells
2026-09-29 06:04:44,716 - INFO - Saved 17 rows.
2026-09-29 06:04:44,716 - INFO - Fetching: Andhra Pradesh - Vizianagaram | AB-Ve | Fresh Frozen Plasma
2026-09-29 06:04:45,808 - INFO - Saved 17 rows.
2026-09-29 06:04:45,808 - INFO - Fetching: Andhra Pradesh - Vizianagaram | AB-Ve | Platelet Rich Plasma
2026-09-29 06:04:46,840 - INFO - No data found.
2026-09-29 06:04:46,840 - INFO - Fetching: Andhra Pradesh - West Godavari | A+Ve | Packed Red Blood Cells
2026-09-29 06:04:47,718 - INFO - Saved 17 rows.
2026-09-29 06:04:47,718 - INFO - Fetching: Andhra Pradesh - West Godavari | A+Ve | Fresh Frozen Plasma
2026-09-29 06:04:48,783 - INFO - Saved 17 rows.
2026-09-29 06:04:48,783 - INFO - Fetching: Andhra Pradesh - West Godavari | A+Ve | Platelet Rich Plasma
2026-09-29 06:04:49,862 - INFO - No data found.
2026-09-29 06:04:49,862 - INFO - Fetching: Andhra Pradesh - West Godavari | A-Ve | Packed Red Blood Cells
2026-09-29 06:04:50,760 - INFO - Saved 17 rows.
2026-09-29 06:04:50,760 - INFO - Fetching: Andhra Pradesh - West Godavari | A-Ve | Fresh Frozen Plasma
2026-09-29 06:04:51,802 - INFO - Saved 17 rows.
2026-09-29 06:04:51,802 - INFO - Fetching: Andhra Pradesh - West Godavari | A-Ve | Platelet Rich Plasma
2026-09-29 06:04:52,672 - INFO - No data found.
2026-09-29 06:04:52,672 - INFO - Fetching: Andhra Pradesh - West Godavari | B+Ve | Packed Red Blood Cells
2026-09-29 06:04:53,821 - INFO - Saved 17 rows.
2026-09-29 06:04:53,821 - INFO - Fetching: Andhra Pradesh - West Godavari | B+Ve | Fresh Frozen Plasma
2026-09-29 06:04:54,712 - INFO - Saved 17 rows.
2026-09-29 06:04:54,712 - INFO - Fetching: Andhra Pradesh - West Godavari | B+Ve | Platelet Rich Plasma
2026-09-29 06:04:55,582 - INFO - No data found.
2026-09-29 06:04:55,582 - INFO - Fetching: Andhra Pradesh - West Godavari | B-Ve | Packed Red Blood Cells
2026-09-29 06:04:56,488 - INFO - Saved 17 rows.
2026-09-29 06:04:56,488 - INFO - Fetching: Andhra Pradesh - West Godavari | B-Ve | Fresh Frozen Plasma
2026-09-29 06:04:57,400 - INFO - Saved 17 rows.
2026-09-29 06:04:57,400 - INFO - Fetching: Andhra Pradesh - West Godavari | B-Ve | Platelet Rich Plasma
2026-09-29 06:04:58,258 - INFO - No data found.
2026-09-29 06:04:58,259 - INFO - Fetching: Andhra Pradesh - West Godavari | O+Ve | Packed Red Blood Cells
2026-09-29 06:04:59,330 - INFO - Saved 17 rows.
2026-09-29 06:04:59,330 - INFO - Fetching: Andhra Pradesh - West Godavari | O+Ve | Fresh Frozen Plasma
2026-09-29 06:05:00,406 - INFO - Saved 17 rows.
2026-09-29 06:05:00,406 - INFO - Fetching: Andhra Pradesh - West Godavari | O+Ve | Platelet Rich Plasma
2026-09-29 06:05:01,341 - INFO - No data found.
2026-09-29 06:05:01,341 - INFO - Fetching: Andhra Pradesh - West Godavari | O-Ve | Packed Red Blood Cells
2026-09-29 06:05:02,496 - INFO - Saved 17 rows.
2026-09-29 06:05:02,496 - INFO - Fetching: Andhra Pradesh - West Godavari | O-Ve | Fresh Frozen Plasma
2026-09-29 06:05:03,350 - INFO - Saved 17 rows.
2026-09-29 06:05:03,350 - INFO - Fetching: Andhra Pradesh - West Godavari | O-Ve | Platelet Rich Plasma
2026-09-29 06:05:04,207 - INFO - No data found.
2026-09-29 06:05:04,208 - INFO - Fetching: Andhra Pradesh - West Godavari | AB+Ve | Packed Red Blood Cells
2026-09-29 06:05:05,067 - INFO - Saved 17 rows.
2026-09-29 06:05:05,067 - INFO - Fetching: Andhra Pradesh - West Godavari | AB+Ve | Fresh Frozen Plasma
2026-09-29 06:05:06,116 - INFO - Saved 17 rows.
2026-09-29 06:05:06,116 - INFO - Fetching: Andhra Pradesh - West Godavari | AB+Ve | Platelet Rich Plasma
2026-09-29 06:05:07,144 - INFO - No data found.
2026-09-29 06:05:07,144 - INFO - Fetching: Andhra Pradesh - West Godavari | AB-Ve | Packed Red Blood Cells
2026-09-29 06:05:08,032 - INFO - Saved 17 rows.
2026-09-29 06:05:08,032 - INFO - Fetching: Andhra Pradesh - West Godavari | AB-Ve | Fresh Frozen Plasma
2026-09-29 06:05:09,417 - INFO - Saved 17 rows.
2026-09-29 06:05:09,417 - INFO - Fetching: Andhra Pradesh - West Godavari | AB-Ve | Platelet Rich Plasma
2026-09-29 06:05:10,478 - INFO - No data found.
2026-09-29 06:05:10,478 - INFO - Collection complete. Fetched 2022 total records to blood_data.csv.
2026-09-30 05:50:38,715 - INFO - Loaded master data from cache.
2026-09-30 05:50:38,715 - INFO - Fetching: Andhra Pradesh - Alluri Sitharama Raju | A+Ve | Packed Red Blood Cells
2026-09-30 05:50:40,634 - INFO - Saved 5 rows.
2026-09-30 05:50:40,634 - INFO - Fetching: Andhra Pradesh - Alluri Sitharama Raju | A+Ve | Fresh Frozen Plasma
2026-09-30 05:50:42,595 - INFO - Saved 5 rows.
2026-09-30 05:50:42,595 - INFO - Fetching: Andhra Pradesh - Alluri Sitharama Raju | A+Ve | Platelet Rich Plasma
2026-09-30 05:50:44,449 - INFO - No data found.
2026-09-30 05:50:44,450 - INFO - Fetching: Andhra Pradesh - Alluri Sitharama Raju | A-Ve | Packed Red Blood Cells
2026-09-30 05:50:45,537 - INFO - Saved 5 rows.
2026-09-30 05:50:45,537 - INFO - Fetching: Andhra Pradesh - Alluri Sitharama Raju | A-Ve | Fresh Frozen Plasma
2026-09-30 05:50:46,695 - INFO - Saved 5 rows.
2026-09-30 05:50:46,695 - INFO - Fetching: Andhra Pradesh - Alluri Sitharama Raju | A-Ve | Platelet Rich Plasma
2026-09-30 05:50:47,762 - INFO - No data found.
2026-09-30 05:50:47,763 - INFO - Fetching: Andhra Pradesh - Alluri Sitharama Raju | B+Ve | Packed Red Blood Cells
2026-09-30 05:50:48,852 - INFO - Saved 5 rows.
2026-09-30 05:50:48,852 - INFO - Fetching: Andhra Pradesh - Alluri Sitharama Raju | B+Ve | Fresh Frozen Plasma
2026-09-30 05:50:49,914 - INFO - Saved 5 rows.
2026-09-30 05:50:49,914 - INFO - Fetching: Andhra Pradesh - Alluri Sitharama Raju | B+Ve | Platelet Rich Plasma
2026-09-30 05:50:51,024 - INFO - No data found.
2026-09-30 05:50:51,024 - INFO - Fetching: Andhra Pradesh - Alluri Sitharama Raju | B-Ve | Packed Red Blood Cells
2026-09-30 05:50:52,149 - INFO - Saved 5 rows.
2026-09-30 05:50:52,149 - INFO - Fetching: Andhra Pradesh - Alluri Sitharama Raju | B-Ve | Fresh Frozen Plasma
2026-09-30 05:50:53,256 - INFO - Saved 5 rows.
2026-09-30 05:50:53,256 - INFO - Fetching: Andhra Pradesh - Alluri Sitharama Raju | B-Ve | Platelet Rich Plasma
2026-09-30 05:50:54,333 - INFO - No data found.
2026-09-30 05:50:54,333 - INFO - Fetching: Andhra Pradesh - Alluri Sitharama Raju | O+Ve | Packed Red Blood Cells
2026-09-30 05:50:55,420 - INFO - Saved 5 rows.
2026-09-30 05:50:55,420 - INFO - Fetching: Andhra Pradesh - Alluri Sitharama Raju | O+Ve | Fresh Frozen Plasma
2026-09-30 05:50:57,065 - INFO - Saved 5 rows.
2026-09-30 05:50:57,065 - INFO - Fetching: Andhra Pradesh - Alluri Sitharama Raju | O+Ve | Platelet Rich Plasma
2026-09-30 05:50:58,707 - INFO - No data found.
2026-09-30 05:50:58,707 - INFO - Fetching: Andhra Pradesh - Alluri Sitharama Raju | O-Ve | Packed Red Blood Cells
2026-09-30 05:50:59,800 - INFO - Saved 5 rows.
2026-09-30 05:50:59,800 - INFO - Fetching: Andhra Pradesh - Alluri Sitharama Raju | O-Ve | Fresh Frozen Plasma
2026-09-30 05:51:01,428 - INFO - Saved 5 rows.
2026-09-30 05:51:01,428 - INFO - Fetching: Andhra Pradesh - Alluri Sitharama Raju | O-Ve | Platelet Rich Plasma
2026-09-30 05:51:02,474 - INFO - No data found.
2026-09-30 05:51:02,474 - INFO - Fetching: Andhra Pradesh - Alluri Sitharama Raju | AB+Ve | Packed Red Blood Cells
2026-09-30 05:51:03,527 - INFO - Saved 5 rows.
2026-09-30 05:51:03,527 - INFO - Fetching: Andhra Pradesh - Alluri Sitharama Raju | AB+Ve | Fresh Frozen Plasma
2026-09-30 05:51:05,166 - INFO - Saved 5 rows.
2026-09-30 05:51:05,166 - INFO - Fetching: Andhra Pradesh - Alluri Sitharama Raju | AB+Ve | Platelet Rich Plasma
2026-09-30 05:51:06,217 - INFO - No data found.
2026-09-30 05:51:06,217 - INFO - Fetching: Andhra Pradesh - Alluri Sitharama Raju | AB-Ve | Packed Red Blood Cells
2026-09-30 05:51:07,275 - INFO - Saved 5 rows.
2026-09-30 05:51:07,275 - INFO - Fetching: Andhra Pradesh - Alluri Sitharama Raju | AB-Ve | Fresh Frozen Plasma
2026-09-30 05:51:08,324 - INFO - Saved 5 rows.
2026-09-30 05:51:08,324 - INFO - Fetching: Andhra Pradesh - Alluri Sitharama Raju | AB-Ve | Platelet Rich Plasma
2026-09-30 05:51:09,376 - INFO - No data found.
2026-09-30 05:51:09,376 - INFO - Fetching: Andhra Pradesh - East Godavari | A+Ve | Packed Red Blood Cells
2026-09-30 05:51:10,427 - INFO - Saved 15 rows.
2026-09-30 05:51:10,427 - INFO - Fetching: Andhra Pradesh - East Godavari | A+Ve | Fresh Frozen Plasma
2026-09-30 05:51:11,517 - INFO - Saved 15 rows.
2026-09-30 05:51:11,517 - INFO - Fetching: Andhra Pradesh - East Godavari | A+Ve | Platelet Rich Plasma
2026-09-30 05:51:12,555 - INFO - No data found.
2026-09-30 05:51:12,555 - INFO - Fetching: Andhra Pradesh - East Godavari | A-Ve | Packed Red Blood Cells
2026-09-30 05:51:13,619 - INFO - Saved 15 rows.
2026-09-30 05:51:13,619 - INFO - Fetching: Andhra Pradesh - East Godavari | A-Ve | Fresh Frozen Plasma
2026-09-30 05:51:14,694 - INFO - Saved 15 rows.
2026-09-30 05:51:14,695 - INFO - Fetching: Andhra Pradesh - East Godavari | A-Ve | Platelet Rich Plasma
2026-09-30 05:51:15,737 - INFO - No data found.
2026-09-30 05:51:15,737 - INFO - Fetching: Andhra Pradesh - East Godavari | B+Ve | Packed Red Blood Cells
2026-09-30 05:51:16,791 - INFO - Saved 15 rows.
2026-09-30 05:51:16,791 - INFO - Fetching: Andhra Pradesh - East Godavari | B+Ve | Fresh Frozen Plasma
2026-09-30 05:51:17,838 - INFO - Saved 15 rows.
2026-09-30 05:51:17,838 - INFO - Fetching: Andhra Pradesh - East Godavari | B+Ve | Platelet Rich Plasma
2026-09-30 05:51:18,904 - INFO - No data found.
2026-09-30 05:51:18,905 - INFO - Fetching: Andhra Pradesh - East Godavari | B-Ve | Packed Red Blood Cells
2026-09-30 05:51:19,960 - INFO - Saved 15 rows.
2026-09-30 05:51:19,960 - INFO - Fetching: Andhra Pradesh - East Godavari | B-Ve | Fresh Frozen Plasma
2026-09-30 05:51:21,008 - INFO - Saved 15 rows.
2026-09-30 05:51:21,008 - INFO - Fetching: Andhra Pradesh - East Godavari | B-Ve | Platelet Rich Plasma
2026-09-30 05:51:22,341 - INFO - No data found.
2026-09-30 05:51:22,341 - INFO - Fetching: Andhra Pradesh - East Godavari | O+Ve | Packed Red Blood Cells
2026-09-30 05:51:23,402 - INFO - Saved 15 rows.
2026-09-30 05:51:23,402 - INFO - Fetching: Andhra Pradesh - East Godavari | O+Ve | Fresh Frozen Plasma
2026-09-30 05:51:24,462 - INFO - Saved 15 rows.
2026-09-30 05:51:24,462 - INFO - Fetching: Andhra Pradesh - East Godavari | O+Ve | Platelet Rich Plasma
2026-09-30 05:51:25,511 - INFO - No data found.
2026-09-30 05:51:25,511 - INFO - Fetching: Andhra Pradesh - East Godavari | O-Ve | Packed Red Blood Cells
2026-09-30 05:51:26,563 - INFO - Saved 15 rows.
2026-09-30 05:51:26,563 - INFO - Fetching: Andhra Pradesh - East Godavari | O-Ve | Fresh Frozen Plasma
2026-09-30 05:51:27,618 - INFO - Saved 15 rows.
2026-09-30 05:51:27,618 - INFO - Fetching: Andhra Pradesh - East Godavari | O-Ve | Platelet Rich Plasma
2026-09-30 05:51:28,805 - INFO - No data found.
2026-09-30 05:51:28,805 - INFO - Fetching: Andhra Pradesh - East Godavari | AB+Ve | Packed Red Blood Cells
2026-09-30 05:51:29,852 - INFO - Saved 15 rows.
2026-09-30 05:51:29,852 - INFO - Fetching: Andhra Pradesh - East Godavari | AB+Ve | Fresh Frozen Plasma
2026-09-30 05:51:30,916 - INFO - Saved 15 rows.
2026-09-30 05:51:30,916 - INFO - Fetching: Andhra Pradesh - East Godavari | AB+Ve | Platelet Rich Plasma
2026-09-30 05:51:31,959 - INFO - No data found.
2026-09-30 05:51:31,959 - INFO - Fetching: Andhra Pradesh - East Godavari | AB-Ve | Packed Red Blood Cells
2026-09-30 05:51:33,007 - INFO - Saved 15 rows.
2026-09-30 05:51:33,007 - INFO - Fetching: Andhra Pradesh - East Godavari | AB-Ve | Fresh Frozen Plasma
2026-09-30 05:51:34,102 - INFO - Saved 15 rows.
2026-09-30 05:51:34,102 - INFO - Fetching: Andhra Pradesh - East Godavari | AB-Ve | Platelet Rich Plasma
2026-09-30 05:51:35,143 - INFO - No data found.
2026-09-30 05:51:35,143 - INFO - Fetching: Andhra Pradesh - Krishna | A+Ve | Packed Red Blood Cells
2026-09-30 05:51:36,207 - INFO - Saved 14 rows.
2026-09-30 05:51:36,207 - INFO - Fetching: Andhra Pradesh - Krishna | A+Ve | Fresh Frozen Plasma
2026-09-30 05:51:37,255 - INFO - Saved 14 rows.
2026-09-30 05:51:37,255 - INFO - Fetching: Andhra Pradesh - Krishna | A+Ve | Platelet Rich Plasma
2026-09-30 05:51:38,353 - INFO - No data found.
2026-09-30 05:51:38,353 - INFO - Fetching: Andhra Pradesh - Krishna | A-Ve | Packed Red Blood Cells
2026-09-30 05:51:39,407 - INFO - Saved 14 rows.
2026-09-30 05:51:39,407 - INFO - Fetching: Andhra Pradesh - Krishna | A-Ve | Fresh Frozen Plasma
2026-09-30 05:51:40,459 - INFO - Saved 14 rows.
2026-09-30 05:51:40,459 - INFO - Fetching: Andhra Pradesh - Krishna | A-Ve | Platelet Rich Plasma
2026-09-30 05:51:41,514 - INFO - No data found.
2026-09-30 05:51:41,514 - INFO - Fetching: Andhra Pradesh - Krishna | B+Ve | Packed Red Blood Cells
2026-09-30 05:51:42,566 - INFO - Saved 14 rows.
2026-09-30 05:51:42,566 - INFO - Fetching: Andhra Pradesh - Krishna | B+Ve | Fresh Frozen Plasma
2026-09-30 05:51:43,614 - INFO - Saved 14 rows.
2026-09-30 05:51:43,614 - INFO - Fetching: Andhra Pradesh - Krishna | B+Ve | Platelet Rich Plasma
2026-09-30 05:51:44,665 - INFO - No data found.
2026-09-30 05:51:44,666 - INFO - Fetching: Andhra Pradesh - Krishna | B-Ve | Packed Red Blood Cells
2026-09-30 05:51:45,726 - INFO - Saved 14 rows.
2026-09-30 05:51:45,726 - INFO - Fetching: Andhra Pradesh - Krishna | B-Ve | Fresh Frozen Plasma
2026-09-30 05:51:46,781 - INFO - Saved 14 rows.
2026-09-30 05:51:46,781 - INFO - Fetching: Andhra Pradesh - Krishna | B-Ve | Platelet Rich Plasma
2026-09-30 05:51:47,824 - INFO - No data found.
2026-09-30 05:51:47,824 - INFO - Fetching: Andhra Pradesh - Krishna | O+Ve | Packed Red Blood Cells
2026-09-30 05:51:48,880 - INFO - Saved 14 rows.
2026-09-30 05:51:48,880 - INFO - Fetching: Andhra Pradesh - Krishna | O+Ve | Fresh Frozen Plasma
2026-09-30 05:51:49,928 - INFO - Saved 14 rows.
2026-09-30 05:51:49,928 - INFO - Fetching: Andhra Pradesh - Krishna | O+Ve | Platelet Rich Plasma
2026-09-30 05:51:50,977 - INFO - No data found.
2026-09-30 05:51:50,978 - INFO - Fetching: Andhra Pradesh - Krishna | O-Ve | Packed Red Blood Cells
2026-09-30 05:51:52,028 - INFO - Saved 14 rows.
2026-09-30 05:51:52,028 - INFO - Fetching: Andhra Pradesh - Krishna | O-Ve | Fresh Frozen Plasma
2026-09-30 05:51:53,079 - INFO - Saved 14 rows.
2026-09-30 05:51:53,080 - INFO - Fetching: Andhra Pradesh - Krishna | O-Ve | Platelet Rich Plasma
2026-09-30 05:51:54,118 - INFO - No data found.
2026-09-30 05:51:54,119 - INFO - Fetching: Andhra Pradesh - Krishna | AB+Ve | Packed Red Blood Cells
2026-09-30 05:51:55,176 - INFO - Saved 14 rows.
2026-09-30 05:51:55,176 - INFO - Fetching: Andhra Pradesh - Krishna | AB+Ve | Fresh Frozen Plasma
2026-09-30 05:51:56,218 - INFO - Saved 14 rows.
2026-09-30 05:51:56,218 - INFO - Fetching: Andhra Pradesh - Krishna | AB+Ve | Platelet Rich Plasma
2026-09-30 05:51:57,260 - INFO - No data found.
2026-09-30 05:51:57,260 - INFO - Fetching: Andhra Pradesh - Krishna | AB-Ve | Packed Red Blood Cells
2026-09-30 05:51:58,308 - INFO - Saved 14 rows.
2026-09-30 05:51:58,308 - INFO - Fetching: Andhra Pradesh - Krishna | AB-Ve | Fresh Frozen Plasma
2026-09-30 05:51:59,359 - INFO - Saved 14 rows.
2026-09-30 05:51:59,359 - INFO - Fetching: Andhra Pradesh - Krishna | AB-Ve | Platelet Rich Plasma
2026-09-30 05:52:00,403 - INFO - No data found.
2026-09-30 05:52:00,403 - INFO - Fetching: Andhra Pradesh - Kurnool | A+Ve | Packed Red Blood Cells
2026-09-30 05:52:01,503 - INFO - Saved 22 rows.
2026-09-30 05:52:01,503 - INFO - Fetching: Andhra Pradesh - Kurnool | A+Ve | Fresh Frozen Plasma
2026-09-30 05:52:02,558 - INFO - Saved 22 rows.
2026-09-30 05:52:02,558 - INFO - Fetching: Andhra Pradesh - Kurnool | A+Ve | Platelet Rich Plasma
2026-09-30 05:52:03,595 - INFO - No data found.
2026-09-30 05:52:03,595 - INFO - Fetching: Andhra Pradesh - Kurnool | A-Ve | Packed Red Blood Cells
2026-09-30 05:52:04,653 - INFO - Saved 22 rows.
2026-09-30 05:52:04,653 - INFO - Fetching: Andhra Pradesh - Kurnool | A-Ve | Fresh Frozen Plasma
2026-09-30 05:52:05,703 - INFO - Saved 22 rows.
2026-09-30 05:52:05,703 - INFO - Fetching: Andhra Pradesh - Kurnool | A-Ve | Platelet Rich Plasma
2026-09-30 05:52:06,750 - INFO - No data found.
2026-09-30 05:52:06,750 - INFO - Fetching: Andhra Pradesh - Kurnool | B+Ve | Packed Red Blood Cells
2026-09-30 05:52:07,807 - INFO - Saved 22 rows.
2026-09-30 05:52:07,807 - INFO - Fetching: Andhra Pradesh - Kurnool | B+Ve | Fresh Frozen Plasma
2026-09-30 05:52:08,871 - INFO - Saved 22 rows.
2026-09-30 05:52:08,871 - INFO - Fetching: Andhra Pradesh - Kurnool | B+Ve | Platelet Rich Plasma
2026-09-30 05:52:09,912 - INFO - No data found.
2026-09-30 05:52:09,913 - INFO - Fetching: Andhra Pradesh - Kurnool | B-Ve | Packed Red Blood Cells
2026-09-30 05:52:10,969 - INFO - Saved 22 rows.
2026-09-30 05:52:10,969 - INFO - Fetching: Andhra Pradesh - Kurnool | B-Ve | Fresh Frozen Plasma
2026-09-30 05:52:12,023 - INFO - Saved 22 rows.
2026-09-30 05:52:12,023 - INFO - Fetching: Andhra Pradesh - Kurnool | B-Ve | Platelet Rich Plasma
2026-09-30 05:52:13,068 - INFO - No data found.
2026-09-30 05:52:13,068 - INFO - Fetching: Andhra Pradesh - Kurnool | O+Ve | Packed Red Blood Cells
2026-09-30 05:52:14,121 - INFO - Saved 22 rows.
2026-09-30 05:52:14,121 - INFO - Fetching: Andhra Pradesh - Kurnool | O+Ve | Fresh Frozen Plasma
2026-09-30 05:52:15,174 - INFO - Saved 22 rows.
2026-09-30 05:52:15,174 - INFO - Fetching: Andhra Pradesh - Kurnool | O+Ve | Platelet Rich Plasma
2026-09-30 05:52:16,229 - INFO - No data found.
2026-09-30 05:52:16,229 - INFO - Fetching: Andhra Pradesh - Kurnool | O-Ve | Packed Red Blood Cells
2026-09-30 05:52:17,280 - INFO - Saved 22 rows.
2026-09-30 05:52:17,281 - INFO - Fetching: Andhra Pradesh - Kurnool | O-Ve | Fresh Frozen Plasma
2026-09-30 05:52:18,336 - INFO - Saved 22 rows.
2026-09-30 05:52:18,336 - INFO - Fetching: Andhra Pradesh - Kurnool | O-Ve | Platelet Rich Plasma
2026-09-30 05:52:19,389 - INFO - No data found.
2026-09-30 05:52:19,389 - INFO - Fetching: Andhra Pradesh - Kurnool | AB+Ve | Packed Red Blood Cells
2026-09-30 05:52:20,434 - INFO - Saved 22 rows.
2026-09-30 05:52:20,434 - INFO - Fetching: Andhra Pradesh - Kurnool | AB+Ve | Fresh Frozen Plasma
2026-09-30 05:52:21,487 - INFO - Saved 22 rows.
2026-09-30 05:52:21,487 - INFO - Fetching: Andhra Pradesh - Kurnool | AB+Ve | Platelet Rich Plasma
2026-09-30 05:52:22,527 - INFO - No data found.
2026-09-30 05:52:22,527 - INFO - Fetching: Andhra Pradesh - Kurnool | AB-Ve | Packed Red Blood Cells
2026-09-30 05:52:23,582 - INFO - Saved 22 rows.
2026-09-30 05:52:23,582 - INFO - Fetching: Andhra Pradesh - Kurnool | AB-Ve | Fresh Frozen Plasma
2026-09-30 05:52:24,651 - INFO - Saved 22 rows.
2026-09-30 05:52:24,651 - INFO - Fetching: Andhra Pradesh - Kurnool | AB-Ve | Platelet Rich Plasma
2026-09-30 05:52:25,700 - INFO - No data found.
2026-09-30 05:52:25,700 - INFO - Fetching: Andhra Pradesh - Prakasam | A+Ve | Packed Red Blood Cells
2026-09-30 05:52:26,753 - INFO - Saved 18 rows.
2026-09-30 05:52:26,753 - INFO - Fetching: Andhra Pradesh - Prakasam | A+Ve | Fresh Frozen Plasma
2026-09-30 05:52:27,810 - INFO - Saved 18 rows.
2026-09-30 05:52:27,810 - INFO - Fetching: Andhra Pradesh - Prakasam | A+Ve | Platelet Rich Plasma
2026-09-30 05:52:28,896 - INFO - No data found.
2026-09-30 05:52:28,897 - INFO - Fetching: Andhra Pradesh - Prakasam | A-Ve | Packed Red Blood Cells
2026-09-30 05:52:29,961 - INFO - Saved 18 rows.
2026-09-30 05:52:29,961 - INFO - Fetching: Andhra Pradesh - Prakasam | A-Ve | Fresh Frozen Plasma
2026-09-30 05:52:31,012 - INFO - Saved 18 rows.
2026-09-30 05:52:31,012 - INFO - Fetching: Andhra Pradesh - Prakasam | A-Ve | Platelet Rich Plasma
2026-09-30 05:52:32,061 - INFO - No data found.
2026-09-30 05:52:32,061 - INFO - Fetching: Andhra Pradesh - Prakasam | B+Ve | Packed Red Blood Cells
2026-09-30 05:52:33,119 - INFO - Saved 18 rows.
2026-09-30 05:52:33,119 - INFO - Fetching: Andhra Pradesh - Prakasam | B+Ve | Fresh Frozen Plasma
2026-09-30 05:52:34,166 - INFO - Saved 18 rows.
2026-09-30 05:52:34,166 - INFO - Fetching: Andhra Pradesh - Prakasam | B+Ve | Platelet Rich Plasma
2026-09-30 05:52:35,215 - INFO - No data found.
2026-09-30 05:52:35,215 - INFO - Fetching: Andhra Pradesh - Prakasam | B-Ve | Packed Red Blood Cells
2026-09-30 05:52:36,412 - INFO - Saved 18 rows.
2026-09-30 05:52:36,412 - INFO - Fetching: Andhra Pradesh - Prakasam | B-Ve | Fresh Frozen Plasma
2026-09-30 05:52:37,470 - INFO - Saved 18 rows.
2026-09-30 05:52:37,470 - INFO - Fetching: Andhra Pradesh - Prakasam | B-Ve | Platelet Rich Plasma
2026-09-30 05:52:38,529 - INFO - No data found.
2026-09-30 05:52:38,529 - INFO - Fetching: Andhra Pradesh - Prakasam | O+Ve | Packed Red Blood Cells
2026-09-30 05:52:39,580 - INFO - Saved 18 rows.
2026-09-30 05:52:39,580 - INFO - Fetching: Andhra Pradesh - Prakasam | O+Ve | Fresh Frozen Plasma
2026-09-30 05:52:40,633 - INFO - Saved 18 rows.
2026-09-30 05:52:40,633 - INFO - Fetching: Andhra Pradesh - Prakasam | O+Ve | Platelet Rich Plasma
2026-09-30 05:52:41,905 - INFO - No data found.
2026-09-30 05:52:41,905 - INFO - Fetching: Andhra Pradesh - Prakasam | O-Ve | Packed Red Blood Cells
2026-09-30 05:52:42,960 - INFO - Saved 18 rows.
2026-09-30 05:52:42,960 - INFO - Fetching: Andhra Pradesh - Prakasam | O-Ve | Fresh Frozen Plasma
2026-09-30 05:52:44,014 - INFO - Saved 18 rows.
2026-09-30 05:52:44,014 - INFO - Fetching: Andhra Pradesh - Prakasam | O-Ve | Platelet Rich Plasma
2026-09-30 05:52:45,056 - INFO - No data found.
2026-09-30 05:52:45,056 - INFO - Fetching: Andhra Pradesh - Prakasam | AB+Ve | Packed Red Blood Cells
2026-09-30 05:52:46,229 - INFO - Saved 18 rows.
2026-09-30 05:52:46,229 - INFO - Fetching: Andhra Pradesh - Prakasam | AB+Ve | Fresh Frozen Plasma
2026-09-30 05:52:47,285 - INFO - Saved 18 rows.
2026-09-30 05:52:47,285 - INFO - Fetching: Andhra Pradesh - Prakasam | AB+Ve | Platelet Rich Plasma
2026-09-30 05:52:48,333 - INFO - No data found.
2026-09-30 05:52:48,333 - INFO - Fetching: Andhra Pradesh - Prakasam | AB-Ve | Packed Red Blood Cells
2026-09-30 05:52:49,388 - INFO - Saved 18 rows.
2026-09-30 05:52:49,388 - INFO - Fetching: Andhra Pradesh - Prakasam | AB-Ve | Fresh Frozen Plasma
2026-09-30 05:52:50,439 - INFO - Saved 18 rows.
2026-09-30 05:52:50,439 - INFO - Fetching: Andhra Pradesh - Prakasam | AB-Ve | Platelet Rich Plasma
2026-09-30 05:52:51,493 - INFO - No data found.
2026-09-30 05:52:51,493 - INFO - Fetching: Andhra Pradesh - Srikakulam | A+Ve | Packed Red Blood Cells
2026-09-30 05:52:52,539 - INFO - Saved 18 rows.
2026-09-30 05:52:52,539 - INFO - Fetching: Andhra Pradesh - Srikakulam | A+Ve | Fresh Frozen Plasma
2026-09-30 05:52:53,585 - INFO - Saved 17 rows.
2026-09-30 05:52:53,585 - INFO - Fetching: Andhra Pradesh - Srikakulam | A+Ve | Platelet Rich Plasma
2026-09-30 05:52:54,632 - INFO - No data found.
2026-09-30 05:52:54,632 - INFO - Fetching: Andhra Pradesh - Srikakulam | A-Ve | Packed Red Blood Cells
2026-09-30 05:52:55,687 - INFO - Saved 18 rows.
2026-09-30 05:52:55,687 - INFO - Fetching: Andhra Pradesh - Srikakulam | A-Ve | Fresh Frozen Plasma
2026-09-30 05:52:56,739 - INFO - Saved 17 rows.
2026-09-30 05:52:56,739 - INFO - Fetching: Andhra Pradesh - Srikakulam | A-Ve | Platelet Rich Plasma
2026-09-30 05:52:57,790 - INFO - No data found.
2026-09-30 05:52:57,790 - INFO - Fetching: Andhra Pradesh - Srikakulam | B+Ve | Packed Red Blood Cells
2026-09-30 05:52:58,846 - INFO - Saved 18 rows.
2026-09-30 05:52:58,846 - INFO - Fetching: Andhra Pradesh - Srikakulam | B+Ve | Fresh Frozen Plasma
2026-09-30 05:52:59,894 - INFO - Saved 17 rows.
2026-09-30 05:52:59,894 - INFO - Fetching: Andhra Pradesh - Srikakulam | B+Ve | Platelet Rich Plasma
2026-09-30 05:53:00,938 - INFO - No data found.
2026-09-30 05:53:00,938 - INFO - Fetching: Andhra Pradesh - Srikakulam | B-Ve | Packed Red Blood Cells
2026-09-30 05:53:02,025 - INFO - Saved 18 rows.
2026-09-30 05:53:02,025 - INFO - Fetching: Andhra Pradesh - Srikakulam | B-Ve | Fresh Frozen Plasma
2026-09-30 05:53:03,081 - INFO - Saved 17 rows.
2026-09-30 05:53:03,081 - INFO - Fetching: Andhra Pradesh - Srikakulam | B-Ve | Platelet Rich Plasma
2026-09-30 05:53:04,126 - INFO - No data found.
2026-09-30 05:53:04,126 - INFO - Fetching: Andhra Pradesh - Srikakulam | O+Ve | Packed Red Blood Cells
2026-09-30 05:53:05,175 - INFO - Saved 18 rows.
2026-09-30 05:53:05,175 - INFO - Fetching: Andhra Pradesh - Srikakulam | O+Ve | Fresh Frozen Plasma
2026-09-30 05:53:06,253 - INFO - Saved 17 rows.
2026-09-30 05:53:06,253 - INFO - Fetching: Andhra Pradesh - Srikakulam | O+Ve | Platelet Rich Plasma
2026-09-30 05:53:07,300 - INFO - No data found.
2026-09-30 05:53:07,300 - INFO - Fetching: Andhra Pradesh - Srikakulam | O-Ve | Packed Red Blood Cells
2026-09-30 05:53:08,357 - INFO - Saved 18 rows.
2026-09-30 05:53:08,357 - INFO - Fetching: Andhra Pradesh - Srikakulam | O-Ve | Fresh Frozen Plasma
2026-09-30 05:53:09,409 - INFO - Saved 17 rows.
2026-09-30 05:53:09,409 - INFO - Fetching: Andhra Pradesh - Srikakulam | O-Ve | Platelet Rich Plasma
2026-09-30 05:53:10,458 - INFO - No data found.
2026-09-30 05:53:10,458 - INFO - Fetching: Andhra Pradesh - Srikakulam | AB+Ve | Packed Red Blood Cells
2026-09-30 05:53:11,520 - INFO - Saved 17 rows.
2026-09-30 05:53:11,520 - INFO - Fetching: Andhra Pradesh - Srikakulam | AB+Ve | Fresh Frozen Plasma
2026-09-30 05:53:12,576 - INFO - Saved 17 rows.
2026-09-30 05:53:12,576 - INFO - Fetching: Andhra Pradesh - Srikakulam | AB+Ve | Platelet Rich Plasma
2026-09-30 05:53:13,624 - INFO - No data found.
2026-09-30 05:53:13,624 - INFO - Fetching: Andhra Pradesh - Srikakulam | AB-Ve | Packed Red Blood Cells
2026-09-30 05:53:14,697 - INFO - Saved 17 rows.
2026-09-30 05:53:14,697 - INFO - Fetching: Andhra Pradesh - Srikakulam | AB-Ve | Fresh Frozen Plasma
2026-09-30 05:53:15,749 - INFO - Saved 17 rows.
2026-09-30 05:53:15,749 - INFO - Fetching: Andhra Pradesh - Srikakulam | AB-Ve | Platelet Rich Plasma
2026-09-30 05:53:16,800 - INFO - No data found.
2026-09-30 05:53:16,800 - INFO - Fetching: Andhra Pradesh - Vizianagaram | A+Ve | Packed Red Blood Cells
2026-09-30 05:53:17,856 - INFO - Saved 17 rows.
2026-09-30 05:53:17,856 - INFO - Fetching: Andhra Pradesh - Vizianagaram | A+Ve | Fresh Frozen Plasma
2026-09-30 05:53:18,909 - INFO - Saved 17 rows.
2026-09-30 05:53:18,909 - INFO - Fetching: Andhra Pradesh - Vizianagaram | A+Ve | Platelet Rich Plasma
2026-09-30 05:53:19,954 - INFO - No data found.
2026-09-30 05:53:19,955 - INFO - Fetching: Andhra Pradesh - Vizianagaram | A-Ve | Packed Red Blood Cells
2026-09-30 05:53:21,012 - INFO - Saved 17 rows.
2026-09-30 05:53:21,012 - INFO - Fetching: Andhra Pradesh - Vizianagaram | A-Ve | Fresh Frozen Plasma
2026-09-30 05:53:22,227 - INFO - Saved 17 rows.
2026-09-30 05:53:22,227 - INFO - Fetching: Andhra Pradesh - Vizianagaram | A-Ve | Platelet Rich Plasma
2026-09-30 05:53:23,276 - INFO - No data found.
2026-09-30 05:53:23,276 - INFO - Fetching: Andhra Pradesh - Vizianagaram | B+Ve | Packed Red Blood Cells
2026-09-30 05:53:24,335 - INFO - Saved 17 rows.
2026-09-30 05:53:24,335 - INFO - Fetching: Andhra Pradesh - Vizianagaram | B+Ve | Fresh Frozen Plasma
2026-09-30 05:53:25,389 - INFO - Saved 17 rows.
2026-09-30 05:53:25,389 - INFO - Fetching: Andhra Pradesh - Vizianagaram | B+Ve | Platelet Rich Plasma
2026-09-30 05:53:26,431 - INFO - No data found.
2026-09-30 05:53:26,431 - INFO - Fetching: Andhra Pradesh - Vizianagaram | B-Ve | Packed Red Blood Cells
2026-09-30 05:53:27,478 - INFO - Saved 17 rows.
2026-09-30 05:53:27,478 - INFO - Fetching: Andhra Pradesh - Vizianagaram | B-Ve | Fresh Frozen Plasma
2026-09-30 05:53:28,530 - INFO - Saved 17 rows.
2026-09-30 05:53:28,530 - INFO - Fetching: Andhra Pradesh - Vizianagaram | B-Ve | Platelet Rich Plasma
2026-09-30 05:53:29,584 - INFO - No data found.
2026-09-30 05:53:29,584 - INFO - Fetching: Andhra Pradesh - Vizianagaram | O+Ve | Packed Red Blood Cells
2026-09-30 05:53:30,655 - INFO - Saved 17 rows.
2026-09-30 05:53:30,655 - INFO - Fetching: Andhra Pradesh - Vizianagaram | O+Ve | Fresh Frozen Plasma
2026-09-30 05:53:31,712 - INFO - Saved 17 rows.
2026-09-30 05:53:31,712 - INFO - Fetching: Andhra Pradesh - Vizianagaram | O+Ve | Platelet Rich Plasma
2026-09-30 05:53:32,758 - INFO - No data found.
2026-09-30 05:53:32,758 - INFO - Fetching: Andhra Pradesh - Vizianagaram | O-Ve | Packed Red Blood Cells
2026-09-30 05:53:33,834 - INFO - Saved 17 rows.
2026-09-30 05:53:33,834 - INFO - Fetching: Andhra Pradesh - Vizianagaram | O-Ve | Fresh Frozen Plasma
2026-09-30 05:53:34,892 - INFO - Saved 17 rows.
2026-09-30 05:53:34,892 - INFO - Fetching: Andhra Pradesh - Vizianagaram | O-Ve | Platelet Rich Plasma
2026-09-30 05:53:35,938 - INFO - No data found.
2026-09-30 05:53:35,938 - INFO - Fetching: Andhra Pradesh - Vizianagaram | AB+Ve | Packed Red Blood Cells
2026-09-30 05:53:36,988 - INFO - Saved 17 rows.
2026-09-30 05:53:36,988 - INFO - Fetching: Andhra Pradesh - Vizianagaram | AB+Ve | Fresh Frozen Plasma
2026-09-30 05:53:38,045 - INFO - Saved 17 rows.
2026-09-30 05:53:38,045 - INFO - Fetching: Andhra Pradesh - Vizianagaram | AB+Ve | Platelet Rich Plasma
2026-09-30 05:53:39,096 - INFO - No data found.
2026-09-30 05:53:39,097 - INFO - Fetching: Andhra Pradesh - Vizianagaram | AB-Ve | Packed Red Blood Cells
2026-09-30 05:53:40,148 - INFO - Saved 17 rows.
2026-09-30 05:53:40,148 - INFO - Fetching: Andhra Pradesh - Vizianagaram | AB-Ve | Fresh Frozen Plasma
2026-09-30 05:53:41,274 - INFO - Saved 17 rows.
2026-09-30 05:53:41,275 - INFO - Fetching: Andhra Pradesh - Vizianagaram | AB-Ve | Platelet Rich Plasma
2026-09-30 05:53:42,364 - INFO - No data found.
2026-09-30 05:53:42,364 - INFO - Fetching: Andhra Pradesh - West Godavari | A+Ve | Packed Red Blood Cells
2026-09-30 05:53:43,416 - INFO - Saved 17 rows.
2026-09-30 05:53:43,416 - INFO - Fetching: Andhra Pradesh - West Godavari | A+Ve | Fresh Frozen Plasma
2026-09-30 05:53:44,466 - INFO - Saved 17 rows.
2026-09-30 05:53:44,466 - INFO - Fetching: Andhra Pradesh - West Godavari | A+Ve | Platelet Rich Plasma
2026-09-30 05:53:45,506 - INFO - No data found.
2026-09-30 05:53:45,506 - INFO - Fetching: Andhra Pradesh - West Godavari | A-Ve | Packed Red Blood Cells
2026-09-30 05:53:46,560 - INFO - Saved 17 rows.
2026-09-30 05:53:46,560 - INFO - Fetching: Andhra Pradesh - West Godavari | A-Ve | Fresh Frozen Plasma
2026-09-30 05:53:47,610 - INFO - Saved 17 rows.
2026-09-30 05:53:47,610 - INFO - Fetching: Andhra Pradesh - West Godavari | A-Ve | Platelet Rich Plasma
2026-09-30 05:53:48,658 - INFO - No data found.
2026-09-30 05:53:48,659 - INFO - Fetching: Andhra Pradesh - West Godavari | B+Ve | Packed Red Blood Cells
2026-09-30 05:53:49,718 - INFO - Saved 17 rows.
2026-09-30 05:53:49,718 - INFO - Fetching: Andhra Pradesh - West Godavari | B+Ve | Fresh Frozen Plasma
2026-09-30 05:53:50,793 - INFO - Saved 17 rows.
2026-09-30 05:53:50,794 - INFO - Fetching: Andhra Pradesh - West Godavari | B+Ve | Platelet Rich Plasma
2026-09-30 05:53:51,836 - INFO - No data found.
2026-09-30 05:53:51,837 - INFO - Fetching: Andhra Pradesh - West Godavari | B-Ve | Packed Red Blood Cells
2026-09-30 05:53:52,893 - INFO - Saved 17 rows.
2026-09-30 05:53:52,893 - INFO - Fetching: Andhra Pradesh - West Godavari | B-Ve | Fresh Frozen Plasma
2026-09-30 05:53:53,954 - INFO - Saved 17 rows.
2026-09-30 05:53:53,954 - INFO - Fetching: Andhra Pradesh - West Godavari | B-Ve | Platelet Rich Plasma
2026-09-30 05:53:54,994 - INFO - No data found.
2026-09-30 05:53:54,994 - INFO - Fetching: Andhra Pradesh - West Godavari | O+Ve | Packed Red Blood Cells
2026-09-30 05:53:56,049 - INFO - Saved 17 rows.
2026-09-30 05:53:56,049 - INFO - Fetching: Andhra Pradesh - West Godavari | O+Ve | Fresh Frozen Plasma
2026-09-30 05:53:57,097 - INFO - Saved 17 rows.
2026-09-30 05:53:57,097 - INFO - Fetching: Andhra Pradesh - West Godavari | O+Ve | Platelet Rich Plasma
2026-09-30 05:53:58,411 - INFO - No data found.
2026-09-30 05:53:58,411 - INFO - Fetching: Andhra Pradesh - West Godavari | O-Ve | Packed Red Blood Cells
2026-09-30 05:53:59,457 - INFO - Saved 17 rows.
2026-09-30 05:53:59,457 - INFO - Fetching: Andhra Pradesh - West Godavari | O-Ve | Fresh Frozen Plasma
2026-09-30 05:54:00,509 - INFO - Saved 17 rows.
2026-09-30 05:54:00,509 - INFO - Fetching: Andhra Pradesh - West Godavari | O-Ve | Platelet Rich Plasma
2026-09-30 05:54:01,562 - INFO - No data found.
2026-09-30 05:54:01,563 - INFO - Fetching: Andhra Pradesh - West Godavari | AB+Ve | Packed Red Blood Cells
2026-09-30 05:54:02,627 - INFO - Saved 17 rows.
2026-09-30 05:54:02,627 - INFO - Fetching: Andhra Pradesh - West Godavari | AB+Ve | Fresh Frozen Plasma
2026-09-30 05:54:03,875 - INFO - Saved 17 rows.
2026-09-30 05:54:03,875 - INFO - Fetching: Andhra Pradesh - West Godavari | AB+Ve | Platelet Rich Plasma
2026-09-30 05:54:04,923 - INFO - No data found.
2026-09-30 05:54:04,923 - INFO - Fetching: Andhra Pradesh - West Godavari | AB-Ve | Packed Red Blood Cells
2026-09-30 05:54:05,973 - INFO - Saved 17 rows.
2026-09-30 05:54:05,974 - INFO - Fetching: Andhra Pradesh - West Godavari | AB-Ve | Fresh Frozen Plasma
2026-09-30 05:54:07,034 - INFO - Saved 17 rows.
2026-09-30 05:54:07,034 - INFO - Fetching: Andhra Pradesh - West Godavari | AB-Ve | Platelet Rich Plasma
2026-09-30 05:54:08,096 - INFO - No data found.
2026-09-30 05:54:08,096 - INFO - Collection complete. Fetched 2006 total records to blood_data.csv.
2026-09-30 15:59:30,203 - INFO - Master data is 37.1 days old. Refreshing...
2026-09-30 15:59:30,533 - INFO - Generated 109340 API call parameters. Starting async fetch...
2026-09-30 15:59:34,642 - INFO - Processed 1000 / 109340 tasks. Total records extracted: 3406
2026-09-30 15:59:41,850 - INFO - Processed 2000 / 109340 tasks. Total records extracted: 12420
2026-09-30 15:59:48,867 - INFO - Processed 3000 / 109340 tasks. Total records extracted: 21496
2026-09-30 15:59:56,085 - INFO - Processed 4000 / 109340 tasks. Total records extracted: 33024
2026-09-30 16:00:03,040 - INFO - Processed 5000 / 109340 tasks. Total records extracted: 36525
2026-09-30 16:00:10,306 - INFO - Processed 6000 / 109340 tasks. Total records extracted: 36988
2026-09-30 16:00:17,591 - INFO - Processed 7000 / 109340 tasks. Total records extracted: 37540
2026-09-30 16:00:25,020 - INFO - Processed 8000 / 109340 tasks. Total records extracted: 37913
2026-09-30 16:00:32,209 - INFO - Processed 9000 / 109340 tasks. Total records extracted: 39160
2026-09-30 16:00:39,090 - INFO - Processed 10000 / 109340 tasks. Total records extracted: 40518
2026-09-30 16:00:45,991 - INFO - Processed 11000 / 109340 tasks. Total records extracted: 43392
2026-09-30 16:00:52,895 - INFO - Processed 12000 / 109340 tasks. Total records extracted: 44525
2026-09-30 16:00:59,948 - INFO - Processed 13000 / 109340 tasks. Total records extracted: 45410
2026-09-30 16:01:06,836 - INFO - Processed 14000 / 109340 tasks. Total records extracted: 46940
2026-09-30 16:01:13,979 - INFO - Processed 15000 / 109340 tasks. Total records extracted: 48766
2026-09-30 16:01:21,054 - INFO - Processed 16000 / 109340 tasks. Total records extracted: 49981
2026-09-30 16:01:28,024 - INFO - Processed 17000 / 109340 tasks. Total records extracted: 55454
2026-09-30 16:01:35,312 - INFO - Processed 18000 / 109340 tasks. Total records extracted: 56996
2026-09-30 16:01:42,190 - INFO - Processed 19000 / 109340 tasks. Total records extracted: 58639
2026-09-30 16:01:49,120 - INFO - Processed 20000 / 109340 tasks. Total records extracted: 60710
2026-09-30 16:01:56,172 - INFO - Processed 21000 / 109340 tasks. Total records extracted: 63139
2026-09-30 16:02:03,232 - INFO - Processed 22000 / 109340 tasks. Total records extracted: 65175
2026-09-30 16:02:10,199 - INFO - Processed 23000 / 109340 tasks. Total records extracted: 70130
2026-09-30 16:02:17,101 - INFO - Processed 24000 / 109340 tasks. Total records extracted: 72964
2026-09-30 16:02:24,205 - INFO - Processed 25000 / 109340 tasks. Total records extracted: 77842
2026-09-30 16:02:31,177 - INFO - Processed 26000 / 109340 tasks. Total records extracted: 83943
2026-09-30 16:02:38,248 - INFO - Processed 27000 / 109340 tasks. Total records extracted: 86056
2026-09-30 16:02:46,204 - INFO - Processed 28000 / 109340 tasks. Total records extracted: 89308
2026-09-30 16:02:54,898 - INFO - Processed 29000 / 109340 tasks. Total records extracted: 91894
2026-09-30 16:03:02,165 - INFO - Processed 30000 / 109340 tasks. Total records extracted: 97139
2026-09-30 16:03:10,427 - INFO - Processed 31000 / 109340 tasks. Total records extracted: 102770
2026-09-30 16:03:15,974 - INFO - Processed 32000 / 109340 tasks. Total records extracted: 106393
2026-09-30 16:03:24,411 - INFO - Processed 33000 / 109340 tasks. Total records extracted: 110236
2026-09-30 16:03:31,654 - INFO - Processed 34000 / 109340 tasks. Total records extracted: 111905
2026-09-30 16:03:38,484 - INFO - Processed 35000 / 109340 tasks. Total records extracted: 112851
2026-09-30 16:03:46,218 - INFO - Processed 36000 / 109340 tasks. Total records extracted: 113783
2026-09-30 16:03:53,050 - INFO - Processed 37000 / 109340 tasks. Total records extracted: 114047
2026-09-30 16:03:59,923 - INFO - Processed 38000 / 109340 tasks. Total records extracted: 115672
2026-09-30 16:04:06,993 - INFO - Processed 39000 / 109340 tasks. Total records extracted: 117290
2026-09-30 16:04:13,844 - INFO - Processed 40000 / 109340 tasks. Total records extracted: 118294
2026-09-30 16:04:20,947 - INFO - Processed 41000 / 109340 tasks. Total records extracted: 121790
2026-09-30 16:04:27,753 - INFO - Processed 42000 / 109340 tasks. Total records extracted: 134247
2026-09-30 16:04:34,843 - INFO - Processed 43000 / 109340 tasks. Total records extracted: 139466
2026-09-30 16:04:41,873 - INFO - Processed 44000 / 109340 tasks. Total records extracted: 142646
2026-09-30 16:04:48,505 - INFO - Processed 45000 / 109340 tasks. Total records extracted: 147219
2026-09-30 16:04:54,986 - INFO - Processed 46000 / 109340 tasks. Total records extracted: 153685
2026-09-30 16:05:01,880 - INFO - Processed 47000 / 109340 tasks. Total records extracted: 163693
2026-09-30 16:05:07,337 - INFO - Processed 48000 / 109340 tasks. Total records extracted: 166899
2026-09-30 16:05:13,927 - INFO - Processed 49000 / 109340 tasks. Total records extracted: 170565
2026-09-30 16:05:20,823 - INFO - Processed 50000 / 109340 tasks. Total records extracted: 172270
2026-09-30 16:05:27,187 - INFO - Processed 51000 / 109340 tasks. Total records extracted: 176500
2026-09-30 16:05:47,135 - INFO - Processed 52000 / 109340 tasks. Total records extracted: 177016
2026-09-30 16:05:54,167 - INFO - Processed 53000 / 109340 tasks. Total records extracted: 177911
2026-09-30 16:06:00,668 - INFO - Processed 54000 / 109340 tasks. Total records extracted: 179712
2026-09-30 16:06:07,558 - INFO - Processed 55000 / 109340 tasks. Total records extracted: 180496
2026-09-30 16:06:14,009 - INFO - Processed 56000 / 109340 tasks. Total records extracted: 184756
2026-09-30 16:06:20,328 - INFO - Processed 57000 / 109340 tasks. Total records extracted: 187573
2026-09-30 16:06:27,224 - INFO - Processed 58000 / 109340 tasks. Total records extracted: 195217
2026-09-30 16:06:34,289 - INFO - Processed 59000 / 109340 tasks. Total records extracted: 202470
2026-09-30 16:06:42,187 - INFO - Processed 60000 / 109340 tasks. Total records extracted: 211861
2026-09-30 16:06:48,559 - INFO - Processed 61000 / 109340 tasks. Total records extracted: 214341
2026-09-30 16:06:55,391 - INFO - Processed 62000 / 109340 tasks. Total records extracted: 214571
2026-09-30 16:07:02,384 - INFO - Processed 63000 / 109340 tasks. Total records extracted: 214841
2026-09-30 16:07:10,113 - INFO - Processed 64000 / 109340 tasks. Total records extracted: 215484
2026-09-30 16:07:16,924 - INFO - Processed 65000 / 109340 tasks. Total records extracted: 216051
2026-09-30 16:07:23,234 - INFO - Processed 66000 / 109340 tasks. Total records extracted: 216351
2026-09-30 16:07:30,938 - INFO - Processed 67000 / 109340 tasks. Total records extracted: 216641
2026-09-30 16:07:37,945 - INFO - Processed 68000 / 109340 tasks. Total records extracted: 216641
2026-09-30 16:07:45,456 - INFO - Processed 69000 / 109340 tasks. Total records extracted: 217885
2026-09-30 16:07:52,721 - INFO - Processed 70000 / 109340 tasks. Total records extracted: 218773
2026-09-30 16:08:00,412 - INFO - Processed 71000 / 109340 tasks. Total records extracted: 221124
2026-09-30 16:08:08,263 - INFO - Processed 72000 / 109340 tasks. Total records extracted: 222205
2026-09-30 16:08:16,392 - INFO - Processed 73000 / 109340 tasks. Total records extracted: 225422
2026-09-30 16:08:21,611 - INFO - Processed 74000 / 109340 tasks. Total records extracted: 229505
2026-09-30 16:08:28,640 - INFO - Processed 75000 / 109340 tasks. Total records extracted: 235875
2026-09-30 16:08:35,380 - INFO - Processed 76000 / 109340 tasks. Total records extracted: 239911
2026-09-30 16:08:42,615 - INFO - Processed 77000 / 109340 tasks. Total records extracted: 243370
2026-09-30 16:08:48,743 - INFO - Processed 78000 / 109340 tasks. Total records extracted: 247088
2026-09-30 16:08:55,519 - INFO - Processed 79000 / 109340 tasks. Total records extracted: 252280
2026-09-30 16:09:03,710 - INFO - Processed 80000 / 109340 tasks. Total records extracted: 260948
2026-09-30 16:09:10,248 - INFO - Processed 81000 / 109340 tasks. Total records extracted: 264639
2026-09-30 16:09:17,103 - INFO - Processed 82000 / 109340 tasks. Total records extracted: 268136
2026-09-30 16:09:24,112 - INFO - Processed 83000 / 109340 tasks. Total records extracted: 269261
2026-09-30 16:09:32,509 - INFO - Processed 84000 / 109340 tasks. Total records extracted: 279907
2026-09-30 16:09:38,273 - INFO - Processed 85000 / 109340 tasks. Total records extracted: 285282
2026-09-30 16:09:44,949 - INFO - Processed 86000 / 109340 tasks. Total records extracted: 288917
2026-09-30 16:10:04,251 - INFO - Processed 87000 / 109340 tasks. Total records extracted: 293779
2026-09-30 16:10:24,212 - INFO - Processed 88000 / 109340 tasks. Total records extracted: 298408
2026-09-30 16:10:32,685 - INFO - Processed 89000 / 109340 tasks. Total records extracted: 307638
2026-09-30 16:10:39,230 - INFO - Processed 90000 / 109340 tasks. Total records extracted: 311326
2026-09-30 16:10:47,152 - INFO - Processed 91000 / 109340 tasks. Total records extracted: 316129
2026-09-30 16:10:55,270 - INFO - Processed 92000 / 109340 tasks. Total records extracted: 322624
2026-09-30 16:11:00,960 - INFO - Processed 93000 / 109340 tasks. Total records extracted: 325065
2026-09-30 16:11:07,730 - INFO - Processed 94000 / 109340 tasks. Total records extracted: 326233
2026-09-30 16:11:14,576 - INFO - Processed 95000 / 109340 tasks. Total records extracted: 330264
2026-09-30 16:11:21,819 - INFO - Processed 96000 / 109340 tasks. Total records extracted: 336103
2026-09-30 16:11:29,086 - INFO - Processed 97000 / 109340 tasks. Total records extracted: 339023
2026-09-30 16:11:35,512 - INFO - Processed 98000 / 109340 tasks. Total records extracted: 343313
2026-09-30 16:11:42,067 - INFO - Processed 99000 / 109340 tasks. Total records extracted: 347548
2026-09-30 16:11:49,997 - INFO - Processed 100000 / 109340 tasks. Total records extracted: 354875
2026-09-30 16:11:58,067 - INFO - Processed 101000 / 109340 tasks. Total records extracted: 358933
2026-09-30 16:12:05,876 - INFO - Processed 102000 / 109340 tasks. Total records extracted: 364118
2026-09-30 16:12:12,123 - INFO - Processed 103000 / 109340 tasks. Total records extracted: 372919
2026-09-30 16:12:18,382 - INFO - Processed 104000 / 109340 tasks. Total records extracted: 380730
2026-09-30 16:12:24,840 - INFO - Processed 105000 / 109340 tasks. Total records extracted: 386854
2026-09-30 16:12:46,185 - INFO - Processed 106000 / 109340 tasks. Total records extracted: 389770
2026-09-30 16:12:52,281 - INFO - Processed 107000 / 109340 tasks. Total records extracted: 392801
2026-09-30 16:12:59,168 - INFO - Processed 108000 / 109340 tasks. Total records extracted: 396804
2026-09-30 16:13:05,722 - INFO - Processed 109000 / 109340 tasks. Total records extracted: 400745
2026-09-30 16:13:07,658 - INFO - Processed 109340 / 109340 tasks. Total records extracted: 401627
2026-09-30 16:13:07,660 - INFO - Collection complete. Safely extracted 401627 total records to blood_data_20260930_155930.ndjson.gz.
2026-10-02 06:01:40,123 - INFO - Loaded master data from cache.
2026-10-02 06:01:40,141 - INFO - Generated 109340 API call parameters. Starting async fetch...
2026-10-02 06:02:05,229 - INFO - Processed 1000 / 109340 tasks. Total records extracted: 3406
2026-10-02 06:02:29,030 - INFO - Processed 2000 / 109340 tasks. Total records extracted: 12510
2026-10-02 06:03:06,280 - INFO - Processed 3000 / 109340 tasks. Total records extracted: 21544
2026-10-02 06:03:28,239 - INFO - Processed 4000 / 109340 tasks. Total records extracted: 33212
2026-10-02 06:03:52,916 - INFO - Processed 5000 / 109340 tasks. Total records extracted: 36713
2026-10-02 06:05:45,966 - ERROR - Task failed with exception after retries: RetryError[<Future at 0x7fd389361750 state=finished raised TimeoutError>]
2026-10-02 06:05:45,966 - INFO - Processed 6000 / 109340 tasks. Total records extracted: 37175
2026-10-02 06:06:22,282 - INFO - Processed 7000 / 109340 tasks. Total records extracted: 37727
2026-10-02 06:07:01,487 - INFO - Processed 8000 / 109340 tasks. Total records extracted: 38100
2026-10-02 06:07:22,856 - INFO - Processed 9000 / 109340 tasks. Total records extracted: 39347
2026-10-02 06:07:57,928 - INFO - Processed 10000 / 109340 tasks. Total records extracted: 40775
2026-10-02 06:08:35,502 - INFO - Processed 11000 / 109340 tasks. Total records extracted: 43649
2026-10-02 06:09:12,176 - INFO - Processed 12000 / 109340 tasks. Total records extracted: 44782
2026-10-02 06:11:05,968 - ERROR - Task failed with exception after retries: RetryError[<Future at 0x7fd38a9681d0 state=finished raised TimeoutError>]
2026-10-02 06:11:05,968 - INFO - Processed 13000 / 109340 tasks. Total records extracted: 45667
2026-10-02 06:11:42,518 - INFO - Processed 14000 / 109340 tasks. Total records extracted: 47197
2026-10-02 06:12:19,912 - INFO - Processed 15000 / 109340 tasks. Total records extracted: 49023
2026-10-02 06:12:57,914 - INFO - Processed 16000 / 109340 tasks. Total records extracted: 50254
2026-10-02 06:13:34,924 - INFO - Processed 17000 / 109340 tasks. Total records extracted: 55771
2026-10-02 06:14:12,278 - INFO - Processed 18000 / 109340 tasks. Total records extracted: 57313
2026-10-02 06:14:50,082 - INFO - Processed 19000 / 109340 tasks. Total records extracted: 58963
2026-10-02 06:16:44,973 - ERROR - Task failed with exception after retries: RetryError[<Future at 0x7fd38a9f8610 state=finished raised TimeoutError>]
2026-10-02 06:16:44,973 - INFO - Processed 20000 / 109340 tasks. Total records extracted: 61034
2026-10-02 06:18:38,968 - ERROR - Task failed with exception after retries: RetryError[<Future at 0x7fd388ddd7d0 state=finished raised TimeoutError>]
2026-10-02 06:18:38,969 - INFO - Processed 21000 / 109340 tasks. Total records extracted: 63459
2026-10-02 06:19:15,896 - INFO - Processed 22000 / 109340 tasks. Total records extracted: 65489
2026-10-02 06:19:54,090 - INFO - Processed 23000 / 109340 tasks. Total records extracted: 70534
2026-10-02 06:20:29,937 - INFO - Processed 24000 / 109340 tasks. Total records extracted: 73458
2026-10-02 06:22:23,985 - ERROR - Task failed with exception after retries: RetryError[<Future at 0x7fd38a5fe790 state=finished raised TimeoutError>]
2026-10-02 06:22:23,987 - INFO - Processed 25000 / 109340 tasks. Total records extracted: 78414
2026-10-02 06:23:01,245 - INFO - Processed 26000 / 109340 tasks. Total records extracted: 84605
2026-10-02 06:23:37,139 - INFO - Processed 27000 / 109340 tasks. Total records extracted: 86718
2026-10-02 06:23:58,988 - INFO - Processed 28000 / 109340 tasks. Total records extracted: 89970
2026-10-02 06:24:19,588 - INFO - Processed 29000 / 109340 tasks. Total records extracted: 92556
2026-10-02 06:24:48,886 - INFO - Processed 30000 / 109340 tasks. Total records extracted: 97852
2026-10-02 06:25:12,018 - INFO - Processed 31000 / 109340 tasks. Total records extracted: 103518
2026-10-02 06:26:25,266 - INFO - Processed 32000 / 109340 tasks. Total records extracted: 107189
2026-10-02 06:26:46,897 - INFO - Processed 33000 / 109340 tasks. Total records extracted: 111032
2026-10-02 06:27:22,743 - INFO - Processed 34000 / 109340 tasks. Total records extracted: 112701
2026-10-02 06:28:00,236 - INFO - Processed 35000 / 109340 tasks. Total records extracted: 113647
2026-10-02 06:28:36,262 - INFO - Processed 36000 / 109340 tasks. Total records extracted: 114579
2026-10-02 06:28:57,883 - INFO - Processed 37000 / 109340 tasks. Total records extracted: 114843
2026-10-02 06:29:21,981 - INFO - Processed 38000 / 109340 tasks. Total records extracted: 116545
2026-10-02 06:29:43,977 - INFO - Processed 39000 / 109340 tasks. Total records extracted: 118163
2026-10-02 06:30:08,881 - INFO - Processed 40000 / 109340 tasks. Total records extracted: 119166
2026-10-02 06:30:32,882 - INFO - Processed 41000 / 109340 tasks. Total records extracted: 122662
2026-10-02 06:31:09,258 - INFO - Processed 42000 / 109340 tasks. Total records extracted: 135165
2026-10-02 06:31:30,893 - INFO - Processed 43000 / 109340 tasks. Total records extracted: 140560
2026-10-02 06:31:52,014 - INFO - Processed 44000 / 109340 tasks. Total records extracted: 143740
2026-10-02 06:32:28,894 - INFO - Processed 45000 / 109340 tasks. Total records extracted: 148313
2026-10-02 06:34:22,989 - ERROR - Task failed with exception after retries: RetryError[<Future at 0x7fd3888c8410 state=finished raised TimeoutError>]
2026-10-02 06:34:22,989 - INFO - Processed 46000 / 109340 tasks. Total records extracted: 154777
2026-10-02 06:35:00,501 - INFO - Processed 47000 / 109340 tasks. Total records extracted: 164785
2026-10-02 06:35:40,189 - INFO - Processed 48000 / 109340 tasks. Total records extracted: 167991
2026-10-02 06:36:01,887 - INFO - Processed 49000 / 109340 tasks. Total records extracted: 171888
2026-10-02 06:36:24,917 - INFO - Processed 50000 / 109340 tasks. Total records extracted: 173732
2026-10-02 06:36:46,047 - INFO - Processed 51000 / 109340 tasks. Total records extracted: 178087
2026-10-02 06:37:23,424 - INFO - Processed 52000 / 109340 tasks. Total records extracted: 178883
2026-10-02 06:38:00,978 - INFO - Processed 53000 / 109340 tasks. Total records extracted: 179849
2026-10-02 06:38:38,237 - INFO - Processed 54000 / 109340 tasks. Total records extracted: 181793
2026-10-02 06:39:15,117 - INFO - Processed 55000 / 109340 tasks. Total records extracted: 182649
2026-10-02 06:41:10,979 - ERROR - Task failed with exception after retries: RetryError[<Future at 0x7fd3889cf290 state=finished raised TimeoutError>]
2026-10-02 06:41:10,982 - INFO - Processed 56000 / 109340 tasks. Total records extracted: 187720
2026-10-02 06:41:46,900 - INFO - Processed 57000 / 109340 tasks. Total records extracted: 190846
2026-10-02 06:42:08,790 - INFO - Processed 58000 / 109340 tasks. Total records extracted: 199552
2026-10-02 06:42:45,696 - INFO - Processed 59000 / 109340 tasks. Total records extracted: 207723
2026-10-02 06:43:25,174 - INFO - Processed 60000 / 109340 tasks. Total records extracted: 218461
2026-10-02 06:44:03,552 - INFO - Processed 61000 / 109340 tasks. Total records extracted: 221157
2026-10-02 06:44:39,888 - INFO - Processed 62000 / 109340 tasks. Total records extracted: 221387
2026-10-02 06:45:17,528 - INFO - Processed 63000 / 109340 tasks. Total records extracted: 221657
2026-10-02 06:45:55,156 - INFO - Processed 64000 / 109340 tasks. Total records extracted: 222300
2026-10-02 06:46:30,920 - INFO - Processed 65000 / 109340 tasks. Total records extracted: 222867
2026-10-02 06:47:08,144 - INFO - Processed 66000 / 109340 tasks. Total records extracted: 223167
2026-10-02 06:47:46,129 - INFO - Processed 67000 / 109340 tasks. Total records extracted: 223457
2026-10-02 06:48:07,975 - INFO - Processed 68000 / 109340 tasks. Total records extracted: 223457
2026-10-02 06:48:42,895 - INFO - Processed 69000 / 109340 tasks. Total records extracted: 224691
2026-10-02 06:50:21,965 - ERROR - Task failed with exception after retries: RetryError[<Future at 0x7fd38a674550 state=finished raised TimeoutError>]
2026-10-02 06:50:21,968 - INFO - Processed 70000 / 109340 tasks. Total records extracted: 225596
2026-10-02 06:53:33,104 - INFO - Processed 71000 / 109340 tasks. Total records extracted: 228049
2026-10-02 06:54:14,271 - INFO - Processed 72000 / 109340 tasks. Total records extracted: 229126
2026-10-02 06:54:50,214 - INFO - Processed 73000 / 109340 tasks. Total records extracted: 232353
2026-10-02 06:55:13,079 - INFO - Processed 74000 / 109340 tasks. Total records extracted: 236436
2026-10-02 06:55:38,890 - INFO - Processed 75000 / 109340 tasks. Total records extracted: 242819
2026-10-02 06:55:59,718 - INFO - Processed 76000 / 109340 tasks. Total records extracted: 246855
2026-10-02 06:56:20,472 - INFO - Processed 77000 / 109340 tasks. Total records extracted: 250314
2026-10-02 06:56:41,533 - INFO - Processed 78000 / 109340 tasks. Total records extracted: 254032
2026-10-02 06:57:02,972 - INFO - Processed 79000 / 109340 tasks. Total records extracted: 259201
2026-10-02 06:57:24,581 - INFO - Processed 80000 / 109340 tasks. Total records extracted: 267869
2026-10-02 06:57:45,995 - INFO - Processed 81000 / 109340 tasks. Total records extracted: 271560
2026-10-02 06:58:06,921 - INFO - Processed 82000 / 109340 tasks. Total records extracted: 275147
2026-10-02 06:58:28,622 - INFO - Processed 83000 / 109340 tasks. Total records extracted: 276272
2026-10-02 06:58:51,844 - INFO - Processed 84000 / 109340 tasks. Total records extracted: 287120
2026-10-02 06:59:12,810 - INFO - Processed 85000 / 109340 tasks. Total records extracted: 292490
2026-10-02 06:59:33,710 - INFO - Processed 86000 / 109340 tasks. Total records extracted: 296215
2026-10-02 06:59:54,638 - INFO - Processed 87000 / 109340 tasks. Total records extracted: 301116
2026-10-02 07:00:15,482 - INFO - Processed 88000 / 109340 tasks. Total records extracted: 305837
2026-10-02 07:00:37,666 - INFO - Processed 89000 / 109340 tasks. Total records extracted: 315186
2026-10-02 07:01:01,226 - INFO - Processed 90000 / 109340 tasks. Total records extracted: 318810
2026-10-02 07:01:22,811 - INFO - Processed 91000 / 109340 tasks. Total records extracted: 323688
2026-10-02 07:01:44,357 - INFO - Processed 92000 / 109340 tasks. Total records extracted: 330182
2026-10-02 07:02:21,001 - INFO - Processed 93000 / 109340 tasks. Total records extracted: 332623
2026-10-02 07:02:42,021 - INFO - Processed 94000 / 109340 tasks. Total records extracted: 333791
2026-10-02 07:03:02,792 - INFO - Processed 95000 / 109340 tasks. Total records extracted: 337822
2026-10-02 07:03:24,253 - INFO - Processed 96000 / 109340 tasks. Total records extracted: 343661
2026-10-02 07:03:45,362 - INFO - Processed 97000 / 109340 tasks. Total records extracted: 346581
2026-10-02 07:04:05,916 - INFO - Processed 98000 / 109340 tasks. Total records extracted: 350807
2026-10-02 07:04:26,535 - INFO - Processed 99000 / 109340 tasks. Total records extracted: 355132
2026-10-02 07:04:48,068 - INFO - Processed 100000 / 109340 tasks. Total records extracted: 362442
2026-10-02 07:05:08,781 - INFO - Processed 101000 / 109340 tasks. Total records extracted: 366590
2026-10-02 07:05:29,556 - INFO - Processed 102000 / 109340 tasks. Total records extracted: 371775
2026-10-02 07:05:51,249 - INFO - Processed 103000 / 109340 tasks. Total records extracted: 380662
2026-10-02 07:06:12,822 - INFO - Processed 104000 / 109340 tasks. Total records extracted: 388473
2026-10-02 07:06:33,910 - INFO - Processed 105000 / 109340 tasks. Total records extracted: 394597
2026-10-02 07:06:54,738 - INFO - Processed 106000 / 109340 tasks. Total records extracted: 397506
2026-10-02 07:07:15,712 - INFO - Processed 107000 / 109340 tasks. Total records extracted: 400655
2026-10-02 07:07:36,689 - INFO - Processed 108000 / 109340 tasks. Total records extracted: 404658
2026-10-02 07:07:57,173 - INFO - Processed 109000 / 109340 tasks. Total records extracted: 408599
2026-10-02 07:08:04,457 - INFO - Processed 109340 / 109340 tasks. Total records extracted: 409531
2026-10-02 07:08:04,457 - INFO - Collection complete. Safely extracted 409531 total records to blood_data_20261002_060140.ndjson.gz.
2026-10-03 05:36:49,081 - INFO - Loaded master data from cache.
2026-10-03 05:36:49,105 - INFO - Generated 109340 API call parameters. Starting async fetch...
2026-10-03 05:37:09,063 - INFO - Processed 1000 / 109340 tasks. Total records extracted: 3406
2026-10-03 05:37:28,953 - INFO - Processed 2000 / 109340 tasks. Total records extracted: 12510
2026-10-03 05:37:49,090 - INFO - Processed 3000 / 109340 tasks. Total records extracted: 21586
2026-10-03 05:38:09,364 - INFO - Processed 4000 / 109340 tasks. Total records extracted: 33304
2026-10-03 05:38:29,234 - INFO - Processed 5000 / 109340 tasks. Total records extracted: 36805
2026-10-03 05:38:48,501 - INFO - Processed 6000 / 109340 tasks. Total records extracted: 37268
2026-10-03 05:39:08,016 - INFO - Processed 7000 / 109340 tasks. Total records extracted: 37820
2026-10-03 05:39:27,458 - INFO - Processed 8000 / 109340 tasks. Total records extracted: 38193
2026-10-03 05:39:46,556 - INFO - Processed 9000 / 109340 tasks. Total records extracted: 39440
2026-10-03 05:40:05,963 - INFO - Processed 10000 / 109340 tasks. Total records extracted: 40868
2026-10-03 05:40:25,276 - INFO - Processed 11000 / 109340 tasks. Total records extracted: 43742
2026-10-03 05:40:45,060 - INFO - Processed 12000 / 109340 tasks. Total records extracted: 44875
2026-10-03 05:41:04,251 - INFO - Processed 13000 / 109340 tasks. Total records extracted: 45760
2026-10-03 05:41:23,985 - INFO - Processed 14000 / 109340 tasks. Total records extracted: 47290
2026-10-03 05:41:43,350 - INFO - Processed 15000 / 109340 tasks. Total records extracted: 49116
2026-10-03 05:42:02,647 - INFO - Processed 16000 / 109340 tasks. Total records extracted: 50347
2026-10-03 05:42:22,100 - INFO - Processed 17000 / 109340 tasks. Total records extracted: 55864
2026-10-03 05:42:41,324 - INFO - Processed 18000 / 109340 tasks. Total records extracted: 57406
2026-10-03 05:43:01,092 - INFO - Processed 19000 / 109340 tasks. Total records extracted: 59056
2026-10-03 05:43:20,232 - INFO - Processed 20000 / 109340 tasks. Total records extracted: 61130
2026-10-03 05:43:39,853 - INFO - Processed 21000 / 109340 tasks. Total records extracted: 63559
2026-10-03 05:43:59,197 - INFO - Processed 22000 / 109340 tasks. Total records extracted: 65595
2026-10-03 05:44:18,606 - INFO - Processed 23000 / 109340 tasks. Total records extracted: 70640
2026-10-03 05:44:37,886 - INFO - Processed 24000 / 109340 tasks. Total records extracted: 73564
2026-10-03 05:44:56,975 - INFO - Processed 25000 / 109340 tasks. Total records extracted: 78532
2026-10-03 05:45:16,905 - INFO - Processed 26000 / 109340 tasks. Total records extracted: 84723
2026-10-03 05:45:36,001 - INFO - Processed 27000 / 109340 tasks. Total records extracted: 86836
2026-10-03 05:45:55,103 - INFO - Processed 28000 / 109340 tasks. Total records extracted: 90088
2026-10-03 05:46:14,169 - INFO - Processed 29000 / 109340 tasks. Total records extracted: 92674
2026-10-03 05:46:33,150 - INFO - Processed 30000 / 109340 tasks. Total records extracted: 97970
2026-10-03 05:46:52,277 - INFO - Processed 31000 / 109340 tasks. Total records extracted: 103636
2026-10-03 05:47:11,252 - INFO - Processed 32000 / 109340 tasks. Total records extracted: 107307
2026-10-03 05:47:30,551 - INFO - Processed 33000 / 109340 tasks. Total records extracted: 111150
2026-10-03 05:47:50,126 - INFO - Processed 34000 / 109340 tasks. Total records extracted: 112819
2026-10-03 05:48:08,810 - INFO - Processed 35000 / 109340 tasks. Total records extracted: 113765
2026-10-03 05:48:27,664 - INFO - Processed 36000 / 109340 tasks. Total records extracted: 114697
2026-10-03 05:48:46,958 - INFO - Processed 37000 / 109340 tasks. Total records extracted: 114961
2026-10-03 05:49:05,799 - INFO - Processed 38000 / 109340 tasks. Total records extracted: 116663
2026-10-03 05:49:24,890 - INFO - Processed 39000 / 109340 tasks. Total records extracted: 118201
2026-10-03 05:49:43,666 - INFO - Processed 40000 / 109340 tasks. Total records extracted: 119205
2026-10-03 05:50:02,411 - INFO - Processed 41000 / 109340 tasks. Total records extracted: 122701
2026-10-03 05:50:23,430 - INFO - Processed 42000 / 109340 tasks. Total records extracted: 135235
2026-10-03 05:50:42,279 - INFO - Processed 43000 / 109340 tasks. Total records extracted: 140630
2026-10-03 05:51:00,945 - INFO - Processed 44000 / 109340 tasks. Total records extracted: 143810
2026-10-03 05:51:20,100 - INFO - Processed 45000 / 109340 tasks. Total records extracted: 148383
2026-10-03 05:51:39,036 - INFO - Processed 46000 / 109340 tasks. Total records extracted: 154849
2026-10-03 05:51:58,136 - INFO - Processed 47000 / 109340 tasks. Total records extracted: 164857
2026-10-03 05:52:17,290 - INFO - Processed 48000 / 109340 tasks. Total records extracted: 168063
2026-10-03 05:52:36,688 - INFO - Processed 49000 / 109340 tasks. Total records extracted: 171960
2026-10-03 05:52:56,215 - INFO - Processed 50000 / 109340 tasks. Total records extracted: 173804
2026-10-03 05:53:15,314 - INFO - Processed 51000 / 109340 tasks. Total records extracted: 178249
2026-10-03 05:53:34,537 - INFO - Processed 52000 / 109340 tasks. Total records extracted: 179045
2026-10-03 05:53:53,868 - INFO - Processed 53000 / 109340 tasks. Total records extracted: 180011
2026-10-03 05:54:13,799 - INFO - Processed 54000 / 109340 tasks. Total records extracted: 182024
2026-10-03 05:54:32,586 - INFO - Processed 55000 / 109340 tasks. Total records extracted: 182880
2026-10-03 05:54:51,407 - INFO - Processed 56000 / 109340 tasks. Total records extracted: 188024
2026-10-03 05:55:10,556 - INFO - Processed 57000 / 109340 tasks. Total records extracted: 191150
2026-10-03 05:55:31,008 - INFO - Processed 58000 / 109340 tasks. Total records extracted: 200229
2026-10-03 05:55:51,078 - INFO - Processed 59000 / 109340 tasks. Total records extracted: 208409
2026-10-03 05:56:11,282 - INFO - Processed 60000 / 109340 tasks. Total records extracted: 219147
2026-10-03 05:56:30,489 - INFO - Processed 61000 / 109340 tasks. Total records extracted: 221843
2026-10-03 05:56:49,716 - INFO - Processed 62000 / 109340 tasks. Total records extracted: 222073
2026-10-03 05:57:08,630 - INFO - Processed 63000 / 109340 tasks. Total records extracted: 222343
2026-10-03 05:57:27,224 - INFO - Processed 64000 / 109340 tasks. Total records extracted: 222986
2026-10-03 05:57:46,060 - INFO - Processed 65000 / 109340 tasks. Total records extracted: 223553
2026-10-03 05:58:04,743 - INFO - Processed 66000 / 109340 tasks. Total records extracted: 223853
2026-10-03 05:58:24,138 - INFO - Processed 67000 / 109340 tasks. Total records extracted: 224143
2026-10-03 05:58:43,360 - INFO - Processed 68000 / 109340 tasks. Total records extracted: 224143
2026-10-03 05:59:01,878 - INFO - Processed 69000 / 109340 tasks. Total records extracted: 225379
2026-10-03 05:59:20,436 - INFO - Processed 70000 / 109340 tasks. Total records extracted: 226285
2026-10-03 05:59:39,265 - INFO - Processed 71000 / 109340 tasks. Total records extracted: 228740
2026-10-03 05:59:57,855 - INFO - Processed 72000 / 109340 tasks. Total records extracted: 229825
2026-10-03 06:00:16,616 - INFO - Processed 73000 / 109340 tasks. Total records extracted: 233044
2026-10-03 06:00:35,390 - INFO - Processed 74000 / 109340 tasks. Total records extracted: 237127
2026-10-03 06:00:54,573 - INFO - Processed 75000 / 109340 tasks. Total records extracted: 243510
2026-10-03 06:01:13,814 - INFO - Processed 76000 / 109340 tasks. Total records extracted: 247546
2026-10-03 06:01:32,554 - INFO - Processed 77000 / 109340 tasks. Total records extracted: 251005
2026-10-03 06:01:51,247 - INFO - Processed 78000 / 109340 tasks. Total records extracted: 254723
2026-10-03 06:02:10,873 - INFO - Processed 79000 / 109340 tasks. Total records extracted: 259917
2026-10-03 06:02:30,877 - INFO - Processed 80000 / 109340 tasks. Total records extracted: 268652
2026-10-03 06:02:49,640 - INFO - Processed 81000 / 109340 tasks. Total records extracted: 272343
2026-10-03 06:03:08,241 - INFO - Processed 82000 / 109340 tasks. Total records extracted: 275930
2026-10-03 06:03:27,113 - INFO - Processed 83000 / 109340 tasks. Total records extracted: 277055
2026-10-03 06:03:48,029 - INFO - Processed 84000 / 109340 tasks. Total records extracted: 287995
2026-10-03 06:04:07,053 - INFO - Processed 85000 / 109340 tasks. Total records extracted: 293370
2026-10-03 06:04:26,689 - INFO - Processed 86000 / 109340 tasks. Total records extracted: 297095
2026-10-03 06:04:45,687 - INFO - Processed 87000 / 109340 tasks. Total records extracted: 301996
2026-10-03 06:05:04,492 - INFO - Processed 88000 / 109340 tasks. Total records extracted: 306717
2026-10-03 06:05:24,790 - INFO - Processed 89000 / 109340 tasks. Total records extracted: 316066
2026-10-03 06:05:43,621 - INFO - Processed 90000 / 109340 tasks. Total records extracted: 319754
2026-10-03 06:06:03,187 - INFO - Processed 91000 / 109340 tasks. Total records extracted: 324632
2026-10-03 06:06:22,674 - INFO - Processed 92000 / 109340 tasks. Total records extracted: 331127
2026-10-03 06:06:41,694 - INFO - Processed 93000 / 109340 tasks. Total records extracted: 333568
2026-10-03 06:07:00,744 - INFO - Processed 94000 / 109340 tasks. Total records extracted: 334736
2026-10-03 06:07:19,677 - INFO - Processed 95000 / 109340 tasks. Total records extracted: 338687
2026-10-03 06:07:39,118 - INFO - Processed 96000 / 109340 tasks. Total records extracted: 344461
2026-10-03 06:07:58,051 - INFO - Processed 97000 / 109340 tasks. Total records extracted: 347381
2026-10-03 06:08:17,064 - INFO - Processed 98000 / 109340 tasks. Total records extracted: 351671
2026-10-03 06:08:36,729 - INFO - Processed 99000 / 109340 tasks. Total records extracted: 355982
2026-10-03 06:08:56,578 - INFO - Processed 100000 / 109340 tasks. Total records extracted: 363309
2026-10-03 06:09:15,509 - INFO - Processed 101000 / 109340 tasks. Total records extracted: 367387
2026-10-03 06:09:34,716 - INFO - Processed 102000 / 109340 tasks. Total records extracted: 372572
2026-10-03 06:09:54,698 - INFO - Processed 103000 / 109340 tasks. Total records extracted: 381463
2026-10-03 06:10:14,253 - INFO - Processed 104000 / 109340 tasks. Total records extracted: 389274
2026-10-03 06:10:33,738 - INFO - Processed 105000 / 109340 tasks. Total records extracted: 395398
2026-10-03 06:10:52,754 - INFO - Processed 106000 / 109340 tasks. Total records extracted: 398314
2026-10-03 06:11:11,564 - INFO - Processed 107000 / 109340 tasks. Total records extracted: 401463
2026-10-03 06:11:31,184 - INFO - Processed 108000 / 109340 tasks. Total records extracted: 405524
2026-10-03 06:11:49,966 - INFO - Processed 109000 / 109340 tasks. Total records extracted: 409515
2026-10-03 06:11:56,485 - INFO - Processed 109340 / 109340 tasks. Total records extracted: 410447
2026-10-03 06:11:56,485 - INFO - Collection complete. Safely extracted 410447 total records to blood_data_20261003_053649.ndjson.gz.
2026-10-04 06:12:30,771 - INFO - Loaded master data from cache.
2026-10-04 06:12:30,796 - INFO - Generated 109340 API call parameters. Starting async fetch...
2026-10-04 06:12:50,513 - INFO - Processed 1000 / 109340 tasks. Total records extracted: 3406
2026-10-04 06:13:09,778 - INFO - Processed 2000 / 109340 tasks. Total records extracted: 12510
2026-10-04 06:13:29,349 - INFO - Processed 3000 / 109340 tasks. Total records extracted: 21586
2026-10-04 06:13:48,951 - INFO - Processed 4000 / 109340 tasks. Total records extracted: 33304
2026-10-04 06:14:08,115 - INFO - Processed 5000 / 109340 tasks. Total records extracted: 36805
2026-10-04 06:14:27,152 - INFO - Processed 6000 / 109340 tasks. Total records extracted: 37268
2026-10-04 06:14:46,299 - INFO - Processed 7000 / 109340 tasks. Total records extracted: 37820
2026-10-04 06:15:05,640 - INFO - Processed 8000 / 109340 tasks. Total records extracted: 38193
2026-10-04 06:15:25,313 - INFO - Processed 9000 / 109340 tasks. Total records extracted: 39440
2026-10-04 06:15:44,741 - INFO - Processed 10000 / 109340 tasks. Total records extracted: 40868
2026-10-04 06:16:04,105 - INFO - Processed 11000 / 109340 tasks. Total records extracted: 43742
2026-10-04 06:16:23,218 - INFO - Processed 12000 / 109340 tasks. Total records extracted: 44875
2026-10-04 06:16:42,502 - INFO - Processed 13000 / 109340 tasks. Total records extracted: 45760
2026-10-04 06:17:01,641 - INFO - Processed 14000 / 109340 tasks. Total records extracted: 47290
2026-10-04 06:17:20,927 - INFO - Processed 15000 / 109340 tasks. Total records extracted: 49116
2026-10-04 06:17:40,012 - INFO - Processed 16000 / 109340 tasks. Total records extracted: 50347
2026-10-04 06:17:59,510 - INFO - Processed 17000 / 109340 tasks. Total records extracted: 55864
2026-10-04 06:18:18,542 - INFO - Processed 18000 / 109340 tasks. Total records extracted: 57406
2026-10-04 06:18:37,727 - INFO - Processed 19000 / 109340 tasks. Total records extracted: 59056
2026-10-04 06:18:57,136 - INFO - Processed 20000 / 109340 tasks. Total records extracted: 61130
2026-10-04 06:19:16,446 - INFO - Processed 21000 / 109340 tasks. Total records extracted: 63559
2026-10-04 06:19:35,482 - INFO - Processed 22000 / 109340 tasks. Total records extracted: 65595
2026-10-04 06:19:55,016 - INFO - Processed 23000 / 109340 tasks. Total records extracted: 70640
2026-10-04 06:20:13,906 - INFO - Processed 24000 / 109340 tasks. Total records extracted: 73564
2026-10-04 06:20:33,145 - INFO - Processed 25000 / 109340 tasks. Total records extracted: 78532
2026-10-04 06:20:52,651 - INFO - Processed 26000 / 109340 tasks. Total records extracted: 84723
2026-10-04 06:21:11,621 - INFO - Processed 27000 / 109340 tasks. Total records extracted: 86836
2026-10-04 06:21:30,672 - INFO - Processed 28000 / 109340 tasks. Total records extracted: 90088
2026-10-04 06:21:49,639 - INFO - Processed 29000 / 109340 tasks. Total records extracted: 92674
2026-10-04 06:22:08,645 - INFO - Processed 30000 / 109340 tasks. Total records extracted: 97970
2026-10-04 06:22:27,538 - INFO - Processed 31000 / 109340 tasks. Total records extracted: 103636
2026-10-04 06:22:46,507 - INFO - Processed 32000 / 109340 tasks. Total records extracted: 107307
2026-10-04 06:23:05,488 - INFO - Processed 33000 / 109340 tasks. Total records extracted: 111150
2026-10-04 06:23:25,607 - INFO - Processed 34000 / 109340 tasks. Total records extracted: 112819
2026-10-04 06:23:44,996 - INFO - Processed 35000 / 109340 tasks. Total records extracted: 113765
2026-10-04 06:24:04,287 - INFO - Processed 36000 / 109340 tasks. Total records extracted: 114697
2026-10-04 06:24:22,980 - INFO - Processed 37000 / 109340 tasks. Total records extracted: 114961
2026-10-04 06:24:41,765 - INFO - Processed 38000 / 109340 tasks. Total records extracted: 116663
2026-10-04 06:25:00,918 - INFO - Processed 39000 / 109340 tasks. Total records extracted: 118201
2026-10-04 06:25:19,631 - INFO - Processed 40000 / 109340 tasks. Total records extracted: 119205
2026-10-04 06:25:38,501 - INFO - Processed 41000 / 109340 tasks. Total records extracted: 122791
2026-10-04 06:25:58,873 - INFO - Processed 42000 / 109340 tasks. Total records extracted: 135325
2026-10-04 06:26:17,583 - INFO - Processed 43000 / 109340 tasks. Total records extracted: 140720
2026-10-04 06:26:36,480 - INFO - Processed 44000 / 109340 tasks. Total records extracted: 143900
2026-10-04 06:26:55,344 - INFO - Processed 45000 / 109340 tasks. Total records extracted: 148473
2026-10-04 06:27:14,576 - INFO - Processed 46000 / 109340 tasks. Total records extracted: 154939
2026-10-04 06:27:33,765 - INFO - Processed 47000 / 109340 tasks. Total records extracted: 164947
2026-10-04 06:27:52,962 - INFO - Processed 48000 / 109340 tasks. Total records extracted: 168153
2026-10-04 06:28:12,928 - INFO - Processed 49000 / 109340 tasks. Total records extracted: 172050
2026-10-04 06:28:32,005 - INFO - Processed 50000 / 109340 tasks. Total records extracted: 173894
2026-10-04 06:28:51,196 - INFO - Processed 51000 / 109340 tasks. Total records extracted: 178345
2026-10-04 06:29:10,399 - INFO - Processed 52000 / 109340 tasks. Total records extracted: 179141
2026-10-04 06:29:29,432 - INFO - Processed 53000 / 109340 tasks. Total records extracted: 180107
2026-10-04 06:29:48,566 - INFO - Processed 54000 / 109340 tasks. Total records extracted: 182120
2026-10-04 06:30:07,553 - INFO - Processed 55000 / 109340 tasks. Total records extracted: 182976
2026-10-04 06:30:26,827 - INFO - Processed 56000 / 109340 tasks. Total records extracted: 188120
2026-10-04 06:30:45,713 - INFO - Processed 57000 / 109340 tasks. Total records extracted: 191336
2026-10-04 06:31:05,695 - INFO - Processed 58000 / 109340 tasks. Total records extracted: 200317
2026-10-04 06:31:25,752 - INFO - Processed 59000 / 109340 tasks. Total records extracted: 208495
2026-10-04 06:31:46,339 - INFO - Processed 60000 / 109340 tasks. Total records extracted: 219153
2026-10-04 06:32:05,959 - INFO - Processed 61000 / 109340 tasks. Total records extracted: 221849
2026-10-04 06:32:25,354 - INFO - Processed 62000 / 109340 tasks. Total records extracted: 222079
2026-10-04 06:32:44,695 - INFO - Processed 63000 / 109340 tasks. Total records extracted: 222349
2026-10-04 06:33:04,262 - INFO - Processed 64000 / 109340 tasks. Total records extracted: 222992
2026-10-04 06:33:23,620 - INFO - Processed 65000 / 109340 tasks. Total records extracted: 223559
2026-10-04 06:33:42,823 - INFO - Processed 66000 / 109340 tasks. Total records extracted: 223859
2026-10-04 06:34:01,920 - INFO - Processed 67000 / 109340 tasks. Total records extracted: 224149
2026-10-04 06:34:21,202 - INFO - Processed 68000 / 109340 tasks. Total records extracted: 224149
2026-10-04 06:34:41,461 - INFO - Processed 69000 / 109340 tasks. Total records extracted: 225383
2026-10-04 06:35:00,696 - INFO - Processed 70000 / 109340 tasks. Total records extracted: 226289
2026-10-04 06:35:19,871 - INFO - Processed 71000 / 109340 tasks. Total records extracted: 228742
2026-10-04 06:35:39,129 - INFO - Processed 72000 / 109340 tasks. Total records extracted: 229821
2026-10-04 06:35:58,658 - INFO - Processed 73000 / 109340 tasks. Total records extracted: 233046
2026-10-04 06:36:18,094 - INFO - Processed 74000 / 109340 tasks. Total records extracted: 237129
2026-10-04 06:36:37,999 - INFO - Processed 75000 / 109340 tasks. Total records extracted: 243512
2026-10-04 06:36:57,241 - INFO - Processed 76000 / 109340 tasks. Total records extracted: 247548
2026-10-04 06:37:16,580 - INFO - Processed 77000 / 109340 tasks. Total records extracted: 251007
2026-10-04 06:37:35,779 - INFO - Processed 78000 / 109340 tasks. Total records extracted: 254725
2026-10-04 06:37:55,875 - INFO - Processed 79000 / 109340 tasks. Total records extracted: 259942
2026-10-04 06:38:16,018 - INFO - Processed 80000 / 109340 tasks. Total records extracted: 268734
2026-10-04 06:38:35,317 - INFO - Processed 81000 / 109340 tasks. Total records extracted: 272425
2026-10-04 06:38:54,472 - INFO - Processed 82000 / 109340 tasks. Total records extracted: 276012
2026-10-04 06:39:13,432 - INFO - Processed 83000 / 109340 tasks. Total records extracted: 277137
2026-10-04 06:39:34,308 - INFO - Processed 84000 / 109340 tasks. Total records extracted: 288077
2026-10-04 06:39:53,777 - INFO - Processed 85000 / 109340 tasks. Total records extracted: 293452
2026-10-04 06:40:13,002 - INFO - Processed 86000 / 109340 tasks. Total records extracted: 297097
2026-10-04 06:40:32,307 - INFO - Processed 87000 / 109340 tasks. Total records extracted: 301998
2026-10-04 06:40:51,384 - INFO - Processed 88000 / 109340 tasks. Total records extracted: 306719
2026-10-04 06:41:11,889 - INFO - Processed 89000 / 109340 tasks. Total records extracted: 316046
2026-10-04 06:41:31,126 - INFO - Processed 90000 / 109340 tasks. Total records extracted: 319734
2026-10-04 06:41:50,641 - INFO - Processed 91000 / 109340 tasks. Total records extracted: 324612
2026-10-04 06:42:10,274 - INFO - Processed 92000 / 109340 tasks. Total records extracted: 331107
2026-10-04 06:42:30,218 - INFO - Processed 93000 / 109340 tasks. Total records extracted: 333548
2026-10-04 06:42:49,625 - INFO - Processed 94000 / 109340 tasks. Total records extracted: 334716
2026-10-04 06:43:08,780 - INFO - Processed 95000 / 109340 tasks. Total records extracted: 338667
2026-10-04 06:43:28,398 - INFO - Processed 96000 / 109340 tasks. Total records extracted: 344506
2026-10-04 06:43:47,810 - INFO - Processed 97000 / 109340 tasks. Total records extracted: 347426
2026-10-04 06:44:07,476 - INFO - Processed 98000 / 109340 tasks. Total records extracted: 351716
2026-10-04 06:44:26,763 - INFO - Processed 99000 / 109340 tasks. Total records extracted: 356041
2026-10-04 06:44:46,927 - INFO - Processed 100000 / 109340 tasks. Total records extracted: 363368
2026-10-04 06:45:06,552 - INFO - Processed 101000 / 109340 tasks. Total records extracted: 367516
2026-10-04 06:45:26,128 - INFO - Processed 102000 / 109340 tasks. Total records extracted: 372701
2026-10-04 06:46:09,546 - INFO - Processed 103000 / 109340 tasks. Total records extracted: 381592
2026-10-04 06:46:29,267 - INFO - Processed 104000 / 109340 tasks. Total records extracted: 389403
2026-10-04 06:46:48,569 - INFO - Processed 105000 / 109340 tasks. Total records extracted: 395527
2026-10-04 06:47:07,734 - INFO - Processed 106000 / 109340 tasks. Total records extracted: 398443
2026-10-04 06:47:27,041 - INFO - Processed 107000 / 109340 tasks. Total records extracted: 401592
2026-10-04 06:47:46,872 - INFO - Processed 108000 / 109340 tasks. Total records extracted: 405653
2026-10-04 06:48:06,253 - INFO - Processed 109000 / 109340 tasks. Total records extracted: 409644
2026-10-04 06:48:12,911 - INFO - Processed 109340 / 109340 tasks. Total records extracted: 410576
2026-10-04 06:48:12,912 - INFO - Collection complete. Safely extracted 410576 total records to blood_data_20261004_061230.ndjson.gz.
